,Epoch,Iteration,Accuracy,Top3
0,0,0.0,1.0,1.0
0,0,0.125,2.0,1.0
0,0,0.25,500.0,1.0
0,0,0.375,0.0,0.0
0,0,0.5,500.0,1.0
0,0,0.625,0.0,1.0
0,0,0.75,7.0,1.0
0,0,0.875,0.0,0.0
0,0,1.0,0.0,0.0
0,0,1.125,10.0,1.0
0,0,1.25,0.0,0.0
0,0,1.375,12.0,1.0
0,0,1.5,487.0,1.0
0,0,1.625,0.0,1.0
0,0,1.75,0.0,0.0
0,0,1.875,0.0,1.0
0,0,2.0,0.0,1.0
0,0,2.125,0.0,0.0
0,0,2.25,0.0,0.0
0,0,2.375,20.0,1.0
0,0,2.5,0.0,1.0
0,0,2.625,0.0,0.0
0,0,2.75,0.0,0.0
0,0,2.875,0.0,0.0
0,0,3.0,0.0,0.0
0,0,3.125,0.0,0.0
0,0,3.25,0.0,0.0
0,0,3.375,0.0,0.0
0,0,3.5,0.0,0.0
0,0,3.625,0.0,0.0
0,0,3.75,469.0,1.0
0,0,3.875,0.0,0.0
0,0,4.0,0.0,0.0
0,0,4.125,0.0,0.0
0,0,4.25,0.0,0.0
0,0,4.375,36.0,1.0
0,0,4.5,0.0,0.0
0,0,4.625,0.0,0.0
0,0,4.75,0.0,0.0
0,0,4.875,0.0,0.0
0,0,5.0,0.0,0.0
0,0,5.125,0.0,1.0
0,0,5.25,0.0,0.0
0,0,5.375,0.0,0.0
0,0,5.5,45.0,1.0
0,0,5.625,454.0,1.0
0,0,5.75,0.0,0.0
0,0,5.875,0.0,0.0
0,0,6.0,0.0,0.0
0,0,6.125,0.0,0.0
0,0,6.25,0.0,0.0
0,0,6.375,52.0,1.0
0,0,6.5,0.0,0.0
0,0,6.625,54.0,1.0
0,0,6.75,0.0,0.0
0,0,6.875,56.0,1.0
0,0,7.0,57.0,1.0
0,0,7.125,442.0,1.0
0,0,7.25,0.0,0.0
0,0,7.375,0.0,0.0
0,0,7.5,61.0,1.0
0,0,7.625,0.0,0.0
0,0,7.75,0.0,0.0
0,0,7.875,0.0,0.0
0,0,8.0,435.0,1.0
0,0,8.125,0.0,0.0
0,0,8.25,433.0,1.0
0,0,8.375,432.0,1.0
0,0,8.5,0.0,0.0
0,0,8.625,0.0,1.0
0,0,8.75,0.0,0.0
0,0,8.875,0.0,0.0
0,0,9.0,427.0,1.0
0,0,9.125,0.0,0.0
0,0,9.25,75.0,1.0
0,0,9.375,0.0,0.0
0,0,9.5,0.0,0.0
0,0,9.625,0.0,0.0
0,0,9.75,0.0,1.0
0,0,9.875,0.0,1.0
0,0,10.0,81.0,1.0
0,0,10.125,0.0,1.0
0,0,10.25,83.0,1.0
0,0,10.375,0.0,0.0
0,0,10.5,0.0,0.0
0,0,10.625,0.0,1.0
0,0,10.75,0.0,0.0
0,0,10.875,0.0,0.0
0,0,11.0,0.0,1.0
0,0,11.125,0.0,0.0
0,0,11.25,409.0,1.0
0,0,11.375,408.0,1.0
0,0,11.5,0.0,1.0
0,0,11.625,0.0,1.0
0,0,11.75,0.0,0.0
0,0,11.875,500.0,1.0
0,0,12.0,0.0,0.0
0,0,12.125,98.0,1.0
0,0,12.25,99.0,1.0
0,0,12.375,0.0,0.0
0,0,12.5,0.0,0.0
0,0,12.625,0.0,0.0
0,0,12.75,0.0,0.0
0,0,12.875,0.0,0.0
0,0,13.0,0.0,0.0
0,0,13.125,106.0,1.0
0,0,13.25,107.0,1.0
0,0,13.375,0.0,0.0
0,0,13.5,0.0,0.0
0,0,13.625,0.0,0.0
0,0,13.75,111.0,1.0
0,0,13.875,0.0,0.0
0,0,14.0,0.0,0.0
0,0,14.125,0.0,0.0
0,0,14.25,0.0,0.0
0,0,14.375,0.0,0.0
0,0,14.5,0.0,0.0
0,0,14.625,0.0,0.0
0,0,14.75,381.0,1.0
0,0,14.875,0.0,0.0
0,0,15.0,379.0,1.0
0,0,15.125,0.0,0.0
0,0,15.25,0.0,0.0
0,0,15.375,0.0,0.0
0,0,15.5,500.0,1.0
0,0,15.625,0.0,0.0
0,0,15.75,0.0,1.0
0,0,15.875,0.0,0.0
0,0,16.0,0.0,0.0
0,0,16.125,130.0,1.0
0,0,16.25,500.0,1.0
0,0,16.375,132.0,1.0
0,0,16.5,0.0,0.0
0,0,16.625,134.0,1.0
0,0,16.75,135.0,1.0
0,0,16.875,136.0,1.0
0,0,17.0,137.0,1.0
0,0,17.125,0.0,0.0
0,0,17.25,0.0,0.0
0,0,17.375,140.0,1.0
0,0,17.5,0.0,0.0
0,0,17.625,358.0,1.0
0,0,17.75,0.0,0.0
0,0,17.875,0.0,0.0
0,0,18.0,0.0,0.0
0,0,18.125,0.0,0.0
0,0,18.25,0.0,0.0
0,0,18.375,0.0,1.0
0,0,18.5,0.0,0.0
0,0,18.625,0.0,0.0
0,0,18.75,0.0,0.0
0,0,18.875,348.0,1.0
0,0,19.0,0.0,0.0
0,0,19.125,0.0,0.0
0,0,19.25,0.0,0.0
0,0,19.375,0.0,0.0
0,0,19.5,0.0,0.0
0,0,19.625,342.0,1.0
0,0,19.75,0.0,1.0
0,0,19.875,0.0,0.0
0,0,20.0,0.0,0.0
0,0,20.125,0.0,0.0
0,0,20.25,0.0,0.0
0,0,20.375,0.0,0.0
0,0,20.5,165.0,1.0
0,0,20.625,334.0,1.0
0,0,20.75,0.0,0.0
0,0,20.875,0.0,0.0
0,0,21.0,0.0,1.0
0,0,21.125,0.0,0.0
0,0,21.25,0.0,0.0
0,0,21.375,328.0,1.0
0,0,21.5,0.0,0.0
0,0,21.625,0.0,0.0
0,0,21.75,0.0,0.0
0,0,21.875,0.0,0.0
0,0,22.0,0.0,0.0
0,0,22.125,0.0,0.0
0,0,22.25,0.0,0.0
0,0,22.375,0.0,0.0
0,0,22.5,0.0,0.0
0,0,22.625,0.0,0.0
0,0,22.75,0.0,0.0
0,0,22.875,316.0,1.0
0,0,23.0,0.0,0.0
0,0,23.125,0.0,0.0
0,0,23.25,500.0,1.0
0,0,23.375,0.0,0.0
0,0,23.5,0.0,1.0
0,0,23.625,500.0,1.0
0,0,23.75,0.0,0.0
0,0,23.875,0.0,1.0
0,0,24.0,500.0,1.0
0,0,24.125,500.0,1.0
0,0,24.25,0.0,0.0
0,0,24.375,0.0,1.0
0,0,24.5,0.0,0.0
0,0,24.625,0.0,0.0
0,0,24.75,500.0,1.0
0,0,24.875,0.0,0.0
0,0,25.0,0.0,0.0
0,0,25.125,0.0,1.0
0,0,25.25,0.0,0.0
0,0,25.375,0.0,1.0
0,0,25.5,500.0,1.0
0,0,25.625,0.0,0.0
0,0,25.75,0.0,1.0
0,0,25.875,0.0,0.0
0,0,26.0,0.0,0.0
0,0,26.125,0.0,0.0
0,0,26.25,500.0,1.0
0,0,26.375,0.0,0.0
0,0,26.5,0.0,1.0
0,0,26.625,0.0,1.0
0,0,26.75,0.0,0.0
0,0,26.875,0.0,0.0
0,0,27.0,0.0,0.0
0,0,27.125,0.0,0.0
0,0,27.25,0.0,0.0
0,0,27.375,0.0,1.0
0,0,27.5,500.0,1.0
0,0,27.625,0.0,0.0
0,0,27.75,500.0,1.0
0,0,27.875,0.0,0.0
0,0,28.0,0.0,0.0
0,0,28.125,0.0,0.0
0,0,28.25,500.0,1.0
0,0,28.375,0.0,0.0
0,0,28.5,0.0,0.0
0,0,28.625,0.0,0.0
0,0,28.75,0.0,0.0
0,0,28.875,0.0,0.0
0,0,29.0,0.0,1.0
0,0,29.125,500.0,1.0
0,0,29.25,0.0,0.0
0,0,29.375,0.0,0.0
0,0,29.5,0.0,0.0
0,0,29.625,500.0,1.0
0,0,29.75,0.0,1.0
0,0,29.875,500.0,1.0
0,0,30.0,0.0,0.0
0,0,30.125,0.0,0.0
0,0,30.25,0.0,0.0
0,0,30.375,0.0,0.0
0,0,30.5,500.0,1.0
0,0,30.625,0.0,0.0
0,0,30.75,0.0,0.0
0,0,30.875,500.0,1.0
0,0,31.0,500.0,1.0
0,0,31.125,500.0,1.0
0,0,31.25,0.0,0.0
0,0,31.375,0.0,0.0
0,0,31.5,0.0,0.0
0,0,31.625,0.0,1.0
0,0,31.75,500.0,1.0
0,0,31.875,0.0,1.0
0,0,32.0,0.0,1.0
0,0,32.125,0.0,1.0
0,0,32.25,0.0,0.0
0,0,32.375,0.0,0.0
0,0,32.5,500.0,1.0
0,0,32.625,0.0,0.0
0,0,32.75,0.0,0.0
0,0,32.875,0.0,0.0
0,0,33.0,0.0,1.0
0,0,33.125,0.0,0.0
0,0,33.25,0.0,0.0
0,0,33.375,0.0,0.0
0,0,33.5,0.0,0.0
0,0,33.625,0.0,0.0
0,0,33.75,0.0,1.0
0,0,33.875,0.0,0.0
0,0,34.0,0.0,0.0
0,0,34.125,0.0,0.0
0,0,34.25,0.0,0.0
0,0,34.375,0.0,0.0
0,0,34.5,0.0,0.0
0,0,34.625,0.0,0.0
0,0,34.75,0.0,0.0
0,0,34.875,500.0,1.0
0,0,35.0,0.0,1.0
0,0,35.125,0.0,1.0
0,0,35.25,0.0,0.0
0,0,35.375,0.0,1.0
0,0,35.5,0.0,1.0
0,0,35.625,500.0,1.0
0,0,35.75,0.0,1.0
0,0,35.875,0.0,1.0
0,0,36.0,0.0,0.0
0,0,36.125,0.0,0.0
0,0,36.25,0.0,0.0
0,0,36.375,0.0,0.0
0,0,36.5,0.0,0.0
0,0,36.625,0.0,0.0
0,0,36.75,0.0,0.0
0,0,36.875,0.0,0.0
0,0,37.0,0.0,0.0
0,0,37.125,0.0,0.0
0,0,37.25,0.0,0.0
0,0,37.375,0.0,0.0
0,0,37.5,0.0,0.0
0,0,37.625,0.0,0.0
0,0,37.75,0.0,0.0
0,0,37.875,0.0,0.0
0,0,38.0,0.0,0.0
0,0,38.125,0.0,0.0
0,0,38.25,0.0,1.0
0,0,38.375,0.0,0.0
0,0,38.5,0.0,0.0
0,0,38.625,0.0,0.0
0,0,38.75,0.0,1.0
0,0,38.875,500.0,1.0
0,0,39.0,0.0,0.0
0,0,39.125,500.0,1.0
0,0,39.25,0.0,1.0
0,0,39.375,0.0,0.0
0,0,39.5,0.0,0.0
0,0,39.625,0.0,0.0
0,0,39.75,0.0,0.0
0,0,39.875,0.0,0.0
0,0,40.0,0.0,0.0
0,0,40.125,0.0,0.0
0,0,40.25,500.0,1.0
0,0,40.375,0.0,1.0
0,0,40.5,0.0,0.0
0,0,40.625,0.0,0.0
0,0,40.75,0.0,1.0
0,0,40.875,0.0,0.0
0,0,41.0,500.0,1.0
0,0,41.125,0.0,0.0
0,0,41.25,0.0,0.0
0,0,41.375,0.0,1.0
0,0,41.5,0.0,0.0
0,0,41.625,0.0,1.0
0,0,41.75,0.0,1.0
0,0,41.875,0.0,1.0
0,0,42.0,0.0,0.0
0,0,42.125,0.0,0.0
0,0,42.25,0.0,0.0
0,0,42.375,0.0,0.0
0,0,42.5,0.0,0.0
0,0,42.625,500.0,1.0
0,0,42.75,0.0,1.0
0,0,42.875,0.0,0.0
0,0,43.0,0.0,0.0
0,0,43.125,0.0,0.0
0,0,43.25,0.0,0.0
0,0,43.375,500.0,1.0
0,0,43.5,0.0,0.0
0,0,43.625,0.0,0.0
0,0,43.75,0.0,0.0
0,0,43.875,0.0,0.0
0,0,44.0,0.0,1.0
0,0,44.125,0.0,1.0
0,0,44.25,0.0,0.0
0,0,44.375,0.0,1.0
0,0,44.5,0.0,0.0
0,0,44.625,0.0,0.0
0,0,44.75,0.0,0.0
0,0,44.875,0.0,1.0
0,0,45.0,0.0,0.0
0,0,45.125,0.0,0.0
0,0,45.25,0.0,0.0
0,0,45.375,0.0,0.0
0,0,45.5,0.0,0.0
0,0,45.625,0.0,1.0
0,0,45.75,0.0,1.0
0,0,45.875,0.0,0.0
0,0,46.0,0.0,0.0
0,0,46.125,0.0,0.0
0,0,46.25,0.0,0.0
0,0,46.375,500.0,1.0
0,0,46.5,0.0,0.0
0,0,46.625,0.0,0.0
0,0,46.75,0.0,0.0
0,0,46.875,500.0,1.0
0,0,47.0,0.0,1.0
0,0,47.125,0.0,0.0
0,0,47.25,500.0,1.0
0,0,47.375,0.0,0.0
0,0,47.5,500.0,1.0
0,0,47.625,0.0,0.0
0,0,47.75,0.0,0.0
0,0,47.875,0.0,0.0
0,0,48.0,0.0,1.0
0,0,48.125,0.0,0.0
0,0,48.25,500.0,1.0
0,0,48.375,0.0,0.0
0,0,48.5,0.0,0.0
0,0,48.625,500.0,1.0
0,0,48.75,0.0,0.0
0,0,48.875,0.0,0.0
0,0,49.0,0.0,0.0
0,0,49.125,0.0,1.0
0,0,49.25,0.0,0.0
0,0,49.375,500.0,1.0
0,0,49.5,0.0,0.0
0,0,49.625,0.0,0.0
0,0,49.75,0.0,0.0
0,0,49.875,0.0,0.0
0,0,50.0,0.0,0.0
0,0,50.125,500.0,1.0
0,0,50.25,0.0,0.0
0,0,50.375,0.0,0.0
0,0,50.5,500.0,1.0
0,0,50.625,0.0,0.0
0,0,50.75,0.0,0.0
0,0,50.875,0.0,1.0
0,0,51.0,0.0,1.0
0,0,51.125,0.0,0.0
0,0,51.25,0.0,0.0
0,0,51.375,500.0,1.0
0,0,51.5,0.0,0.0
0,0,51.625,0.0,0.0
0,0,51.75,0.0,0.0
0,0,51.875,0.0,0.0
0,0,52.0,0.0,1.0
0,0,52.125,500.0,1.0
0,0,52.25,0.0,0.0
0,0,52.375,0.0,1.0
0,0,52.5,0.0,0.0
0,0,52.625,0.0,0.0
0,0,52.75,500.0,1.0
0,0,52.875,0.0,0.0
0,0,53.0,0.0,0.0
0,0,53.125,0.0,0.0
0,0,53.25,0.0,0.0
0,0,53.375,0.0,0.0
0,0,53.5,0.0,0.0
0,0,53.625,0.0,0.0
0,0,53.75,0.0,1.0
0,0,53.875,500.0,1.0
0,0,54.0,0.0,0.0
0,0,54.125,0.0,0.0
0,0,54.25,0.0,0.0
0,0,54.375,0.0,0.0
0,0,54.5,500.0,1.0
0,0,54.625,0.0,0.0
0,0,54.75,0.0,1.0
0,0,54.875,0.0,0.0
0,0,55.0,0.0,0.0
0,0,55.125,0.0,1.0
0,0,55.25,0.0,0.0
0,0,55.375,0.0,0.0
0,0,55.5,0.0,0.0
0,0,55.625,0.0,0.0
0,0,55.75,0.0,0.0
0,0,55.875,0.0,1.0
0,0,56.0,0.0,1.0
0,0,56.125,0.0,0.0
0,0,56.25,0.0,0.0
0,0,56.375,0.0,0.0
0,0,56.5,0.0,0.0
0,0,56.625,0.0,0.0
0,0,56.75,0.0,1.0
0,0,56.875,0.0,0.0
0,0,57.0,0.0,1.0
0,0,57.125,0.0,0.0
0,0,57.25,0.0,0.0
0,0,57.375,0.0,0.0
0,0,57.5,0.0,0.0
0,0,57.625,0.0,0.0
0,0,57.75,0.0,0.0
0,0,57.875,0.0,1.0
0,0,58.0,0.0,1.0
0,0,58.125,500.0,1.0
0,0,58.25,0.0,0.0
0,0,58.375,0.0,0.0
0,0,58.5,0.0,0.0
0,0,58.625,0.0,0.0
0,0,58.75,0.0,0.0
0,0,58.875,0.0,0.0
0,0,59.0,0.0,0.0
0,0,59.125,0.0,0.0
0,0,59.25,0.0,0.0
0,0,59.375,500.0,1.0
0,0,59.5,0.0,0.0
0,0,59.625,0.0,0.0
0,0,59.75,0.0,0.0
0,0,59.875,0.0,0.0
0,0,60.0,0.0,0.0
0,0,60.125,0.0,0.0
0,0,60.25,0.0,0.0
0,0,60.375,0.0,0.0
0,0,60.5,0.0,0.0
0,0,60.625,0.0,1.0
0,0,60.75,0.0,0.0
0,0,60.875,0.0,1.0
0,0,61.0,0.0,1.0
0,0,61.125,0.0,1.0
0,0,61.25,0.0,0.0
0,0,61.375,0.0,1.0
0,0,61.5,0.0,1.0
0,0,61.625,0.0,0.0
0,0,61.75,0.0,1.0
0,0,61.875,0.0,0.0
0,0,62.0,0.0,0.0
0,0,62.125,0.0,0.0
0,0,62.25,0.0,1.0
0,0,62.375,0.0,0.0
0,1,0.0,0.0,0.0
0,1,0.125,0.0,0.0
0,1,0.25,500.0,1.0
0,1,0.375,0.0,0.0
0,1,0.5,0.0,1.0
0,1,0.625,0.0,1.0
0,1,0.75,0.0,0.0
0,1,0.875,0.0,0.0
0,1,1.0,0.0,0.0
0,1,1.125,0.0,1.0
0,1,1.25,500.0,1.0
0,1,1.375,0.0,1.0
0,1,1.5,0.0,0.0
0,1,1.625,0.0,0.0
0,1,1.75,0.0,0.0
0,1,1.875,0.0,1.0
0,1,2.0,0.0,0.0
0,1,2.125,0.0,0.0
0,1,2.25,0.0,0.0
0,1,2.375,500.0,1.0
0,1,2.5,0.0,1.0
0,1,2.625,0.0,0.0
0,1,2.75,0.0,0.0
0,1,2.875,0.0,0.0
0,1,3.0,0.0,0.0
0,1,3.125,0.0,1.0
0,1,3.25,0.0,0.0
0,1,3.375,0.0,1.0
0,1,3.5,0.0,0.0
0,1,3.625,0.0,0.0
0,1,3.75,500.0,1.0
0,1,3.875,0.0,1.0
0,1,4.0,0.0,1.0
0,1,4.125,0.0,0.0
0,1,4.25,0.0,0.0
0,1,4.375,0.0,1.0
0,1,4.5,0.0,1.0
0,1,4.625,0.0,0.0
0,1,4.75,0.0,1.0
0,1,4.875,0.0,0.0
0,1,5.0,0.0,0.0
0,1,5.125,0.0,0.0
0,1,5.25,0.0,1.0
0,1,5.375,0.0,0.0
0,1,5.5,0.0,1.0
0,1,5.625,0.0,1.0
0,1,5.75,0.0,0.0
0,1,5.875,0.0,0.0
0,1,6.0,0.0,0.0
0,1,6.125,500.0,1.0
0,1,6.25,0.0,0.0
0,1,6.375,0.0,0.0
0,1,6.5,0.0,0.0
0,1,6.625,0.0,1.0
0,1,6.75,0.0,0.0
0,1,6.875,0.0,0.0
0,1,7.0,0.0,0.0
0,1,7.125,0.0,0.0
0,1,7.25,0.0,0.0
0,1,7.375,500.0,1.0
0,1,7.5,0.0,0.0
0,1,7.625,0.0,1.0
0,1,7.75,0.0,0.0
0,1,7.875,0.0,1.0
0,1,8.0,0.0,0.0
0,1,8.125,500.0,1.0
0,1,8.25,0.0,0.0
0,1,8.375,0.0,0.0
0,1,8.5,0.0,0.0
0,1,8.625,500.0,1.0
0,1,8.75,0.0,0.0
0,1,8.875,0.0,0.0
0,1,9.0,0.0,0.0
0,1,9.125,0.0,0.0
0,1,9.25,0.0,0.0
0,1,9.375,0.0,0.0
0,1,9.5,0.0,0.0
0,1,9.625,0.0,0.0
0,1,9.75,0.0,0.0
0,1,9.875,0.0,0.0
0,1,10.0,0.0,0.0
0,1,10.125,0.0,0.0
0,1,10.25,0.0,0.0
0,1,10.375,500.0,1.0
0,1,10.5,0.0,0.0
0,1,10.625,0.0,0.0
0,1,10.75,0.0,1.0
0,1,10.875,0.0,0.0
0,1,11.0,0.0,0.0
0,1,11.125,0.0,1.0
0,1,11.25,0.0,0.0
0,1,11.375,0.0,0.0
0,1,11.5,0.0,0.0
0,1,11.625,0.0,0.0
0,1,11.75,500.0,1.0
0,1,11.875,0.0,1.0
0,1,12.0,0.0,1.0
0,1,12.125,0.0,0.0
0,1,12.25,500.0,1.0
0,1,12.375,500.0,1.0
0,1,12.5,0.0,0.0
0,1,12.625,0.0,1.0
0,1,12.75,0.0,1.0
0,1,12.875,0.0,0.0
0,1,13.0,500.0,1.0
0,1,13.125,0.0,0.0
0,1,13.25,0.0,0.0
0,1,13.375,0.0,0.0
0,1,13.5,500.0,1.0
0,1,13.625,0.0,0.0
0,1,13.75,0.0,0.0
0,1,13.875,0.0,0.0
0,1,14.0,0.0,0.0
0,1,14.125,0.0,0.0
0,1,14.25,0.0,0.0
0,1,14.375,0.0,0.0
0,1,14.5,0.0,0.0
0,1,14.625,500.0,1.0
0,1,14.75,0.0,0.0
0,1,14.875,500.0,1.0
0,1,15.0,0.0,0.0
0,1,15.125,0.0,0.0
0,1,15.25,0.0,1.0
0,1,15.375,0.0,0.0
0,1,15.5,0.0,0.0
0,1,15.625,0.0,0.0
0,1,15.75,0.0,0.0
0,1,15.875,500.0,1.0
0,1,16.0,500.0,1.0
0,1,16.125,0.0,0.0
0,1,16.25,0.0,0.0
0,1,16.375,0.0,0.0
0,1,16.5,0.0,0.0
0,1,16.625,0.0,0.0
0,1,16.75,500.0,1.0
0,1,16.875,0.0,0.0
0,1,17.0,0.0,0.0
0,1,17.125,0.0,0.0
0,1,17.25,0.0,0.0
0,1,17.375,0.0,1.0
0,1,17.5,0.0,1.0
0,1,17.625,0.0,1.0
0,1,17.75,0.0,1.0
0,1,17.875,500.0,1.0
0,1,18.0,0.0,0.0
0,1,18.125,0.0,1.0
0,1,18.25,500.0,1.0
0,1,18.375,0.0,0.0
0,1,18.5,0.0,0.0
0,1,18.625,0.0,1.0
0,1,18.75,500.0,1.0
0,1,18.875,0.0,0.0
0,1,19.0,0.0,0.0
0,1,19.125,0.0,0.0
0,1,19.25,0.0,0.0
0,1,19.375,0.0,0.0
0,1,19.5,500.0,1.0
0,1,19.625,0.0,0.0
0,1,19.75,0.0,1.0
0,1,19.875,500.0,1.0
0,1,20.0,0.0,0.0
0,1,20.125,0.0,0.0
0,1,20.25,0.0,0.0
0,1,20.375,0.0,0.0
0,1,20.5,0.0,0.0
0,1,20.625,0.0,0.0
0,1,20.75,500.0,1.0
0,1,20.875,0.0,0.0
0,1,21.0,0.0,0.0
0,1,21.125,0.0,0.0
0,1,21.25,0.0,1.0
0,1,21.375,0.0,0.0
0,1,21.5,0.0,0.0
0,1,21.625,500.0,1.0
0,1,21.75,0.0,1.0
0,1,21.875,0.0,0.0
0,1,22.0,0.0,0.0
0,1,22.125,0.0,0.0
0,1,22.25,0.0,1.0
0,1,22.375,0.0,0.0
0,1,22.5,0.0,0.0
0,1,22.625,500.0,1.0
0,1,22.75,0.0,0.0
0,1,22.875,0.0,0.0
0,1,23.0,0.0,1.0
0,1,23.125,0.0,0.0
0,1,23.25,0.0,0.0
0,1,23.375,0.0,0.0
0,1,23.5,0.0,0.0
0,1,23.625,0.0,0.0
0,1,23.75,0.0,0.0
0,1,23.875,0.0,1.0
0,1,24.0,0.0,0.0
0,1,24.125,0.0,0.0
0,1,24.25,500.0,1.0
0,1,24.375,0.0,0.0
0,1,24.5,500.0,1.0
0,1,24.625,0.0,1.0
0,1,24.75,0.0,0.0
0,1,24.875,0.0,0.0
0,1,25.0,500.0,1.0
0,1,25.125,500.0,1.0
0,1,25.25,0.0,0.0
0,1,25.375,0.0,0.0
0,1,25.5,0.0,0.0
0,1,25.625,0.0,0.0
0,1,25.75,0.0,0.0
0,1,25.875,0.0,0.0
0,1,26.0,0.0,0.0
0,1,26.125,0.0,0.0
0,1,26.25,0.0,0.0
0,1,26.375,0.0,0.0
0,1,26.5,0.0,0.0
0,1,26.625,0.0,1.0
0,1,26.75,0.0,0.0
0,1,26.875,0.0,0.0
0,1,27.0,0.0,0.0
0,1,27.125,0.0,0.0
0,1,27.25,500.0,1.0
0,1,27.375,0.0,0.0
0,1,27.5,0.0,1.0
0,1,27.625,0.0,0.0
0,1,27.75,500.0,1.0
0,1,27.875,0.0,0.0
0,1,28.0,0.0,0.0
0,1,28.125,0.0,0.0
0,1,28.25,0.0,0.0
0,1,28.375,0.0,0.0
0,1,28.5,0.0,0.0
0,1,28.625,0.0,0.0
0,1,28.75,0.0,0.0
0,1,28.875,0.0,0.0
0,1,29.0,0.0,0.0
0,1,29.125,0.0,0.0
0,1,29.25,0.0,0.0
0,1,29.375,0.0,0.0
0,1,29.5,0.0,0.0
0,1,29.625,0.0,0.0
0,1,29.75,0.0,0.0
0,1,29.875,0.0,1.0
0,1,30.0,0.0,0.0
0,1,30.125,0.0,0.0
0,1,30.25,0.0,1.0
0,1,30.375,500.0,1.0
0,1,30.5,0.0,0.0
0,1,30.625,0.0,0.0
0,1,30.75,0.0,0.0
0,1,30.875,0.0,0.0
0,1,31.0,0.0,0.0
0,1,31.125,0.0,1.0
0,1,31.25,0.0,0.0
0,1,31.375,0.0,1.0
0,1,31.5,0.0,0.0
0,1,31.625,0.0,0.0
0,1,31.75,0.0,0.0
0,1,31.875,0.0,0.0
0,1,32.0,0.0,0.0
0,1,32.125,0.0,0.0
0,1,32.25,0.0,0.0
0,1,32.375,0.0,0.0
0,1,32.5,0.0,0.0
0,1,32.625,0.0,1.0
0,1,32.75,0.0,0.0
0,1,32.875,0.0,1.0
0,1,33.0,0.0,0.0
0,1,33.125,0.0,0.0
0,1,33.25,0.0,0.0
0,1,33.375,0.0,1.0
0,1,33.5,0.0,0.0
0,1,33.625,0.0,0.0
0,1,33.75,0.0,1.0
0,1,33.875,0.0,0.0
0,1,34.0,500.0,1.0
0,1,34.125,0.0,0.0
0,1,34.25,500.0,1.0
0,1,34.375,0.0,0.0
0,1,34.5,0.0,0.0
0,1,34.625,500.0,1.0
0,1,34.75,0.0,1.0
0,1,34.875,0.0,0.0
0,1,35.0,0.0,0.0
0,1,35.125,0.0,0.0
0,1,35.25,0.0,0.0
0,1,35.375,0.0,0.0
0,1,35.5,0.0,0.0
0,1,35.625,0.0,0.0
0,1,35.75,0.0,0.0
0,1,35.875,0.0,0.0
0,1,36.0,0.0,0.0
0,1,36.125,500.0,1.0
0,1,36.25,0.0,0.0
0,1,36.375,0.0,0.0
0,1,36.5,0.0,0.0
0,1,36.625,0.0,0.0
0,1,36.75,0.0,1.0
0,1,36.875,0.0,1.0
0,1,37.0,0.0,0.0
0,1,37.125,0.0,0.0
0,1,37.25,0.0,0.0
0,1,37.375,0.0,1.0
0,1,37.5,500.0,1.0
0,1,37.625,0.0,0.0
0,1,37.75,0.0,0.0
0,1,37.875,0.0,1.0
0,1,38.0,0.0,0.0
0,1,38.125,0.0,0.0
0,1,38.25,0.0,0.0
0,1,38.375,0.0,0.0
0,1,38.5,0.0,0.0
0,1,38.625,0.0,0.0
0,1,38.75,0.0,0.0
0,1,38.875,0.0,0.0
0,1,39.0,0.0,1.0
0,1,39.125,0.0,0.0
0,1,39.25,0.0,0.0
0,1,39.375,0.0,0.0
0,1,39.5,0.0,1.0
0,1,39.625,0.0,0.0
0,1,39.75,0.0,0.0
0,1,39.875,0.0,0.0
0,1,40.0,0.0,1.0
0,1,40.125,0.0,0.0
0,1,40.25,0.0,0.0
0,1,40.375,0.0,0.0
0,1,40.5,0.0,1.0
0,1,40.625,0.0,0.0
0,1,40.75,0.0,1.0
0,1,40.875,0.0,0.0
0,1,41.0,0.0,1.0
0,1,41.125,0.0,0.0
0,1,41.25,0.0,1.0
0,1,41.375,500.0,1.0
0,1,41.5,0.0,1.0
0,1,41.625,0.0,0.0
0,1,41.75,0.0,0.0
0,1,41.875,0.0,0.0
0,1,42.0,500.0,1.0
0,1,42.125,0.0,0.0
0,1,42.25,0.0,1.0
0,1,42.375,0.0,1.0
0,1,42.5,500.0,1.0
0,1,42.625,0.0,1.0
0,1,42.75,0.0,0.0
0,1,42.875,0.0,1.0
0,1,43.0,0.0,0.0
0,1,43.125,0.0,0.0
0,1,43.25,0.0,0.0
0,1,43.375,0.0,0.0
0,1,43.5,0.0,0.0
0,1,43.625,0.0,0.0
0,1,43.75,0.0,0.0
0,1,43.875,0.0,0.0
0,1,44.0,0.0,0.0
0,1,44.125,0.0,0.0
0,1,44.25,0.0,0.0
0,1,44.375,0.0,1.0
0,1,44.5,0.0,1.0
0,1,44.625,0.0,0.0
0,1,44.75,0.0,0.0
0,1,44.875,0.0,1.0
0,1,45.0,0.0,0.0
0,1,45.125,500.0,1.0
0,1,45.25,0.0,0.0
0,1,45.375,0.0,1.0
0,1,45.5,0.0,0.0
0,1,45.625,0.0,1.0
0,1,45.75,0.0,1.0
0,1,45.875,0.0,0.0
0,1,46.0,0.0,0.0
0,1,46.125,0.0,0.0
0,1,46.25,0.0,0.0
0,1,46.375,500.0,1.0
0,1,46.5,0.0,1.0
0,1,46.625,0.0,0.0
0,1,46.75,500.0,1.0
0,1,46.875,0.0,0.0
0,1,47.0,0.0,0.0
0,1,47.125,0.0,0.0
0,1,47.25,500.0,1.0
0,1,47.375,500.0,1.0
0,1,47.5,0.0,1.0
0,1,47.625,500.0,1.0
0,1,47.75,0.0,1.0
0,1,47.875,0.0,0.0
0,1,48.0,0.0,0.0
0,1,48.125,0.0,0.0
0,1,48.25,0.0,0.0
0,1,48.375,0.0,0.0
0,1,48.5,0.0,1.0
0,1,48.625,0.0,0.0
0,1,48.75,0.0,0.0
0,1,48.875,0.0,0.0
0,1,49.0,500.0,1.0
0,1,49.125,0.0,0.0
0,1,49.25,0.0,0.0
0,1,49.375,0.0,0.0
0,1,49.5,0.0,0.0
0,1,49.625,0.0,0.0
0,1,49.75,0.0,0.0
0,1,49.875,0.0,0.0
0,1,50.0,0.0,0.0
0,1,50.125,0.0,0.0
0,1,50.25,0.0,0.0
0,1,50.375,500.0,1.0
0,1,50.5,0.0,1.0
0,1,50.625,0.0,0.0
0,1,50.75,0.0,0.0
0,1,50.875,0.0,0.0
0,1,51.0,0.0,0.0
0,1,51.125,0.0,1.0
0,1,51.25,0.0,1.0
0,1,51.375,0.0,0.0
0,1,51.5,0.0,0.0
0,1,51.625,0.0,0.0
0,1,51.75,0.0,0.0
0,1,51.875,0.0,0.0
0,1,52.0,0.0,1.0
0,1,52.125,0.0,0.0
0,1,52.25,0.0,1.0
0,1,52.375,0.0,1.0
0,1,52.5,0.0,0.0
0,1,52.625,0.0,0.0
0,1,52.75,500.0,1.0
0,1,52.875,500.0,1.0
0,1,53.0,0.0,0.0
0,1,53.125,0.0,0.0
0,1,53.25,0.0,0.0
0,1,53.375,0.0,0.0
0,1,53.5,0.0,1.0
0,1,53.625,0.0,1.0
0,1,53.75,0.0,0.0
0,1,53.875,0.0,1.0
0,1,54.0,0.0,0.0
0,1,54.125,0.0,0.0
0,1,54.25,0.0,0.0
0,1,54.375,0.0,0.0
0,1,54.5,0.0,0.0
0,1,54.625,0.0,0.0
0,1,54.75,0.0,0.0
0,1,54.875,0.0,0.0
0,1,55.0,0.0,1.0
0,1,55.125,0.0,1.0
0,1,55.25,0.0,1.0
0,1,55.375,0.0,0.0
0,1,55.5,0.0,0.0
0,1,55.625,0.0,1.0
0,1,55.75,0.0,1.0
0,1,55.875,0.0,1.0
0,1,56.0,0.0,0.0
0,1,56.125,0.0,0.0
0,1,56.25,0.0,0.0
0,1,56.375,0.0,1.0
0,1,56.5,0.0,0.0
0,1,56.625,0.0,0.0
0,1,56.75,0.0,0.0
0,1,56.875,500.0,1.0
0,1,57.0,0.0,1.0
0,1,57.125,500.0,1.0
0,1,57.25,500.0,1.0
0,1,57.375,0.0,0.0
0,1,57.5,0.0,0.0
0,1,57.625,500.0,1.0
0,1,57.75,0.0,1.0
0,1,57.875,0.0,0.0
0,1,58.0,0.0,0.0
0,1,58.125,0.0,1.0
0,1,58.25,0.0,0.0
0,1,58.375,0.0,0.0
0,1,58.5,0.0,0.0
0,1,58.625,0.0,0.0
0,1,58.75,500.0,1.0
0,1,58.875,0.0,0.0
0,1,59.0,0.0,0.0
0,1,59.125,0.0,0.0
0,1,59.25,0.0,0.0
0,1,59.375,0.0,0.0
0,1,59.5,0.0,0.0
0,1,59.625,0.0,0.0
0,1,59.75,500.0,1.0
0,1,59.875,0.0,0.0
0,1,60.0,0.0,0.0
0,1,60.125,0.0,1.0
0,1,60.25,0.0,1.0
0,1,60.375,0.0,1.0
0,1,60.5,0.0,1.0
0,1,60.625,0.0,0.0
0,1,60.75,500.0,1.0
0,1,60.875,0.0,0.0
0,1,61.0,0.0,0.0
0,1,61.125,0.0,0.0
0,1,61.25,0.0,0.0
0,1,61.375,0.0,1.0
0,1,61.5,0.0,0.0
0,1,61.625,500.0,1.0
0,1,61.75,0.0,0.0
0,1,61.875,0.0,0.0
0,1,62.0,500.0,1.0
0,1,62.125,0.0,1.0
0,1,62.25,0.0,0.0
0,1,62.375,0.0,0.0
0,2,0.0,0.0,0.0
0,2,0.125,0.0,0.0
0,2,0.25,0.0,0.0
0,2,0.375,0.0,0.0
0,2,0.5,0.0,0.0
0,2,0.625,0.0,0.0
0,2,0.75,0.0,0.0
0,2,0.875,500.0,1.0
0,2,1.0,0.0,0.0
0,2,1.125,0.0,0.0
0,2,1.25,0.0,0.0
0,2,1.375,0.0,0.0
0,2,1.5,0.0,0.0
0,2,1.625,0.0,1.0
0,2,1.75,0.0,0.0
0,2,1.875,0.0,1.0
0,2,2.0,0.0,1.0
0,2,2.125,0.0,0.0
0,2,2.25,0.0,0.0
0,2,2.375,0.0,0.0
0,2,2.5,0.0,1.0
0,2,2.625,0.0,1.0
0,2,2.75,0.0,0.0
0,2,2.875,0.0,1.0
0,2,3.0,0.0,0.0
0,2,3.125,500.0,1.0
0,2,3.25,0.0,0.0
0,2,3.375,0.0,0.0
0,2,3.5,0.0,1.0
0,2,3.625,0.0,0.0
0,2,3.75,0.0,0.0
0,2,3.875,500.0,1.0
0,2,4.0,0.0,0.0
0,2,4.125,500.0,1.0
0,2,4.25,0.0,0.0
0,2,4.375,0.0,0.0
0,2,4.5,0.0,0.0
0,2,4.625,0.0,0.0
0,2,4.75,0.0,1.0
0,2,4.875,0.0,0.0
0,2,5.0,0.0,0.0
0,2,5.125,0.0,0.0
0,2,5.25,0.0,0.0
0,2,5.375,0.0,1.0
0,2,5.5,0.0,0.0
0,2,5.625,0.0,1.0
0,2,5.75,0.0,0.0
0,2,5.875,0.0,0.0
0,2,6.0,0.0,0.0
0,2,6.125,0.0,1.0
0,2,6.25,0.0,1.0
0,2,6.375,500.0,1.0
0,2,6.5,0.0,0.0
0,2,6.625,500.0,1.0
0,2,6.75,0.0,0.0
0,2,6.875,0.0,0.0
0,2,7.0,0.0,0.0
0,2,7.125,0.0,0.0
0,2,7.25,0.0,1.0
0,2,7.375,0.0,0.0
0,2,7.5,0.0,0.0
0,2,7.625,0.0,1.0
0,2,7.75,0.0,1.0
0,2,7.875,0.0,1.0
0,2,8.0,0.0,0.0
0,2,8.125,0.0,0.0
0,2,8.25,0.0,0.0
0,2,8.375,0.0,1.0
0,2,8.5,0.0,1.0
0,2,8.625,0.0,0.0
0,2,8.75,0.0,1.0
0,2,8.875,500.0,1.0
0,2,9.0,500.0,1.0
0,2,9.125,0.0,1.0
0,2,9.25,0.0,0.0
0,2,9.375,0.0,1.0
0,2,9.5,0.0,0.0
0,2,9.625,0.0,1.0
0,2,9.75,500.0,1.0
0,2,9.875,0.0,0.0
0,2,10.0,0.0,1.0
0,2,10.125,0.0,0.0
0,2,10.25,0.0,0.0
0,2,10.375,0.0,0.0
0,2,10.5,0.0,0.0
0,2,10.625,0.0,0.0
0,2,10.75,0.0,0.0
0,2,10.875,0.0,0.0
0,2,11.0,0.0,1.0
0,2,11.125,0.0,0.0
0,2,11.25,0.0,0.0
0,2,11.375,0.0,1.0
0,2,11.5,0.0,0.0
0,2,11.625,0.0,1.0
0,2,11.75,0.0,0.0
0,2,11.875,500.0,1.0
0,2,12.0,0.0,0.0
0,2,12.125,500.0,1.0
0,2,12.25,0.0,0.0
0,2,12.375,0.0,0.0
0,2,12.5,0.0,1.0
0,2,12.625,0.0,0.0
0,2,12.75,0.0,0.0
0,2,12.875,0.0,0.0
0,2,13.0,0.0,0.0
0,2,13.125,0.0,0.0
0,2,13.25,0.0,0.0
0,2,13.375,0.0,0.0
0,2,13.5,500.0,1.0
0,2,13.625,0.0,0.0
0,2,13.75,0.0,0.0
0,2,13.875,0.0,0.0
0,2,14.0,0.0,0.0
0,2,14.125,0.0,0.0
0,2,14.25,0.0,0.0
0,2,14.375,0.0,0.0
0,2,14.5,0.0,0.0
0,2,14.625,0.0,0.0
0,2,14.75,0.0,0.0
0,2,14.875,0.0,0.0
0,2,15.0,0.0,0.0
0,2,15.125,0.0,1.0
0,2,15.25,0.0,0.0
0,2,15.375,0.0,1.0
0,2,15.5,0.0,1.0
0,2,15.625,0.0,0.0
0,2,15.75,0.0,0.0
0,2,15.875,0.0,0.0
0,2,16.0,0.0,1.0
0,2,16.125,0.0,0.0
0,2,16.25,0.0,0.0
0,2,16.375,500.0,1.0
0,2,16.5,0.0,1.0
0,2,16.625,0.0,0.0
0,2,16.75,0.0,0.0
0,2,16.875,0.0,0.0
0,2,17.0,0.0,1.0
0,2,17.125,0.0,0.0
0,2,17.25,0.0,0.0
0,2,17.375,500.0,1.0
0,2,17.5,0.0,0.0
0,2,17.625,0.0,0.0
0,2,17.75,0.0,0.0
0,2,17.875,0.0,0.0
0,2,18.0,0.0,0.0
0,2,18.125,0.0,0.0
0,2,18.25,0.0,1.0
0,2,18.375,500.0,1.0
0,2,18.5,0.0,0.0
0,2,18.625,500.0,1.0
0,2,18.75,0.0,0.0
0,2,18.875,0.0,0.0
0,2,19.0,0.0,0.0
0,2,19.125,0.0,1.0
0,2,19.25,0.0,0.0
0,2,19.375,0.0,1.0
0,2,19.5,0.0,0.0
0,2,19.625,0.0,0.0
0,2,19.75,0.0,0.0
0,2,19.875,0.0,0.0
0,2,20.0,0.0,1.0
0,2,20.125,0.0,0.0
0,2,20.25,0.0,0.0
0,2,20.375,0.0,1.0
0,2,20.5,0.0,0.0
0,2,20.625,0.0,0.0
0,2,20.75,0.0,0.0
0,2,20.875,0.0,1.0
0,2,21.0,0.0,0.0
0,2,21.125,0.0,0.0
0,2,21.25,0.0,0.0
0,2,21.375,0.0,1.0
0,2,21.5,0.0,0.0
0,2,21.625,0.0,0.0
0,2,21.75,0.0,1.0
0,2,21.875,0.0,0.0
0,2,22.0,0.0,0.0
0,2,22.125,0.0,0.0
0,2,22.25,0.0,1.0
0,2,22.375,0.0,0.0
0,2,22.5,500.0,1.0
0,2,22.625,0.0,0.0
0,2,22.75,0.0,0.0
0,2,22.875,0.0,0.0
0,2,23.0,0.0,1.0
0,2,23.125,500.0,1.0
0,2,23.25,0.0,0.0
0,2,23.375,0.0,0.0
0,2,23.5,500.0,1.0
0,2,23.625,0.0,1.0
0,2,23.75,500.0,1.0
0,2,23.875,0.0,1.0
0,2,24.0,0.0,0.0
0,2,24.125,0.0,0.0
0,2,24.25,0.0,0.0
0,2,24.375,0.0,0.0
0,2,24.5,0.0,0.0
0,2,24.625,0.0,0.0
0,2,24.75,0.0,0.0
0,2,24.875,0.0,0.0
0,2,25.0,500.0,1.0
0,2,25.125,0.0,0.0
0,2,25.25,0.0,0.0
0,2,25.375,0.0,1.0
0,2,25.5,0.0,0.0
0,2,25.625,0.0,0.0
0,2,25.75,0.0,0.0
0,2,25.875,0.0,0.0
0,2,26.0,0.0,0.0
0,2,26.125,0.0,0.0
0,2,26.25,0.0,1.0
0,2,26.375,500.0,1.0
0,2,26.5,500.0,1.0
0,2,26.625,0.0,0.0
0,2,26.75,0.0,0.0
0,2,26.875,0.0,0.0
0,2,27.0,0.0,0.0
0,2,27.125,0.0,0.0
0,2,27.25,0.0,0.0
0,2,27.375,0.0,0.0
0,2,27.5,0.0,1.0
0,2,27.625,0.0,0.0
0,2,27.75,500.0,1.0
0,2,27.875,0.0,1.0
0,2,28.0,0.0,0.0
0,2,28.125,0.0,0.0
0,2,28.25,0.0,0.0
0,2,28.375,0.0,0.0
0,2,28.5,0.0,1.0
0,2,28.625,0.0,1.0
0,2,28.75,0.0,0.0
0,2,28.875,0.0,0.0
0,2,29.0,0.0,0.0
0,2,29.125,0.0,1.0
0,2,29.25,0.0,0.0
0,2,29.375,0.0,1.0
0,2,29.5,0.0,0.0
0,2,29.625,500.0,1.0
0,2,29.75,0.0,0.0
0,2,29.875,0.0,1.0
0,2,30.0,0.0,0.0
0,2,30.125,0.0,0.0
0,2,30.25,0.0,1.0
0,2,30.375,500.0,1.0
0,2,30.5,0.0,0.0
0,2,30.625,0.0,0.0
0,2,30.75,500.0,1.0
0,2,30.875,0.0,0.0
0,2,31.0,0.0,0.0
0,2,31.125,0.0,1.0
0,2,31.25,0.0,1.0
0,2,31.375,0.0,0.0
0,2,31.5,0.0,0.0
0,2,31.625,0.0,0.0
0,2,31.75,0.0,1.0
0,2,31.875,0.0,1.0
0,2,32.0,0.0,0.0
0,2,32.125,0.0,0.0
0,2,32.25,0.0,0.0
0,2,32.375,0.0,0.0
0,2,32.5,0.0,0.0
0,2,32.625,500.0,1.0
0,2,32.75,0.0,0.0
0,2,32.875,0.0,0.0
0,2,33.0,0.0,0.0
0,2,33.125,0.0,0.0
0,2,33.25,0.0,1.0
0,2,33.375,0.0,1.0
0,2,33.5,0.0,0.0
0,2,33.625,500.0,1.0
0,2,33.75,0.0,0.0
0,2,33.875,0.0,0.0
0,2,34.0,0.0,0.0
0,2,34.125,0.0,1.0
0,2,34.25,0.0,1.0
0,2,34.375,500.0,1.0
0,2,34.5,0.0,0.0
0,2,34.625,0.0,0.0
0,2,34.75,0.0,0.0
0,2,34.875,0.0,0.0
0,2,35.0,500.0,1.0
0,2,35.125,0.0,0.0
0,2,35.25,0.0,1.0
0,2,35.375,0.0,0.0
0,2,35.5,0.0,0.0
0,2,35.625,0.0,1.0
0,2,35.75,0.0,0.0
0,2,35.875,0.0,0.0
0,2,36.0,500.0,1.0
0,2,36.125,0.0,1.0
0,2,36.25,500.0,1.0
0,2,36.375,0.0,1.0
0,2,36.5,0.0,0.0
0,2,36.625,0.0,1.0
0,2,36.75,0.0,0.0
0,2,36.875,0.0,1.0
0,2,37.0,0.0,0.0
0,2,37.125,0.0,0.0
0,2,37.25,0.0,1.0
0,2,37.375,0.0,0.0
0,2,37.5,0.0,1.0
0,2,37.625,0.0,0.0
0,2,37.75,0.0,0.0
0,2,37.875,0.0,1.0
0,2,38.0,0.0,0.0
0,2,38.125,0.0,0.0
0,2,38.25,500.0,1.0
0,2,38.375,500.0,1.0
0,2,38.5,0.0,0.0
0,2,38.625,0.0,0.0
0,2,38.75,0.0,0.0
0,2,38.875,500.0,1.0
0,2,39.0,0.0,0.0
0,2,39.125,0.0,1.0
0,2,39.25,0.0,0.0
0,2,39.375,500.0,1.0
0,2,39.5,0.0,0.0
0,2,39.625,0.0,1.0
0,2,39.75,0.0,0.0
0,2,39.875,0.0,0.0
0,2,40.0,500.0,1.0
0,2,40.125,0.0,0.0
0,2,40.25,0.0,0.0
0,2,40.375,0.0,0.0
0,2,40.5,0.0,0.0
0,2,40.625,0.0,0.0
0,2,40.75,500.0,1.0
0,2,40.875,0.0,0.0
0,2,41.0,500.0,1.0
0,2,41.125,0.0,0.0
0,2,41.25,0.0,0.0
0,2,41.375,0.0,0.0
0,2,41.5,0.0,0.0
0,2,41.625,0.0,0.0
0,2,41.75,0.0,0.0
0,2,41.875,0.0,0.0
0,2,42.0,500.0,1.0
0,2,42.125,0.0,0.0
0,2,42.25,0.0,0.0
0,2,42.375,0.0,0.0
0,2,42.5,0.0,1.0
0,2,42.625,0.0,1.0
0,2,42.75,0.0,0.0
0,2,42.875,0.0,0.0
0,2,43.0,0.0,0.0
0,2,43.125,0.0,0.0
0,2,43.25,0.0,0.0
0,2,43.375,0.0,0.0
0,2,43.5,0.0,0.0
0,2,43.625,0.0,0.0
0,2,43.75,0.0,1.0
0,2,43.875,0.0,1.0
0,2,44.0,0.0,0.0
0,2,44.125,0.0,0.0
0,2,44.25,0.0,0.0
0,2,44.375,0.0,0.0
0,2,44.5,0.0,0.0
0,2,44.625,0.0,0.0
0,2,44.75,0.0,0.0
0,2,44.875,0.0,0.0
0,2,45.0,0.0,0.0
0,2,45.125,0.0,0.0
0,2,45.25,0.0,1.0
0,2,45.375,0.0,1.0
0,2,45.5,0.0,0.0
0,2,45.625,0.0,0.0
0,2,45.75,0.0,1.0
0,2,45.875,0.0,0.0
0,2,46.0,0.0,0.0
0,2,46.125,0.0,0.0
0,2,46.25,0.0,0.0
0,2,46.375,0.0,0.0
0,2,46.5,0.0,0.0
0,2,46.625,0.0,0.0
0,2,46.75,500.0,1.0
0,2,46.875,0.0,0.0
0,2,47.0,0.0,1.0
0,2,47.125,0.0,0.0
0,2,47.25,0.0,0.0
0,2,47.375,0.0,1.0
0,2,47.5,0.0,1.0
0,2,47.625,0.0,1.0
0,2,47.75,0.0,0.0
0,2,47.875,0.0,0.0
0,2,48.0,0.0,0.0
0,2,48.125,0.0,0.0
0,2,48.25,500.0,1.0
0,2,48.375,0.0,0.0
0,2,48.5,0.0,0.0
0,2,48.625,0.0,0.0
0,2,48.75,500.0,1.0
0,2,48.875,0.0,1.0
0,2,49.0,500.0,1.0
0,2,49.125,0.0,1.0
0,2,49.25,0.0,0.0
0,2,49.375,0.0,0.0
0,2,49.5,0.0,0.0
0,2,49.625,0.0,0.0
0,2,49.75,0.0,1.0
0,2,49.875,500.0,1.0
0,2,50.0,500.0,1.0
0,2,50.125,0.0,0.0
0,2,50.25,0.0,1.0
0,2,50.375,0.0,0.0
0,2,50.5,0.0,0.0
0,2,50.625,0.0,1.0
0,2,50.75,0.0,0.0
0,2,50.875,0.0,0.0
0,2,51.0,0.0,1.0
0,2,51.125,0.0,0.0
0,2,51.25,0.0,0.0
0,2,51.375,0.0,0.0
0,2,51.5,0.0,0.0
0,2,51.625,0.0,1.0
0,2,51.75,0.0,0.0
0,2,51.875,500.0,1.0
0,2,52.0,0.0,0.0
0,2,52.125,0.0,0.0
0,2,52.25,500.0,1.0
0,2,52.375,0.0,0.0
0,2,52.5,0.0,0.0
0,2,52.625,0.0,0.0
0,2,52.75,500.0,1.0
0,2,52.875,500.0,1.0
0,2,53.0,0.0,0.0
0,2,53.125,0.0,0.0
0,2,53.25,0.0,1.0
0,2,53.375,0.0,0.0
0,2,53.5,0.0,0.0
0,2,53.625,0.0,0.0
0,2,53.75,0.0,0.0
0,2,53.875,0.0,0.0
0,2,54.0,0.0,0.0
0,2,54.125,0.0,0.0
0,2,54.25,0.0,1.0
0,2,54.375,0.0,0.0
0,2,54.5,0.0,1.0
0,2,54.625,0.0,0.0
0,2,54.75,0.0,0.0
0,2,54.875,0.0,1.0
0,2,55.0,0.0,0.0
0,2,55.125,0.0,1.0
0,2,55.25,0.0,0.0
0,2,55.375,0.0,0.0
0,2,55.5,500.0,1.0
0,2,55.625,0.0,1.0
0,2,55.75,0.0,0.0
0,2,55.875,0.0,0.0
0,2,56.0,0.0,0.0
0,2,56.125,500.0,1.0
0,2,56.25,0.0,0.0
0,2,56.375,0.0,1.0
0,2,56.5,0.0,0.0
0,2,56.625,0.0,1.0
0,2,56.75,0.0,0.0
0,2,56.875,0.0,0.0
0,2,57.0,0.0,0.0
0,2,57.125,0.0,0.0
0,2,57.25,0.0,0.0
0,2,57.375,0.0,0.0
0,2,57.5,500.0,1.0
0,2,57.625,0.0,0.0
0,2,57.75,0.0,0.0
0,2,57.875,0.0,1.0
0,2,58.0,0.0,0.0
0,2,58.125,0.0,0.0
0,2,58.25,500.0,1.0
0,2,58.375,0.0,0.0
0,2,58.5,0.0,1.0
0,2,58.625,0.0,1.0
0,2,58.75,0.0,0.0
0,2,58.875,0.0,0.0
0,2,59.0,0.0,0.0
0,2,59.125,500.0,1.0
0,2,59.25,500.0,1.0
0,2,59.375,0.0,1.0
0,2,59.5,0.0,0.0
0,2,59.625,0.0,0.0
0,2,59.75,0.0,0.0
0,2,59.875,0.0,0.0
0,2,60.0,0.0,0.0
0,2,60.125,0.0,0.0
0,2,60.25,0.0,1.0
0,2,60.375,0.0,0.0
0,2,60.5,0.0,0.0
0,2,60.625,0.0,1.0
0,2,60.75,0.0,0.0
0,2,60.875,0.0,0.0
0,2,61.0,500.0,1.0
0,2,61.125,0.0,0.0
0,2,61.25,0.0,0.0
0,2,61.375,0.0,0.0
0,2,61.5,0.0,0.0
0,2,61.625,0.0,0.0
0,2,61.75,0.0,0.0
0,2,61.875,0.0,0.0
0,2,62.0,0.0,0.0
0,2,62.125,0.0,0.0
0,2,62.25,0.0,0.0
0,2,62.375,500.0,1.0
0,3,0.0,0.0,0.0
0,3,0.125,0.0,0.0
0,3,0.25,500.0,1.0
0,3,0.375,0.0,1.0
0,3,0.5,0.0,1.0
0,3,0.625,0.0,0.0
0,3,0.75,0.0,0.0
0,3,0.875,0.0,1.0
0,3,1.0,0.0,0.0
0,3,1.125,0.0,0.0
0,3,1.25,0.0,0.0
0,3,1.375,0.0,0.0
0,3,1.5,0.0,1.0
0,3,1.625,0.0,1.0
0,3,1.75,0.0,0.0
0,3,1.875,0.0,0.0
0,3,2.0,0.0,0.0
0,3,2.125,0.0,0.0
0,3,2.25,0.0,1.0
0,3,2.375,0.0,0.0
0,3,2.5,0.0,0.0
0,3,2.625,0.0,0.0
0,3,2.75,0.0,1.0
0,3,2.875,0.0,1.0
0,3,3.0,0.0,0.0
0,3,3.125,0.0,0.0
0,3,3.25,0.0,0.0
0,3,3.375,500.0,1.0
0,3,3.5,0.0,0.0
0,3,3.625,0.0,0.0
0,3,3.75,0.0,0.0
0,3,3.875,0.0,0.0
0,3,4.0,500.0,1.0
0,3,4.125,0.0,1.0
0,3,4.25,0.0,1.0
0,3,4.375,0.0,0.0
0,3,4.5,0.0,0.0
0,3,4.625,0.0,0.0
0,3,4.75,0.0,0.0
0,3,4.875,0.0,0.0
0,3,5.0,0.0,0.0
0,3,5.125,0.0,0.0
0,3,5.25,500.0,1.0
0,3,5.375,0.0,1.0
0,3,5.5,500.0,1.0
0,3,5.625,0.0,0.0
0,3,5.75,0.0,0.0
0,3,5.875,500.0,1.0
0,3,6.0,500.0,1.0
0,3,6.125,500.0,1.0
0,3,6.25,0.0,1.0
0,3,6.375,0.0,0.0
0,3,6.5,0.0,0.0
0,3,6.625,500.0,1.0
0,3,6.75,500.0,1.0
0,3,6.875,500.0,1.0
0,3,7.0,0.0,0.0
0,3,7.125,0.0,0.0
0,3,7.25,0.0,0.0
0,3,7.375,0.0,0.0
0,3,7.5,0.0,0.0
0,3,7.625,0.0,0.0
0,3,7.75,0.0,0.0
0,3,7.875,0.0,0.0
0,3,8.0,0.0,1.0
0,3,8.125,0.0,0.0
0,3,8.25,0.0,0.0
0,3,8.375,0.0,0.0
0,3,8.5,0.0,0.0
0,3,8.625,0.0,0.0
0,3,8.75,0.0,0.0
0,3,8.875,0.0,0.0
0,3,9.0,0.0,0.0
0,3,9.125,0.0,1.0
0,3,9.25,0.0,0.0
0,3,9.375,0.0,0.0
0,3,9.5,0.0,1.0
0,3,9.625,0.0,1.0
0,3,9.75,0.0,0.0
0,3,9.875,0.0,0.0
0,3,10.0,500.0,1.0
0,3,10.125,0.0,0.0
0,3,10.25,0.0,0.0
0,3,10.375,0.0,1.0
0,3,10.5,500.0,1.0
0,3,10.625,0.0,0.0
0,3,10.75,0.0,0.0
0,3,10.875,0.0,0.0
0,3,11.0,0.0,0.0
0,3,11.125,500.0,1.0
0,3,11.25,0.0,0.0
0,3,11.375,0.0,0.0
0,3,11.5,0.0,0.0
0,3,11.625,0.0,1.0
0,3,11.75,0.0,0.0
0,3,11.875,500.0,1.0
0,3,12.0,0.0,0.0
0,3,12.125,0.0,0.0
0,3,12.25,0.0,0.0
0,3,12.375,0.0,0.0
0,3,12.5,0.0,0.0
0,3,12.625,0.0,0.0
0,3,12.75,500.0,1.0
0,3,12.875,0.0,0.0
0,3,13.0,0.0,0.0
0,3,13.125,0.0,0.0
0,3,13.25,0.0,0.0
0,3,13.375,0.0,0.0
0,3,13.5,0.0,1.0
0,3,13.625,0.0,0.0
0,3,13.75,0.0,0.0
0,3,13.875,0.0,0.0
0,3,14.0,0.0,1.0
0,3,14.125,0.0,0.0
0,3,14.25,0.0,0.0
0,3,14.375,0.0,0.0
0,3,14.5,0.0,0.0
0,3,14.625,0.0,1.0
0,3,14.75,0.0,0.0
0,3,14.875,0.0,0.0
0,3,15.0,0.0,1.0
0,3,15.125,500.0,1.0
0,3,15.25,0.0,0.0
0,3,15.375,0.0,1.0
0,3,15.5,0.0,0.0
0,3,15.625,0.0,1.0
0,3,15.75,500.0,1.0
0,3,15.875,0.0,0.0
0,3,16.0,0.0,0.0
0,3,16.125,500.0,1.0
0,3,16.25,500.0,1.0
0,3,16.375,0.0,0.0
0,3,16.5,0.0,0.0
0,3,16.625,0.0,0.0
0,3,16.75,0.0,1.0
0,3,16.875,0.0,0.0
0,3,17.0,500.0,1.0
0,3,17.125,0.0,0.0
0,3,17.25,0.0,0.0
0,3,17.375,0.0,0.0
0,3,17.5,0.0,0.0
0,3,17.625,0.0,0.0
0,3,17.75,0.0,1.0
0,3,17.875,0.0,0.0
0,3,18.0,0.0,0.0
0,3,18.125,0.0,0.0
0,3,18.25,500.0,1.0
0,3,18.375,0.0,0.0
0,3,18.5,0.0,0.0
0,3,18.625,0.0,0.0
0,3,18.75,0.0,0.0
0,3,18.875,0.0,0.0
0,3,19.0,0.0,0.0
0,3,19.125,0.0,0.0
0,3,19.25,0.0,0.0
0,3,19.375,0.0,0.0
0,3,19.5,0.0,0.0
0,3,19.625,0.0,0.0
0,3,19.75,0.0,0.0
0,3,19.875,0.0,0.0
0,3,20.0,0.0,0.0
0,3,20.125,0.0,1.0
0,3,20.25,500.0,1.0
0,3,20.375,0.0,0.0
0,3,20.5,0.0,0.0
0,3,20.625,0.0,0.0
0,3,20.75,0.0,0.0
0,3,20.875,0.0,0.0
0,3,21.0,0.0,0.0
0,3,21.125,0.0,0.0
0,3,21.25,0.0,1.0
0,3,21.375,500.0,1.0
0,3,21.5,0.0,0.0
0,3,21.625,500.0,1.0
0,3,21.75,0.0,0.0
0,3,21.875,0.0,1.0
0,3,22.0,0.0,0.0
0,3,22.125,500.0,1.0
0,3,22.25,0.0,0.0
0,3,22.375,0.0,0.0
0,3,22.5,0.0,0.0
0,3,22.625,0.0,0.0
0,3,22.75,0.0,1.0
0,3,22.875,0.0,1.0
0,3,23.0,0.0,0.0
0,3,23.125,0.0,0.0
0,3,23.25,0.0,0.0
0,3,23.375,0.0,1.0
0,3,23.5,0.0,1.0
0,3,23.625,0.0,1.0
0,3,23.75,0.0,0.0
0,3,23.875,0.0,0.0
0,3,24.0,0.0,0.0
0,3,24.125,0.0,1.0
0,3,24.25,0.0,0.0
0,3,24.375,0.0,0.0
0,3,24.5,0.0,0.0
0,3,24.625,0.0,1.0
0,3,24.75,0.0,0.0
0,3,24.875,0.0,0.0
0,3,25.0,0.0,0.0
0,3,25.125,0.0,1.0
0,3,25.25,0.0,0.0
0,3,25.375,0.0,0.0
0,3,25.5,500.0,1.0
0,3,25.625,0.0,1.0
0,3,25.75,0.0,0.0
0,3,25.875,0.0,0.0
0,3,26.0,0.0,0.0
0,3,26.125,0.0,0.0
0,3,26.25,0.0,1.0
0,3,26.375,0.0,0.0
0,3,26.5,0.0,0.0
0,3,26.625,500.0,1.0
0,3,26.75,0.0,1.0
0,3,26.875,0.0,0.0
0,3,27.0,0.0,0.0
0,3,27.125,500.0,1.0
0,3,27.25,0.0,0.0
0,3,27.375,0.0,1.0
0,3,27.5,0.0,0.0
0,3,27.625,0.0,0.0
0,3,27.75,0.0,1.0
0,3,27.875,0.0,0.0
0,3,28.0,0.0,0.0
0,3,28.125,0.0,0.0
0,3,28.25,0.0,1.0
0,3,28.375,0.0,0.0
0,3,28.5,0.0,1.0
0,3,28.625,0.0,0.0
0,3,28.75,0.0,0.0
0,3,28.875,0.0,0.0
0,3,29.0,500.0,1.0
0,3,29.125,500.0,1.0
0,3,29.25,0.0,1.0
0,3,29.375,0.0,0.0
0,3,29.5,0.0,1.0
0,3,29.625,0.0,0.0
0,3,29.75,500.0,1.0
0,3,29.875,0.0,0.0
0,3,30.0,0.0,0.0
0,3,30.125,0.0,0.0
0,3,30.25,0.0,0.0
0,3,30.375,0.0,0.0
0,3,30.5,0.0,0.0
0,3,30.625,500.0,1.0
0,3,30.75,0.0,0.0
0,3,30.875,0.0,1.0
0,3,31.0,500.0,1.0
0,3,31.125,0.0,0.0
0,3,31.25,0.0,0.0
0,3,31.375,0.0,0.0
0,3,31.5,0.0,1.0
0,3,31.625,0.0,0.0
0,3,31.75,0.0,0.0
0,3,31.875,0.0,0.0
0,3,32.0,0.0,0.0
0,3,32.125,0.0,0.0
0,3,32.25,0.0,0.0
0,3,32.375,0.0,0.0
0,3,32.5,0.0,0.0
0,3,32.625,0.0,1.0
0,3,32.75,0.0,0.0
0,3,32.875,0.0,0.0
0,3,33.0,0.0,1.0
0,3,33.125,0.0,1.0
0,3,33.25,0.0,1.0
0,3,33.375,0.0,1.0
0,3,33.5,500.0,1.0
0,3,33.625,0.0,0.0
0,3,33.75,500.0,1.0
0,3,33.875,500.0,1.0
0,3,34.0,500.0,1.0
0,3,34.125,0.0,0.0
0,3,34.25,0.0,0.0
0,3,34.375,0.0,0.0
0,3,34.5,0.0,0.0
0,3,34.625,0.0,0.0
0,3,34.75,0.0,0.0
0,3,34.875,0.0,0.0
0,3,35.0,0.0,0.0
0,3,35.125,0.0,0.0
0,3,35.25,0.0,0.0
0,3,35.375,500.0,1.0
0,3,35.5,0.0,0.0
0,3,35.625,0.0,1.0
0,3,35.75,0.0,0.0
0,3,35.875,0.0,0.0
0,3,36.0,0.0,0.0
0,3,36.125,0.0,1.0
0,3,36.25,0.0,1.0
0,3,36.375,0.0,0.0
0,3,36.5,0.0,0.0
0,3,36.625,0.0,1.0
0,3,36.75,0.0,0.0
0,3,36.875,0.0,1.0
0,3,37.0,0.0,0.0
0,3,37.125,0.0,0.0
0,3,37.25,500.0,1.0
0,3,37.375,0.0,0.0
0,3,37.5,0.0,1.0
0,3,37.625,0.0,0.0
0,3,37.75,0.0,0.0
0,3,37.875,0.0,0.0
0,3,38.0,0.0,1.0
0,3,38.125,0.0,0.0
0,3,38.25,0.0,0.0
0,3,38.375,0.0,0.0
0,3,38.5,0.0,0.0
0,3,38.625,0.0,1.0
0,3,38.75,0.0,0.0
0,3,38.875,0.0,0.0
0,3,39.0,0.0,0.0
0,3,39.125,0.0,1.0
0,3,39.25,500.0,1.0
0,3,39.375,0.0,0.0
0,3,39.5,0.0,1.0
0,3,39.625,500.0,1.0
0,3,39.75,0.0,0.0
0,3,39.875,0.0,0.0
0,3,40.0,0.0,0.0
0,3,40.125,0.0,0.0
0,3,40.25,0.0,1.0
0,3,40.375,500.0,1.0
0,3,40.5,0.0,1.0
0,3,40.625,0.0,0.0
0,3,40.75,0.0,0.0
0,3,40.875,0.0,0.0
0,3,41.0,0.0,0.0
0,3,41.125,0.0,0.0
0,3,41.25,500.0,1.0
0,3,41.375,0.0,0.0
0,3,41.5,0.0,0.0
0,3,41.625,0.0,0.0
0,3,41.75,0.0,1.0
0,3,41.875,0.0,0.0
0,3,42.0,0.0,0.0
0,3,42.125,0.0,1.0
0,3,42.25,500.0,1.0
0,3,42.375,0.0,0.0
0,3,42.5,0.0,0.0
0,3,42.625,0.0,1.0
0,3,42.75,0.0,0.0
0,3,42.875,0.0,0.0
0,3,43.0,0.0,0.0
0,3,43.125,0.0,0.0
0,3,43.25,0.0,0.0
0,3,43.375,500.0,1.0
0,3,43.5,0.0,0.0
0,3,43.625,0.0,0.0
0,3,43.75,0.0,0.0
0,3,43.875,0.0,1.0
0,3,44.0,0.0,1.0
0,3,44.125,0.0,0.0
0,3,44.25,0.0,1.0
0,3,44.375,0.0,1.0
0,3,44.5,0.0,0.0
0,3,44.625,0.0,0.0
0,3,44.75,0.0,0.0
0,3,44.875,0.0,1.0
0,3,45.0,0.0,0.0
0,3,45.125,0.0,0.0
0,3,45.25,0.0,0.0
0,3,45.375,0.0,1.0
0,3,45.5,500.0,1.0
0,3,45.625,0.0,0.0
0,3,45.75,0.0,0.0
0,3,45.875,0.0,0.0
0,3,46.0,500.0,1.0
0,3,46.125,0.0,0.0
0,3,46.25,0.0,0.0
0,3,46.375,0.0,0.0
0,3,46.5,0.0,0.0
0,3,46.625,0.0,0.0
0,3,46.75,0.0,1.0
0,3,46.875,0.0,1.0
0,3,47.0,0.0,0.0
0,3,47.125,500.0,1.0
0,3,47.25,0.0,1.0
0,3,47.375,0.0,1.0
0,3,47.5,0.0,0.0
0,3,47.625,0.0,1.0
0,3,47.75,0.0,0.0
0,3,47.875,0.0,0.0
0,3,48.0,0.0,0.0
0,3,48.125,0.0,0.0
0,3,48.25,0.0,0.0
0,3,48.375,0.0,0.0
0,3,48.5,0.0,0.0
0,3,48.625,0.0,0.0
0,3,48.75,0.0,0.0
0,3,48.875,0.0,1.0
0,3,49.0,0.0,0.0
0,3,49.125,500.0,1.0
0,3,49.25,0.0,0.0
0,3,49.375,0.0,0.0
0,3,49.5,500.0,1.0
0,3,49.625,0.0,1.0
0,3,49.75,0.0,0.0
0,3,49.875,0.0,1.0
0,3,50.0,0.0,0.0
0,3,50.125,0.0,0.0
0,3,50.25,0.0,0.0
0,3,50.375,0.0,1.0
0,3,50.5,0.0,0.0
0,3,50.625,0.0,0.0
0,3,50.75,500.0,1.0
0,3,50.875,0.0,0.0
0,3,51.0,0.0,0.0
0,3,51.125,0.0,0.0
0,3,51.25,0.0,1.0
0,3,51.375,0.0,0.0
0,3,51.5,0.0,1.0
0,3,51.625,500.0,1.0
0,3,51.75,0.0,0.0
0,3,51.875,0.0,0.0
0,3,52.0,0.0,0.0
0,3,52.125,0.0,0.0
0,3,52.25,0.0,0.0
0,3,52.375,0.0,0.0
0,3,52.5,0.0,1.0
0,3,52.625,0.0,0.0
0,3,52.75,0.0,1.0
0,3,52.875,0.0,0.0
0,3,53.0,0.0,0.0
0,3,53.125,0.0,0.0
0,3,53.25,0.0,0.0
0,3,53.375,0.0,0.0
0,3,53.5,0.0,0.0
0,3,53.625,0.0,0.0
0,3,53.75,0.0,0.0
0,3,53.875,0.0,0.0
0,3,54.0,0.0,0.0
0,3,54.125,0.0,0.0
0,3,54.25,500.0,1.0
0,3,54.375,0.0,0.0
0,3,54.5,0.0,0.0
0,3,54.625,500.0,1.0
0,3,54.75,0.0,0.0
0,3,54.875,0.0,0.0
0,3,55.0,0.0,0.0
0,3,55.125,0.0,0.0
0,3,55.25,0.0,1.0
0,3,55.375,0.0,0.0
0,3,55.5,0.0,0.0
0,3,55.625,500.0,1.0
0,3,55.75,0.0,1.0
0,3,55.875,0.0,0.0
0,3,56.0,0.0,0.0
0,3,56.125,0.0,0.0
0,3,56.25,0.0,0.0
0,3,56.375,0.0,0.0
0,3,56.5,0.0,0.0
0,3,56.625,0.0,0.0
0,3,56.75,0.0,0.0
0,3,56.875,0.0,0.0
0,3,57.0,0.0,1.0
0,3,57.125,0.0,0.0
0,3,57.25,0.0,0.0
0,3,57.375,0.0,1.0
0,3,57.5,0.0,0.0
0,3,57.625,0.0,0.0
0,3,57.75,0.0,0.0
0,3,57.875,0.0,0.0
0,3,58.0,0.0,1.0
0,3,58.125,0.0,1.0
0,3,58.25,0.0,0.0
0,3,58.375,0.0,0.0
0,3,58.5,0.0,0.0
0,3,58.625,0.0,0.0
0,3,58.75,0.0,0.0
0,3,58.875,0.0,0.0
0,3,59.0,0.0,1.0
0,3,59.125,0.0,0.0
0,3,59.25,500.0,1.0
0,3,59.375,0.0,0.0
0,3,59.5,0.0,0.0
0,3,59.625,0.0,1.0
0,3,59.75,500.0,1.0
0,3,59.875,0.0,1.0
0,3,60.0,500.0,1.0
0,3,60.125,0.0,0.0
0,3,60.25,500.0,1.0
0,3,60.375,0.0,0.0
0,3,60.5,0.0,0.0
0,3,60.625,0.0,0.0
0,3,60.75,0.0,0.0
0,3,60.875,0.0,0.0
0,3,61.0,0.0,0.0
0,3,61.125,0.0,0.0
0,3,61.25,0.0,0.0
0,3,61.375,0.0,0.0
0,3,61.5,0.0,1.0
0,3,61.625,0.0,0.0
0,3,61.75,0.0,0.0
0,3,61.875,0.0,0.0
0,3,62.0,0.0,0.0
0,3,62.125,0.0,0.0
0,3,62.25,0.0,0.0
0,3,62.375,0.0,0.0
0,4,0.0,0.0,0.0
0,4,0.125,0.0,0.0
0,4,0.25,0.0,1.0
0,4,0.375,0.0,0.0
0,4,0.5,0.0,0.0
0,4,0.625,0.0,0.0
0,4,0.75,500.0,1.0
0,4,0.875,0.0,0.0
0,4,1.0,0.0,0.0
0,4,1.125,0.0,1.0
0,4,1.25,0.0,0.0
0,4,1.375,0.0,0.0
0,4,1.5,0.0,0.0
0,4,1.625,500.0,1.0
0,4,1.75,0.0,0.0
0,4,1.875,0.0,0.0
0,4,2.0,0.0,1.0
0,4,2.125,0.0,0.0
0,4,2.25,0.0,0.0
0,4,2.375,500.0,1.0
0,4,2.5,0.0,0.0
0,4,2.625,0.0,0.0
0,4,2.75,0.0,0.0
0,4,2.875,0.0,0.0
0,4,3.0,500.0,1.0
0,4,3.125,0.0,1.0
0,4,3.25,0.0,0.0
0,4,3.375,0.0,1.0
0,4,3.5,0.0,0.0
0,4,3.625,500.0,1.0
0,4,3.75,0.0,0.0
0,4,3.875,0.0,0.0
0,4,4.0,0.0,0.0
0,4,4.125,0.0,0.0
0,4,4.25,0.0,0.0
0,4,4.375,0.0,1.0
0,4,4.5,0.0,1.0
0,4,4.625,0.0,0.0
0,4,4.75,0.0,1.0
0,4,4.875,0.0,0.0
0,4,5.0,0.0,1.0
0,4,5.125,0.0,1.0
0,4,5.25,0.0,0.0
0,4,5.375,0.0,0.0
0,4,5.5,0.0,1.0
0,4,5.625,0.0,0.0
0,4,5.75,500.0,1.0
0,4,5.875,0.0,1.0
0,4,6.0,0.0,1.0
0,4,6.125,0.0,0.0
0,4,6.25,0.0,0.0
0,4,6.375,0.0,1.0
0,4,6.5,0.0,0.0
0,4,6.625,0.0,0.0
0,4,6.75,0.0,0.0
0,4,6.875,0.0,0.0
0,4,7.0,0.0,0.0
0,4,7.125,500.0,1.0
0,4,7.25,0.0,0.0
0,4,7.375,500.0,1.0
0,4,7.5,0.0,0.0
0,4,7.625,0.0,0.0
0,4,7.75,0.0,1.0
0,4,7.875,0.0,0.0
0,4,8.0,0.0,1.0
0,4,8.125,500.0,1.0
0,4,8.25,0.0,0.0
0,4,8.375,0.0,0.0
0,4,8.5,0.0,0.0
0,4,8.625,0.0,0.0
0,4,8.75,0.0,0.0
0,4,8.875,0.0,1.0
0,4,9.0,0.0,0.0
0,4,9.125,0.0,1.0
0,4,9.25,0.0,0.0
0,4,9.375,0.0,0.0
0,4,9.5,0.0,0.0
0,4,9.625,0.0,1.0
0,4,9.75,0.0,0.0
0,4,9.875,0.0,1.0
0,4,10.0,0.0,0.0
0,4,10.125,500.0,1.0
0,4,10.25,0.0,0.0
0,4,10.375,500.0,1.0
0,4,10.5,0.0,0.0
0,4,10.625,0.0,0.0
0,4,10.75,0.0,0.0
0,4,10.875,0.0,0.0
0,4,11.0,0.0,0.0
0,4,11.125,0.0,0.0
0,4,11.25,0.0,0.0
0,4,11.375,0.0,0.0
0,4,11.5,0.0,0.0
0,4,11.625,0.0,0.0
0,4,11.75,500.0,1.0
0,4,11.875,500.0,1.0
0,4,12.0,0.0,0.0
0,4,12.125,0.0,1.0
0,4,12.25,0.0,0.0
0,4,12.375,0.0,0.0
0,4,12.5,0.0,0.0
0,4,12.625,0.0,0.0
0,4,12.75,0.0,1.0
0,4,12.875,0.0,1.0
0,4,13.0,500.0,1.0
0,4,13.125,0.0,0.0
0,4,13.25,0.0,1.0
0,4,13.375,0.0,0.0
0,4,13.5,0.0,0.0
0,4,13.625,500.0,1.0
0,4,13.75,0.0,1.0
0,4,13.875,0.0,0.0
0,4,14.0,0.0,1.0
0,4,14.125,0.0,0.0
0,4,14.25,0.0,0.0
0,4,14.375,0.0,1.0
0,4,14.5,0.0,1.0
0,4,14.625,0.0,0.0
0,4,14.75,0.0,0.0
0,4,14.875,0.0,0.0
0,4,15.0,0.0,0.0
0,4,15.125,0.0,0.0
0,4,15.25,0.0,0.0
0,4,15.375,0.0,0.0
0,4,15.5,0.0,0.0
0,4,15.625,0.0,1.0
0,4,15.75,0.0,0.0
0,4,15.875,0.0,0.0
0,4,16.0,0.0,0.0
0,4,16.125,0.0,0.0
0,4,16.25,0.0,0.0
0,4,16.375,0.0,0.0
0,4,16.5,0.0,0.0
0,4,16.625,500.0,1.0
0,4,16.75,0.0,0.0
0,4,16.875,0.0,0.0
0,4,17.0,0.0,0.0
0,4,17.125,0.0,0.0
0,4,17.25,0.0,0.0
0,4,17.375,0.0,0.0
0,4,17.5,0.0,1.0
0,4,17.625,0.0,0.0
0,4,17.75,0.0,0.0
0,4,17.875,0.0,0.0
0,4,18.0,0.0,1.0
0,4,18.125,0.0,0.0
0,4,18.25,500.0,1.0
0,4,18.375,0.0,0.0
0,4,18.5,0.0,0.0
0,4,18.625,0.0,0.0
0,4,18.75,0.0,0.0
0,4,18.875,0.0,0.0
0,4,19.0,0.0,0.0
0,4,19.125,0.0,1.0
0,4,19.25,0.0,0.0
0,4,19.375,0.0,0.0
0,4,19.5,0.0,0.0
0,4,19.625,0.0,0.0
0,4,19.75,0.0,0.0
0,4,19.875,0.0,1.0
0,4,20.0,0.0,1.0
0,4,20.125,0.0,0.0
0,4,20.25,0.0,0.0
0,4,20.375,0.0,0.0
0,4,20.5,0.0,0.0
0,4,20.625,0.0,0.0
0,4,20.75,500.0,1.0
0,4,20.875,0.0,0.0
0,4,21.0,0.0,1.0
0,4,21.125,0.0,0.0
0,4,21.25,0.0,0.0
0,4,21.375,0.0,0.0
0,4,21.5,0.0,0.0
0,4,21.625,0.0,0.0
0,4,21.75,0.0,0.0
0,4,21.875,0.0,0.0
0,4,22.0,0.0,0.0
0,4,22.125,0.0,0.0
0,4,22.25,0.0,1.0
0,4,22.375,0.0,0.0
0,4,22.5,0.0,0.0
0,4,22.625,0.0,0.0
0,4,22.75,500.0,1.0
0,4,22.875,0.0,0.0
0,4,23.0,0.0,0.0
0,4,23.125,0.0,0.0
0,4,23.25,0.0,0.0
0,4,23.375,0.0,0.0
0,4,23.5,0.0,0.0
0,4,23.625,0.0,0.0
0,4,23.75,0.0,0.0
0,4,23.875,0.0,0.0
0,4,24.0,0.0,0.0
0,4,24.125,0.0,0.0
0,4,24.25,0.0,0.0
0,4,24.375,0.0,0.0
0,4,24.5,0.0,0.0
0,4,24.625,0.0,0.0
0,4,24.75,0.0,0.0
0,4,24.875,500.0,1.0
0,4,25.0,0.0,1.0
0,4,25.125,0.0,0.0
0,4,25.25,0.0,0.0
0,4,25.375,0.0,0.0
0,4,25.5,500.0,1.0
0,4,25.625,0.0,0.0
0,4,25.75,0.0,0.0
0,4,25.875,0.0,0.0
0,4,26.0,500.0,1.0
0,4,26.125,500.0,1.0
0,4,26.25,0.0,0.0
0,4,26.375,0.0,0.0
0,4,26.5,0.0,0.0
0,4,26.625,0.0,0.0
0,4,26.75,0.0,0.0
0,4,26.875,0.0,0.0
0,4,27.0,0.0,0.0
0,4,27.125,0.0,0.0
0,4,27.25,0.0,1.0
0,4,27.375,0.0,0.0
0,4,27.5,500.0,1.0
0,4,27.625,0.0,0.0
0,4,27.75,500.0,1.0
0,4,27.875,0.0,0.0
0,4,28.0,0.0,0.0
0,4,28.125,0.0,0.0
0,4,28.25,0.0,0.0
0,4,28.375,0.0,0.0
0,4,28.5,500.0,1.0
0,4,28.625,0.0,1.0
0,4,28.75,0.0,0.0
0,4,28.875,500.0,1.0
0,4,29.0,500.0,1.0
0,4,29.125,0.0,0.0
0,4,29.25,0.0,0.0
0,4,29.375,500.0,1.0
0,4,29.5,0.0,0.0
0,4,29.625,500.0,1.0
0,4,29.75,0.0,1.0
0,4,29.875,0.0,0.0
0,4,30.0,0.0,0.0
0,4,30.125,0.0,0.0
0,4,30.25,0.0,0.0
0,4,30.375,0.0,0.0
0,4,30.5,0.0,0.0
0,4,30.625,0.0,0.0
0,4,30.75,0.0,0.0
0,4,30.875,0.0,0.0
0,4,31.0,0.0,0.0
0,4,31.125,0.0,0.0
0,4,31.25,0.0,1.0
0,4,31.375,0.0,0.0
0,4,31.5,0.0,0.0
0,4,31.625,0.0,0.0
0,4,31.75,0.0,0.0
0,4,31.875,0.0,0.0
0,4,32.0,0.0,0.0
0,4,32.125,0.0,1.0
0,4,32.25,500.0,1.0
0,4,32.375,0.0,0.0
0,4,32.5,0.0,0.0
0,4,32.625,0.0,0.0
0,4,32.75,0.0,0.0
0,4,32.875,0.0,0.0
0,4,33.0,0.0,0.0
0,4,33.125,0.0,0.0
0,4,33.25,0.0,0.0
0,4,33.375,500.0,1.0
0,4,33.5,0.0,1.0
0,4,33.625,0.0,0.0
0,4,33.75,0.0,0.0
0,4,33.875,500.0,1.0
0,4,34.0,0.0,1.0
0,4,34.125,500.0,1.0
0,4,34.25,0.0,1.0
0,4,34.375,0.0,0.0
0,4,34.5,500.0,1.0
0,4,34.625,0.0,0.0
0,4,34.75,0.0,0.0
0,4,34.875,0.0,0.0
0,4,35.0,0.0,0.0
0,4,35.125,0.0,1.0
0,4,35.25,0.0,0.0
0,4,35.375,0.0,0.0
0,4,35.5,0.0,1.0
0,4,35.625,0.0,0.0
0,4,35.75,0.0,0.0
0,4,35.875,0.0,1.0
0,4,36.0,0.0,1.0
0,4,36.125,0.0,0.0
0,4,36.25,0.0,0.0
0,4,36.375,0.0,0.0
0,4,36.5,0.0,1.0
0,4,36.625,0.0,0.0
0,4,36.75,0.0,0.0
0,4,36.875,0.0,0.0
0,4,37.0,0.0,0.0
0,4,37.125,0.0,0.0
0,4,37.25,0.0,0.0
0,4,37.375,0.0,1.0
0,4,37.5,0.0,1.0
0,4,37.625,0.0,1.0
0,4,37.75,0.0,0.0
0,4,37.875,0.0,0.0
0,4,38.0,0.0,1.0
0,4,38.125,0.0,0.0
0,4,38.25,0.0,0.0
0,4,38.375,500.0,1.0
0,4,38.5,0.0,0.0
0,4,38.625,0.0,0.0
0,4,38.75,0.0,1.0
0,4,38.875,0.0,1.0
0,4,39.0,500.0,1.0
0,4,39.125,0.0,0.0
0,4,39.25,0.0,0.0
0,4,39.375,0.0,0.0
0,4,39.5,0.0,0.0
0,4,39.625,0.0,0.0
0,4,39.75,0.0,0.0
0,4,39.875,500.0,1.0
0,4,40.0,500.0,1.0
0,4,40.125,500.0,1.0
0,4,40.25,0.0,0.0
0,4,40.375,0.0,0.0
0,4,40.5,0.0,0.0
0,4,40.625,0.0,0.0
0,4,40.75,0.0,0.0
0,4,40.875,0.0,0.0
0,4,41.0,0.0,0.0
0,4,41.125,0.0,0.0
0,4,41.25,0.0,0.0
0,4,41.375,0.0,0.0
0,4,41.5,0.0,0.0
0,4,41.625,0.0,0.0
0,4,41.75,0.0,0.0
0,4,41.875,0.0,0.0
0,4,42.0,0.0,0.0
0,4,42.125,0.0,1.0
0,4,42.25,0.0,0.0
0,4,42.375,0.0,1.0
0,4,42.5,0.0,0.0
0,4,42.625,0.0,0.0
0,4,42.75,0.0,1.0
0,4,42.875,0.0,1.0
0,4,43.0,500.0,1.0
0,4,43.125,0.0,0.0
0,4,43.25,0.0,0.0
0,4,43.375,0.0,0.0
0,4,43.5,0.0,0.0
0,4,43.625,500.0,1.0
0,4,43.75,0.0,0.0
0,4,43.875,0.0,0.0
0,4,44.0,0.0,0.0
0,4,44.125,0.0,1.0
0,4,44.25,0.0,1.0
0,4,44.375,0.0,0.0
0,4,44.5,0.0,1.0
0,4,44.625,0.0,0.0
0,4,44.75,500.0,1.0
0,4,44.875,0.0,1.0
0,4,45.0,0.0,1.0
0,4,45.125,0.0,0.0
0,4,45.25,0.0,0.0
0,4,45.375,0.0,1.0
0,4,45.5,0.0,0.0
0,4,45.625,0.0,0.0
0,4,45.75,0.0,0.0
0,4,45.875,0.0,0.0
0,4,46.0,0.0,0.0
0,4,46.125,0.0,0.0
0,4,46.25,0.0,0.0
0,4,46.375,500.0,1.0
0,4,46.5,0.0,1.0
0,4,46.625,500.0,1.0
0,4,46.75,500.0,1.0
0,4,46.875,0.0,0.0
0,4,47.0,500.0,1.0
0,4,47.125,0.0,1.0
0,4,47.25,0.0,1.0
0,4,47.375,0.0,0.0
0,4,47.5,0.0,1.0
0,4,47.625,0.0,0.0
0,4,47.75,0.0,0.0
0,4,47.875,0.0,1.0
0,4,48.0,0.0,0.0
0,4,48.125,0.0,0.0
0,4,48.25,0.0,0.0
0,4,48.375,0.0,0.0
0,4,48.5,0.0,0.0
0,4,48.625,0.0,0.0
0,4,48.75,0.0,0.0
0,4,48.875,0.0,0.0
0,4,49.0,0.0,1.0
0,4,49.125,0.0,0.0
0,4,49.25,0.0,0.0
0,4,49.375,0.0,0.0
0,4,49.5,0.0,0.0
0,4,49.625,0.0,1.0
0,4,49.75,0.0,0.0
0,4,49.875,0.0,0.0
0,4,50.0,0.0,1.0
0,4,50.125,0.0,0.0
0,4,50.25,0.0,0.0
0,4,50.375,0.0,0.0
0,4,50.5,0.0,0.0
0,4,50.625,500.0,1.0
0,4,50.75,0.0,0.0
0,4,50.875,500.0,1.0
0,4,51.0,0.0,0.0
0,4,51.125,0.0,0.0
0,4,51.25,0.0,1.0
0,4,51.375,0.0,0.0
0,4,51.5,0.0,0.0
0,4,51.625,0.0,0.0
0,4,51.75,0.0,0.0
0,4,51.875,0.0,0.0
0,4,52.0,0.0,0.0
0,4,52.125,0.0,0.0
0,4,52.25,0.0,0.0
0,4,52.375,500.0,1.0
0,4,52.5,0.0,0.0
0,4,52.625,500.0,1.0
0,4,52.75,0.0,0.0
0,4,52.875,0.0,0.0
0,4,53.0,0.0,1.0
0,4,53.125,0.0,0.0
0,4,53.25,0.0,0.0
0,4,53.375,0.0,0.0
0,4,53.5,0.0,0.0
0,4,53.625,0.0,1.0
0,4,53.75,500.0,1.0
0,4,53.875,0.0,0.0
0,4,54.0,0.0,0.0
0,4,54.125,500.0,1.0
0,4,54.25,0.0,0.0
0,4,54.375,0.0,0.0
0,4,54.5,500.0,1.0
0,4,54.625,0.0,0.0
0,4,54.75,0.0,1.0
0,4,54.875,0.0,0.0
0,4,55.0,0.0,0.0
0,4,55.125,0.0,1.0
0,4,55.25,0.0,1.0
0,4,55.375,0.0,0.0
0,4,55.5,0.0,1.0
0,4,55.625,0.0,0.0
0,4,55.75,0.0,0.0
0,4,55.875,0.0,0.0
0,4,56.0,500.0,1.0
0,4,56.125,0.0,1.0
0,4,56.25,500.0,1.0
0,4,56.375,0.0,0.0
0,4,56.5,0.0,0.0
0,4,56.625,0.0,0.0
0,4,56.75,0.0,0.0
0,4,56.875,0.0,0.0
0,4,57.0,0.0,0.0
0,4,57.125,0.0,0.0
0,4,57.25,0.0,0.0
0,4,57.375,0.0,0.0
0,4,57.5,0.0,0.0
0,4,57.625,0.0,0.0
0,4,57.75,0.0,0.0
0,4,57.875,0.0,1.0
0,4,58.0,500.0,1.0
0,4,58.125,0.0,0.0
0,4,58.25,0.0,0.0
0,4,58.375,0.0,0.0
0,4,58.5,0.0,0.0
0,4,58.625,0.0,0.0
0,4,58.75,0.0,0.0
0,4,58.875,0.0,0.0
0,4,59.0,0.0,0.0
0,4,59.125,0.0,0.0
0,4,59.25,0.0,1.0
0,4,59.375,0.0,0.0
0,4,59.5,0.0,0.0
0,4,59.625,0.0,0.0
0,4,59.75,0.0,1.0
0,4,59.875,0.0,0.0
0,4,60.0,0.0,0.0
0,4,60.125,0.0,0.0
0,4,60.25,0.0,0.0
0,4,60.375,0.0,0.0
0,4,60.5,0.0,0.0
0,4,60.625,0.0,0.0
0,4,60.75,0.0,0.0
0,4,60.875,0.0,1.0
0,4,61.0,0.0,1.0
0,4,61.125,0.0,0.0
0,4,61.25,500.0,1.0
0,4,61.375,500.0,1.0
0,4,61.5,0.0,0.0
0,4,61.625,0.0,0.0
0,4,61.75,0.0,0.0
0,4,61.875,0.0,0.0
0,4,62.0,0.0,1.0
0,4,62.125,0.0,0.0
0,4,62.25,0.0,0.0
0,4,62.375,0.0,0.0
0,5,0.0,0.0,1.0
0,5,0.125,0.0,0.0
0,5,0.25,0.0,0.0
0,5,0.375,0.0,1.0
0,5,0.5,0.0,0.0
0,5,0.625,0.0,0.0
0,5,0.75,0.0,0.0
0,5,0.875,0.0,0.0
0,5,1.0,0.0,0.0
0,5,1.125,0.0,0.0
0,5,1.25,500.0,1.0
0,5,1.375,0.0,0.0
0,5,1.5,0.0,0.0
0,5,1.625,0.0,0.0
0,5,1.75,0.0,0.0
0,5,1.875,0.0,0.0
0,5,2.0,0.0,1.0
0,5,2.125,0.0,0.0
0,5,2.25,0.0,0.0
0,5,2.375,0.0,1.0
0,5,2.5,500.0,1.0
0,5,2.625,0.0,0.0
0,5,2.75,0.0,0.0
0,5,2.875,0.0,0.0
0,5,3.0,0.0,0.0
0,5,3.125,0.0,0.0
0,5,3.25,0.0,1.0
0,5,3.375,0.0,0.0
0,5,3.5,0.0,0.0
0,5,3.625,0.0,1.0
0,5,3.75,500.0,1.0
0,5,3.875,0.0,0.0
0,5,4.0,0.0,0.0
0,5,4.125,0.0,0.0
0,5,4.25,500.0,1.0
0,5,4.375,0.0,0.0
0,5,4.5,500.0,1.0
0,5,4.625,0.0,0.0
0,5,4.75,0.0,0.0
0,5,4.875,0.0,0.0
0,5,5.0,0.0,0.0
0,5,5.125,0.0,0.0
0,5,5.25,0.0,0.0
0,5,5.375,0.0,1.0
0,5,5.5,500.0,1.0
0,5,5.625,0.0,1.0
0,5,5.75,0.0,0.0
0,5,5.875,0.0,1.0
0,5,6.0,0.0,0.0
0,5,6.125,0.0,0.0
0,5,6.25,0.0,0.0
0,5,6.375,0.0,0.0
0,5,6.5,0.0,0.0
0,5,6.625,0.0,0.0
0,5,6.75,0.0,0.0
0,5,6.875,0.0,0.0
0,5,7.0,0.0,1.0
0,5,7.125,0.0,0.0
0,5,7.25,0.0,0.0
0,5,7.375,0.0,0.0
0,5,7.5,0.0,0.0
0,5,7.625,0.0,0.0
0,5,7.75,0.0,0.0
0,5,7.875,0.0,0.0
0,5,8.0,0.0,0.0
0,5,8.125,0.0,1.0
0,5,8.25,0.0,1.0
0,5,8.375,0.0,0.0
0,5,8.5,0.0,0.0
0,5,8.625,0.0,0.0
0,5,8.75,0.0,0.0
0,5,8.875,0.0,0.0
0,5,9.0,0.0,0.0
0,5,9.125,0.0,0.0
0,5,9.25,0.0,0.0
0,5,9.375,0.0,0.0
0,5,9.5,0.0,0.0
0,5,9.625,0.0,1.0
0,5,9.75,0.0,1.0
0,5,9.875,0.0,0.0
0,5,10.0,0.0,0.0
0,5,10.125,0.0,0.0
0,5,10.25,0.0,0.0
0,5,10.375,0.0,1.0
0,5,10.5,0.0,1.0
0,5,10.625,0.0,0.0
0,5,10.75,0.0,0.0
0,5,10.875,0.0,0.0
0,5,11.0,0.0,0.0
0,5,11.125,0.0,0.0
0,5,11.25,0.0,0.0
0,5,11.375,0.0,1.0
0,5,11.5,0.0,0.0
0,5,11.625,0.0,0.0
0,5,11.75,0.0,0.0
0,5,11.875,500.0,1.0
0,5,12.0,0.0,1.0
0,5,12.125,0.0,1.0
0,5,12.25,0.0,0.0
0,5,12.375,0.0,0.0
0,5,12.5,0.0,0.0
0,5,12.625,0.0,0.0
0,5,12.75,0.0,0.0
0,5,12.875,0.0,0.0
0,5,13.0,0.0,0.0
0,5,13.125,0.0,0.0
0,5,13.25,0.0,0.0
0,5,13.375,0.0,0.0
0,5,13.5,0.0,0.0
0,5,13.625,0.0,0.0
0,5,13.75,0.0,0.0
0,5,13.875,0.0,1.0
0,5,14.0,0.0,0.0
0,5,14.125,0.0,0.0
0,5,14.25,0.0,0.0
0,5,14.375,0.0,0.0
0,5,14.5,0.0,0.0
0,5,14.625,0.0,0.0
0,5,14.75,0.0,0.0
0,5,14.875,0.0,0.0
0,5,15.0,0.0,0.0
0,5,15.125,0.0,0.0
0,5,15.25,0.0,0.0
0,5,15.375,0.0,0.0
0,5,15.5,0.0,0.0
0,5,15.625,0.0,0.0
0,5,15.75,0.0,1.0
0,5,15.875,500.0,1.0
0,5,16.0,0.0,0.0
0,5,16.125,0.0,0.0
0,5,16.25,0.0,0.0
0,5,16.375,500.0,1.0
0,5,16.5,500.0,1.0
0,5,16.625,0.0,1.0
0,5,16.75,0.0,0.0
0,5,16.875,0.0,0.0
0,5,17.0,0.0,0.0
0,5,17.125,0.0,0.0
0,5,17.25,500.0,1.0
0,5,17.375,0.0,1.0
0,5,17.5,0.0,0.0
0,5,17.625,0.0,0.0
0,5,17.75,0.0,0.0
0,5,17.875,0.0,0.0
0,5,18.0,0.0,0.0
0,5,18.125,0.0,0.0
0,5,18.25,0.0,0.0
0,5,18.375,0.0,0.0
0,5,18.5,0.0,0.0
0,5,18.625,0.0,0.0
0,5,18.75,0.0,1.0
0,5,18.875,0.0,1.0
0,5,19.0,0.0,0.0
0,5,19.125,0.0,0.0
0,5,19.25,0.0,0.0
0,5,19.375,0.0,0.0
0,5,19.5,0.0,1.0
0,5,19.625,0.0,0.0
0,5,19.75,0.0,0.0
0,5,19.875,0.0,1.0
0,5,20.0,0.0,0.0
0,5,20.125,0.0,0.0
0,5,20.25,0.0,0.0
0,5,20.375,0.0,0.0
0,5,20.5,0.0,1.0
0,5,20.625,0.0,0.0
0,5,20.75,0.0,0.0
0,5,20.875,0.0,0.0
0,5,21.0,0.0,0.0
0,5,21.125,0.0,0.0
0,5,21.25,0.0,0.0
0,5,21.375,0.0,0.0
0,5,21.5,0.0,0.0
0,5,21.625,0.0,1.0
0,5,21.75,0.0,0.0
0,5,21.875,0.0,1.0
0,5,22.0,0.0,0.0
0,5,22.125,500.0,1.0
0,5,22.25,0.0,0.0
0,5,22.375,0.0,0.0
0,5,22.5,0.0,0.0
0,5,22.625,0.0,1.0
0,5,22.75,0.0,0.0
0,5,22.875,0.0,1.0
0,5,23.0,0.0,1.0
0,5,23.125,0.0,0.0
0,5,23.25,0.0,0.0
0,5,23.375,0.0,0.0
0,5,23.5,0.0,0.0
0,5,23.625,0.0,0.0
0,5,23.75,500.0,1.0
0,5,23.875,0.0,1.0
0,5,24.0,0.0,0.0
0,5,24.125,0.0,0.0
0,5,24.25,0.0,0.0
0,5,24.375,500.0,1.0
0,5,24.5,0.0,0.0
0,5,24.625,0.0,1.0
0,5,24.75,0.0,1.0
0,5,24.875,0.0,0.0
0,5,25.0,0.0,0.0
0,5,25.125,0.0,1.0
0,5,25.25,500.0,1.0
0,5,25.375,0.0,1.0
0,5,25.5,0.0,1.0
0,5,25.625,0.0,0.0
0,5,25.75,0.0,0.0
0,5,25.875,0.0,0.0
0,5,26.0,0.0,1.0
0,5,26.125,0.0,1.0
0,5,26.25,0.0,0.0
0,5,26.375,0.0,1.0
0,5,26.5,0.0,1.0
0,5,26.625,0.0,0.0
0,5,26.75,0.0,0.0
0,5,26.875,0.0,0.0
0,5,27.0,0.0,0.0
0,5,27.125,0.0,0.0
0,5,27.25,0.0,0.0
0,5,27.375,0.0,0.0
0,5,27.5,0.0,1.0
0,5,27.625,0.0,0.0
0,5,27.75,0.0,0.0
0,5,27.875,0.0,0.0
0,5,28.0,0.0,0.0
0,5,28.125,0.0,0.0
0,5,28.25,0.0,0.0
0,5,28.375,0.0,0.0
0,5,28.5,0.0,0.0
0,5,28.625,0.0,0.0
0,5,28.75,500.0,1.0
0,5,28.875,0.0,0.0
0,5,29.0,500.0,1.0
0,5,29.125,0.0,0.0
0,5,29.25,0.0,0.0
0,5,29.375,0.0,0.0
0,5,29.5,0.0,0.0
0,5,29.625,0.0,1.0
0,5,29.75,0.0,0.0
0,5,29.875,0.0,0.0
0,5,30.0,0.0,0.0
0,5,30.125,0.0,0.0
0,5,30.25,0.0,0.0
0,5,30.375,0.0,1.0
0,5,30.5,0.0,0.0
0,5,30.625,0.0,0.0
0,5,30.75,500.0,1.0
0,5,30.875,0.0,0.0
0,5,31.0,0.0,0.0
0,5,31.125,0.0,0.0
0,5,31.25,0.0,1.0
0,5,31.375,0.0,1.0
0,5,31.5,0.0,0.0
0,5,31.625,0.0,0.0
0,5,31.75,0.0,0.0
0,5,31.875,0.0,0.0
0,5,32.0,0.0,1.0
0,5,32.125,0.0,1.0
0,5,32.25,0.0,0.0
0,5,32.375,500.0,1.0
0,5,32.5,0.0,0.0
0,5,32.625,0.0,0.0
0,5,32.75,0.0,0.0
0,5,32.875,500.0,1.0
0,5,33.0,0.0,0.0
0,5,33.125,0.0,0.0
0,5,33.25,0.0,1.0
0,5,33.375,0.0,0.0
0,5,33.5,0.0,0.0
0,5,33.625,0.0,0.0
0,5,33.75,0.0,0.0
0,5,33.875,0.0,0.0
0,5,34.0,0.0,0.0
0,5,34.125,0.0,1.0
0,5,34.25,0.0,0.0
0,5,34.375,0.0,0.0
0,5,34.5,0.0,0.0
0,5,34.625,0.0,0.0
0,5,34.75,500.0,1.0
0,5,34.875,0.0,0.0
0,5,35.0,0.0,1.0
0,5,35.125,0.0,1.0
0,5,35.25,0.0,0.0
0,5,35.375,0.0,0.0
0,5,35.5,500.0,1.0
0,5,35.625,500.0,1.0
0,5,35.75,0.0,0.0
0,5,35.875,0.0,0.0
0,5,36.0,0.0,1.0
0,5,36.125,0.0,0.0
0,5,36.25,0.0,0.0
0,5,36.375,500.0,1.0
0,5,36.5,0.0,0.0
0,5,36.625,0.0,1.0
0,5,36.75,0.0,0.0
0,5,36.875,0.0,1.0
0,5,37.0,500.0,1.0
0,5,37.125,0.0,0.0
0,5,37.25,0.0,0.0
0,5,37.375,0.0,0.0
0,5,37.5,0.0,0.0
0,5,37.625,0.0,0.0
0,5,37.75,0.0,0.0
0,5,37.875,0.0,0.0
0,5,38.0,0.0,0.0
0,5,38.125,0.0,0.0
0,5,38.25,0.0,0.0
0,5,38.375,0.0,0.0
0,5,38.5,0.0,0.0
0,5,38.625,0.0,1.0
0,5,38.75,0.0,0.0
0,5,38.875,0.0,1.0
0,5,39.0,0.0,0.0
0,5,39.125,500.0,1.0
0,5,39.25,500.0,1.0
0,5,39.375,500.0,1.0
0,5,39.5,0.0,0.0
0,5,39.625,0.0,0.0
0,5,39.75,0.0,1.0
0,5,39.875,0.0,0.0
0,5,40.0,0.0,0.0
0,5,40.125,0.0,0.0
0,5,40.25,0.0,1.0
0,5,40.375,0.0,0.0
0,5,40.5,0.0,0.0
0,5,40.625,0.0,1.0
0,5,40.75,0.0,0.0
0,5,40.875,0.0,1.0
0,5,41.0,0.0,1.0
0,5,41.125,0.0,0.0
0,5,41.25,0.0,0.0
0,5,41.375,0.0,0.0
0,5,41.5,500.0,1.0
0,5,41.625,0.0,0.0
0,5,41.75,0.0,0.0
0,5,41.875,0.0,0.0
0,5,42.0,0.0,1.0
0,5,42.125,0.0,0.0
0,5,42.25,0.0,1.0
0,5,42.375,0.0,1.0
0,5,42.5,0.0,0.0
0,5,42.625,0.0,0.0
0,5,42.75,0.0,0.0
0,5,42.875,0.0,0.0
0,5,43.0,500.0,1.0
0,5,43.125,0.0,0.0
0,5,43.25,0.0,0.0
0,5,43.375,0.0,0.0
0,5,43.5,0.0,1.0
0,5,43.625,0.0,1.0
0,5,43.75,0.0,0.0
0,5,43.875,0.0,1.0
0,5,44.0,0.0,0.0
0,5,44.125,0.0,0.0
0,5,44.25,0.0,0.0
0,5,44.375,500.0,1.0
0,5,44.5,0.0,1.0
0,5,44.625,0.0,0.0
0,5,44.75,0.0,1.0
0,5,44.875,0.0,0.0
0,5,45.0,0.0,1.0
0,5,45.125,0.0,0.0
0,5,45.25,0.0,1.0
0,5,45.375,500.0,1.0
0,5,45.5,500.0,1.0
0,5,45.625,0.0,0.0
0,5,45.75,500.0,1.0
0,5,45.875,500.0,1.0
0,5,46.0,0.0,0.0
0,5,46.125,0.0,0.0
0,5,46.25,0.0,0.0
0,5,46.375,0.0,0.0
0,5,46.5,0.0,0.0
0,5,46.625,0.0,0.0
0,5,46.75,0.0,0.0
0,5,46.875,0.0,0.0
0,5,47.0,0.0,0.0
0,5,47.125,500.0,1.0
0,5,47.25,0.0,0.0
0,5,47.375,0.0,0.0
0,5,47.5,0.0,0.0
0,5,47.625,0.0,1.0
0,5,47.75,0.0,0.0
0,5,47.875,0.0,0.0
0,5,48.0,0.0,0.0
0,5,48.125,0.0,1.0
0,5,48.25,0.0,0.0
0,5,48.375,0.0,0.0
0,5,48.5,0.0,0.0
0,5,48.625,0.0,0.0
0,5,48.75,0.0,1.0
0,5,48.875,0.0,1.0
0,5,49.0,0.0,0.0
0,5,49.125,0.0,0.0
0,5,49.25,0.0,0.0
0,5,49.375,0.0,0.0
0,5,49.5,0.0,0.0
0,5,49.625,0.0,1.0
0,5,49.75,0.0,0.0
0,5,49.875,500.0,1.0
0,5,50.0,500.0,1.0
0,5,50.125,0.0,0.0
0,5,50.25,0.0,0.0
0,5,50.375,0.0,0.0
0,5,50.5,0.0,0.0
0,5,50.625,500.0,1.0
0,5,50.75,0.0,1.0
0,5,50.875,0.0,0.0
0,5,51.0,500.0,1.0
0,5,51.125,0.0,0.0
0,5,51.25,0.0,0.0
0,5,51.375,0.0,1.0
0,5,51.5,0.0,0.0
0,5,51.625,0.0,1.0
0,5,51.75,0.0,0.0
0,5,51.875,0.0,1.0
0,5,52.0,0.0,1.0
0,5,52.125,0.0,1.0
0,5,52.25,0.0,1.0
0,5,52.375,0.0,0.0
0,5,52.5,0.0,0.0
0,5,52.625,0.0,0.0
0,5,52.75,0.0,1.0
0,5,52.875,500.0,1.0
0,5,53.0,0.0,1.0
0,5,53.125,500.0,1.0
0,5,53.25,0.0,0.0
0,5,53.375,500.0,1.0
0,5,53.5,0.0,0.0
0,5,53.625,0.0,0.0
0,5,53.75,0.0,0.0
0,5,53.875,0.0,0.0
0,5,54.0,0.0,0.0
0,5,54.125,0.0,1.0
0,5,54.25,0.0,0.0
0,5,54.375,0.0,1.0
0,5,54.5,0.0,0.0
0,5,54.625,0.0,1.0
0,5,54.75,0.0,0.0
0,5,54.875,0.0,0.0
0,5,55.0,0.0,1.0
0,5,55.125,0.0,0.0
0,5,55.25,0.0,1.0
0,5,55.375,0.0,0.0
0,5,55.5,0.0,0.0
0,5,55.625,0.0,0.0
0,5,55.75,0.0,0.0
0,5,55.875,0.0,0.0
0,5,56.0,0.0,1.0
0,5,56.125,0.0,0.0
0,5,56.25,0.0,0.0
0,5,56.375,0.0,0.0
0,5,56.5,0.0,0.0
0,5,56.625,0.0,0.0
0,5,56.75,500.0,1.0
0,5,56.875,0.0,0.0
0,5,57.0,0.0,1.0
0,5,57.125,0.0,1.0
0,5,57.25,500.0,1.0
0,5,57.375,0.0,0.0
0,5,57.5,0.0,0.0
0,5,57.625,0.0,0.0
0,5,57.75,0.0,1.0
0,5,57.875,0.0,0.0
0,5,58.0,0.0,0.0
0,5,58.125,0.0,1.0
0,5,58.25,500.0,1.0
0,5,58.375,0.0,0.0
0,5,58.5,0.0,1.0
0,5,58.625,0.0,0.0
0,5,58.75,500.0,1.0
0,5,58.875,0.0,0.0
0,5,59.0,0.0,0.0
0,5,59.125,0.0,1.0
0,5,59.25,0.0,0.0
0,5,59.375,500.0,1.0
0,5,59.5,0.0,0.0
0,5,59.625,0.0,0.0
0,5,59.75,500.0,1.0
0,5,59.875,0.0,0.0
0,5,60.0,0.0,0.0
0,5,60.125,0.0,1.0
0,5,60.25,0.0,0.0
0,5,60.375,0.0,0.0
0,5,60.5,0.0,0.0
0,5,60.625,0.0,0.0
0,5,60.75,0.0,0.0
0,5,60.875,0.0,0.0
0,5,61.0,0.0,0.0
0,5,61.125,0.0,0.0
0,5,61.25,0.0,1.0
0,5,61.375,0.0,0.0
0,5,61.5,0.0,0.0
0,5,61.625,0.0,1.0
0,5,61.75,500.0,1.0
0,5,61.875,0.0,0.0
0,5,62.0,0.0,1.0
0,5,62.125,500.0,1.0
0,5,62.25,0.0,0.0
0,5,62.375,0.0,1.0
0,6,0.0,0.0,0.0
0,6,0.125,0.0,1.0
0,6,0.25,0.0,1.0
0,6,0.375,0.0,0.0
0,6,0.5,0.0,1.0
0,6,0.625,0.0,1.0
0,6,0.75,0.0,0.0
0,6,0.875,0.0,0.0
0,6,1.0,0.0,0.0
0,6,1.125,0.0,0.0
0,6,1.25,0.0,0.0
0,6,1.375,0.0,0.0
0,6,1.5,0.0,0.0
0,6,1.625,0.0,1.0
0,6,1.75,0.0,0.0
0,6,1.875,0.0,0.0
0,6,2.0,0.0,0.0
0,6,2.125,0.0,0.0
0,6,2.25,0.0,0.0
0,6,2.375,0.0,0.0
0,6,2.5,0.0,0.0
0,6,2.625,0.0,0.0
0,6,2.75,500.0,1.0
0,6,2.875,0.0,0.0
0,6,3.0,0.0,1.0
0,6,3.125,0.0,1.0
0,6,3.25,500.0,1.0
0,6,3.375,0.0,0.0
0,6,3.5,0.0,0.0
0,6,3.625,0.0,0.0
0,6,3.75,0.0,1.0
0,6,3.875,500.0,1.0
0,6,4.0,0.0,1.0
0,6,4.125,0.0,0.0
0,6,4.25,0.0,0.0
0,6,4.375,0.0,0.0
0,6,4.5,0.0,1.0
0,6,4.625,0.0,1.0
0,6,4.75,0.0,0.0
0,6,4.875,0.0,0.0
0,6,5.0,0.0,0.0
0,6,5.125,0.0,1.0
0,6,5.25,0.0,0.0
0,6,5.375,0.0,0.0
0,6,5.5,0.0,1.0
0,6,5.625,0.0,0.0
0,6,5.75,500.0,1.0
0,6,5.875,0.0,0.0
0,6,6.0,0.0,1.0
0,6,6.125,0.0,1.0
0,6,6.25,0.0,0.0
0,6,6.375,500.0,1.0
0,6,6.5,0.0,1.0
0,6,6.625,500.0,1.0
0,6,6.75,0.0,1.0
0,6,6.875,0.0,0.0
0,6,7.0,500.0,1.0
0,6,7.125,0.0,0.0
0,6,7.25,0.0,0.0
0,6,7.375,0.0,0.0
0,6,7.5,0.0,0.0
0,6,7.625,500.0,1.0
0,6,7.75,0.0,1.0
0,6,7.875,0.0,0.0
0,6,8.0,0.0,1.0
0,6,8.125,0.0,1.0
0,6,8.25,0.0,0.0
0,6,8.375,500.0,1.0
0,6,8.5,0.0,0.0
0,6,8.625,0.0,0.0
0,6,8.75,0.0,0.0
0,6,8.875,0.0,0.0
0,6,9.0,0.0,0.0
0,6,9.125,0.0,1.0
0,6,9.25,0.0,0.0
0,6,9.375,0.0,0.0
0,6,9.5,0.0,1.0
0,6,9.625,0.0,1.0
0,6,9.75,0.0,0.0
0,6,9.875,500.0,1.0
0,6,10.0,0.0,0.0
0,6,10.125,0.0,0.0
0,6,10.25,0.0,0.0
0,6,10.375,500.0,1.0
0,6,10.5,0.0,0.0
0,6,10.625,0.0,1.0
0,6,10.75,0.0,0.0
0,6,10.875,500.0,1.0
0,6,11.0,0.0,1.0
0,6,11.125,0.0,1.0
0,6,11.25,500.0,1.0
0,6,11.375,0.0,0.0
0,6,11.5,0.0,0.0
0,6,11.625,0.0,0.0
0,6,11.75,0.0,0.0
0,6,11.875,0.0,0.0
0,6,12.0,0.0,0.0
0,6,12.125,0.0,0.0
0,6,12.25,0.0,0.0
0,6,12.375,0.0,0.0
0,6,12.5,0.0,0.0
0,6,12.625,0.0,0.0
0,6,12.75,0.0,0.0
0,6,12.875,0.0,0.0
0,6,13.0,0.0,0.0
0,6,13.125,0.0,0.0
0,6,13.25,0.0,0.0
0,6,13.375,0.0,0.0
0,6,13.5,0.0,0.0
0,6,13.625,0.0,0.0
0,6,13.75,0.0,0.0
0,6,13.875,0.0,0.0
0,6,14.0,0.0,0.0
0,6,14.125,0.0,0.0
0,6,14.25,0.0,0.0
0,6,14.375,0.0,0.0
0,6,14.5,0.0,1.0
0,6,14.625,0.0,1.0
0,6,14.75,500.0,1.0
0,6,14.875,0.0,0.0
0,6,15.0,0.0,0.0
0,6,15.125,0.0,0.0
0,6,15.25,0.0,0.0
0,6,15.375,500.0,1.0
0,6,15.5,0.0,0.0
0,6,15.625,0.0,0.0
0,6,15.75,0.0,0.0
0,6,15.875,0.0,0.0
0,6,16.0,0.0,0.0
0,6,16.125,0.0,0.0
0,6,16.25,500.0,1.0
0,6,16.375,0.0,0.0
0,6,16.5,0.0,1.0
0,6,16.625,0.0,0.0
0,6,16.75,0.0,1.0
0,6,16.875,500.0,1.0
0,6,17.0,0.0,0.0
0,6,17.125,0.0,0.0
0,6,17.25,500.0,1.0
0,6,17.375,0.0,1.0
0,6,17.5,0.0,1.0
0,6,17.625,0.0,1.0
0,6,17.75,0.0,0.0
0,6,17.875,500.0,1.0
0,6,18.0,0.0,0.0
0,6,18.125,0.0,0.0
0,6,18.25,0.0,0.0
0,6,18.375,0.0,0.0
0,6,18.5,0.0,0.0
0,6,18.625,0.0,0.0
0,6,18.75,0.0,0.0
0,6,18.875,0.0,0.0
0,6,19.0,0.0,0.0
0,6,19.125,0.0,0.0
0,6,19.25,0.0,0.0
0,6,19.375,0.0,1.0
0,6,19.5,0.0,0.0
0,6,19.625,0.0,0.0
0,6,19.75,0.0,0.0
0,6,19.875,0.0,0.0
0,6,20.0,0.0,0.0
0,6,20.125,0.0,0.0
0,6,20.25,0.0,0.0
0,6,20.375,0.0,1.0
0,6,20.5,0.0,0.0
0,6,20.625,500.0,1.0
0,6,20.75,500.0,1.0
0,6,20.875,0.0,0.0
0,6,21.0,0.0,0.0
0,6,21.125,0.0,0.0
0,6,21.25,0.0,0.0
0,6,21.375,0.0,0.0
0,6,21.5,0.0,0.0
0,6,21.625,0.0,1.0
0,6,21.75,0.0,1.0
0,6,21.875,0.0,0.0
0,6,22.0,0.0,1.0
0,6,22.125,0.0,0.0
0,6,22.25,0.0,0.0
0,6,22.375,0.0,0.0
0,6,22.5,0.0,0.0
0,6,22.625,0.0,0.0
0,6,22.75,0.0,0.0
0,6,22.875,0.0,0.0
0,6,23.0,0.0,0.0
0,6,23.125,0.0,0.0
0,6,23.25,0.0,0.0
0,6,23.375,0.0,0.0
0,6,23.5,0.0,0.0
0,6,23.625,0.0,0.0
0,6,23.75,0.0,0.0
0,6,23.875,0.0,0.0
0,6,24.0,0.0,1.0
0,6,24.125,0.0,0.0
0,6,24.25,0.0,0.0
0,6,24.375,0.0,0.0
0,6,24.5,500.0,1.0
0,6,24.625,0.0,0.0
0,6,24.75,0.0,0.0
0,6,24.875,0.0,0.0
0,6,25.0,0.0,0.0
0,6,25.125,0.0,0.0
0,6,25.25,0.0,1.0
0,6,25.375,500.0,1.0
0,6,25.5,0.0,0.0
0,6,25.625,0.0,0.0
0,6,25.75,0.0,0.0
0,6,25.875,0.0,0.0
0,6,26.0,0.0,1.0
0,6,26.125,0.0,0.0
0,6,26.25,0.0,0.0
0,6,26.375,0.0,0.0
0,6,26.5,0.0,0.0
0,6,26.625,0.0,1.0
0,6,26.75,0.0,0.0
0,6,26.875,0.0,1.0
0,6,27.0,500.0,1.0
0,6,27.125,500.0,1.0
0,6,27.25,0.0,0.0
0,6,27.375,0.0,1.0
0,6,27.5,0.0,0.0
0,6,27.625,0.0,0.0
0,6,27.75,0.0,0.0
0,6,27.875,0.0,1.0
0,6,28.0,0.0,0.0
0,6,28.125,0.0,0.0
0,6,28.25,0.0,0.0
0,6,28.375,0.0,0.0
0,6,28.5,0.0,0.0
0,6,28.625,0.0,0.0
0,6,28.75,0.0,0.0
0,6,28.875,0.0,0.0
0,6,29.0,0.0,1.0
0,6,29.125,500.0,1.0
0,6,29.25,500.0,1.0
0,6,29.375,0.0,0.0
0,6,29.5,0.0,0.0
0,6,29.625,0.0,0.0
0,6,29.75,0.0,1.0
0,6,29.875,0.0,0.0
0,6,30.0,0.0,1.0
0,6,30.125,0.0,0.0
0,6,30.25,0.0,0.0
0,6,30.375,0.0,0.0
0,6,30.5,0.0,0.0
0,6,30.625,500.0,1.0
0,6,30.75,0.0,1.0
0,6,30.875,500.0,1.0
0,6,31.0,500.0,1.0
0,6,31.125,0.0,0.0
0,6,31.25,500.0,1.0
0,6,31.375,0.0,0.0
0,6,31.5,0.0,0.0
0,6,31.625,0.0,0.0
0,6,31.75,0.0,0.0
0,6,31.875,0.0,0.0
0,6,32.0,0.0,0.0
0,6,32.125,0.0,0.0
0,6,32.25,0.0,0.0
0,6,32.375,0.0,0.0
0,6,32.5,0.0,1.0
0,6,32.625,0.0,1.0
0,6,32.75,0.0,0.0
0,6,32.875,0.0,0.0
0,6,33.0,0.0,0.0
0,6,33.125,0.0,0.0
0,6,33.25,0.0,0.0
0,6,33.375,0.0,1.0
0,6,33.5,0.0,0.0
0,6,33.625,0.0,0.0
0,6,33.75,500.0,1.0
0,6,33.875,0.0,0.0
0,6,34.0,0.0,0.0
0,6,34.125,0.0,0.0
0,6,34.25,0.0,0.0
0,6,34.375,500.0,1.0
0,6,34.5,0.0,0.0
0,6,34.625,0.0,0.0
0,6,34.75,0.0,0.0
0,6,34.875,0.0,0.0
0,6,35.0,0.0,0.0
0,6,35.125,0.0,1.0
0,6,35.25,0.0,0.0
0,6,35.375,0.0,1.0
0,6,35.5,0.0,1.0
0,6,35.625,0.0,0.0
0,6,35.75,0.0,0.0
0,6,35.875,0.0,0.0
0,6,36.0,0.0,0.0
0,6,36.125,500.0,1.0
0,6,36.25,0.0,0.0
0,6,36.375,0.0,0.0
0,6,36.5,0.0,0.0
0,6,36.625,0.0,0.0
0,6,36.75,0.0,0.0
0,6,36.875,0.0,0.0
0,6,37.0,0.0,1.0
0,6,37.125,0.0,0.0
0,6,37.25,0.0,0.0
0,6,37.375,0.0,0.0
0,6,37.5,0.0,0.0
0,6,37.625,0.0,0.0
0,6,37.75,0.0,1.0
0,6,37.875,0.0,0.0
0,6,38.0,500.0,1.0
0,6,38.125,0.0,1.0
0,6,38.25,500.0,1.0
0,6,38.375,0.0,0.0
0,6,38.5,0.0,0.0
0,6,38.625,0.0,1.0
0,6,38.75,0.0,1.0
0,6,38.875,0.0,1.0
0,6,39.0,0.0,0.0
0,6,39.125,0.0,0.0
0,6,39.25,0.0,0.0
0,6,39.375,500.0,1.0
0,6,39.5,500.0,1.0
0,6,39.625,0.0,0.0
0,6,39.75,0.0,0.0
0,6,39.875,500.0,1.0
0,6,40.0,500.0,1.0
0,6,40.125,0.0,0.0
0,6,40.25,0.0,0.0
0,6,40.375,0.0,1.0
0,6,40.5,0.0,1.0
0,6,40.625,0.0,0.0
0,6,40.75,0.0,1.0
0,6,40.875,0.0,1.0
0,6,41.0,0.0,0.0
0,6,41.125,500.0,1.0
0,6,41.25,500.0,1.0
0,6,41.375,0.0,0.0
0,6,41.5,0.0,0.0
0,6,41.625,0.0,1.0
0,6,41.75,0.0,0.0
0,6,41.875,0.0,0.0
0,6,42.0,0.0,0.0
0,6,42.125,0.0,0.0
0,6,42.25,0.0,1.0
0,6,42.375,0.0,1.0
0,6,42.5,0.0,0.0
0,6,42.625,0.0,0.0
0,6,42.75,0.0,1.0
0,6,42.875,0.0,1.0
0,6,43.0,0.0,0.0
0,6,43.125,0.0,0.0
0,6,43.25,0.0,0.0
0,6,43.375,0.0,1.0
0,6,43.5,500.0,1.0
0,6,43.625,0.0,0.0
0,6,43.75,0.0,1.0
0,6,43.875,0.0,1.0
0,6,44.0,0.0,1.0
0,6,44.125,0.0,0.0
0,6,44.25,0.0,0.0
0,6,44.375,0.0,0.0
0,6,44.5,0.0,0.0
0,6,44.625,0.0,1.0
0,6,44.75,0.0,0.0
0,6,44.875,0.0,0.0
0,6,45.0,0.0,0.0
0,6,45.125,500.0,1.0
0,6,45.25,0.0,0.0
0,6,45.375,0.0,0.0
0,6,45.5,0.0,0.0
0,6,45.625,0.0,0.0
0,6,45.75,0.0,0.0
0,6,45.875,500.0,1.0
0,6,46.0,0.0,1.0
0,6,46.125,0.0,1.0
0,6,46.25,0.0,0.0
0,6,46.375,0.0,0.0
0,6,46.5,0.0,1.0
0,6,46.625,0.0,1.0
0,6,46.75,0.0,1.0
0,6,46.875,0.0,1.0
0,6,47.0,0.0,1.0
0,6,47.125,0.0,0.0
0,6,47.25,0.0,0.0
0,6,47.375,0.0,1.0
0,6,47.5,0.0,0.0
0,6,47.625,0.0,1.0
0,6,47.75,0.0,0.0
0,6,47.875,0.0,1.0
0,6,48.0,0.0,0.0
0,6,48.125,0.0,1.0
0,6,48.25,0.0,0.0
0,6,48.375,0.0,0.0
0,6,48.5,0.0,0.0
0,6,48.625,0.0,1.0
0,6,48.75,0.0,0.0
0,6,48.875,0.0,0.0
0,6,49.0,0.0,0.0
0,6,49.125,0.0,1.0
0,6,49.25,500.0,1.0
0,6,49.375,0.0,0.0
0,6,49.5,0.0,1.0
0,6,49.625,500.0,1.0
0,6,49.75,0.0,1.0
0,6,49.875,500.0,1.0
0,6,50.0,0.0,0.0
0,6,50.125,0.0,0.0
0,6,50.25,0.0,0.0
0,6,50.375,0.0,1.0
0,6,50.5,0.0,0.0
0,6,50.625,0.0,1.0
0,6,50.75,0.0,1.0
0,6,50.875,500.0,1.0
0,6,51.0,0.0,0.0
0,6,51.125,0.0,0.0
0,6,51.25,0.0,0.0
0,6,51.375,0.0,0.0
0,6,51.5,0.0,0.0
0,6,51.625,500.0,1.0
0,6,51.75,0.0,1.0
0,6,51.875,0.0,0.0
0,6,52.0,0.0,0.0
0,6,52.125,0.0,1.0
0,6,52.25,0.0,1.0
0,6,52.375,0.0,1.0
0,6,52.5,0.0,0.0
0,6,52.625,0.0,0.0
0,6,52.75,0.0,0.0
0,6,52.875,0.0,0.0
0,6,53.0,0.0,0.0
0,6,53.125,0.0,1.0
0,6,53.25,0.0,1.0
0,6,53.375,0.0,1.0
0,6,53.5,0.0,0.0
0,6,53.625,500.0,1.0
0,6,53.75,0.0,0.0
0,6,53.875,0.0,0.0
0,6,54.0,0.0,0.0
0,6,54.125,0.0,0.0
0,6,54.25,0.0,1.0
0,6,54.375,0.0,0.0
0,6,54.5,0.0,0.0
0,6,54.625,0.0,0.0
0,6,54.75,500.0,1.0
0,6,54.875,0.0,0.0
0,6,55.0,0.0,0.0
0,6,55.125,0.0,0.0
0,6,55.25,0.0,0.0
0,6,55.375,0.0,0.0
0,6,55.5,0.0,0.0
0,6,55.625,0.0,0.0
0,6,55.75,0.0,0.0
0,6,55.875,0.0,1.0
0,6,56.0,0.0,0.0
0,6,56.125,500.0,1.0
0,6,56.25,0.0,0.0
0,6,56.375,0.0,0.0
0,6,56.5,0.0,0.0
0,6,56.625,0.0,1.0
0,6,56.75,0.0,0.0
0,6,56.875,0.0,0.0
0,6,57.0,0.0,0.0
0,6,57.125,0.0,0.0
0,6,57.25,0.0,0.0
0,6,57.375,500.0,1.0
0,6,57.5,0.0,0.0
0,6,57.625,0.0,0.0
0,6,57.75,0.0,0.0
0,6,57.875,0.0,0.0
0,6,58.0,0.0,1.0
0,6,58.125,0.0,0.0
0,6,58.25,0.0,0.0
0,6,58.375,500.0,1.0
0,6,58.5,0.0,0.0
0,6,58.625,0.0,0.0
0,6,58.75,0.0,1.0
0,6,58.875,500.0,1.0
0,6,59.0,0.0,1.0
0,6,59.125,0.0,1.0
0,6,59.25,500.0,1.0
0,6,59.375,0.0,0.0
0,6,59.5,0.0,0.0
0,6,59.625,0.0,0.0
0,6,59.75,0.0,0.0
0,6,59.875,0.0,0.0
0,6,60.0,0.0,0.0
0,6,60.125,0.0,0.0
0,6,60.25,0.0,0.0
0,6,60.375,500.0,1.0
0,6,60.5,0.0,0.0
0,6,60.625,0.0,0.0
0,6,60.75,0.0,0.0
0,6,60.875,0.0,0.0
0,6,61.0,0.0,0.0
0,6,61.125,0.0,0.0
0,6,61.25,500.0,1.0
0,6,61.375,0.0,1.0
0,6,61.5,0.0,1.0
0,6,61.625,500.0,1.0
0,6,61.75,0.0,0.0
0,6,61.875,0.0,0.0
0,6,62.0,0.0,0.0
0,6,62.125,0.0,0.0
0,6,62.25,0.0,0.0
0,6,62.375,0.0,1.0
0,7,0.0,0.0,0.0
0,7,0.125,0.0,0.0
0,7,0.25,0.0,0.0
0,7,0.375,0.0,0.0
0,7,0.5,0.0,0.0
0,7,0.625,0.0,0.0
0,7,0.75,0.0,0.0
0,7,0.875,0.0,1.0
0,7,1.0,0.0,1.0
0,7,1.125,0.0,0.0
0,7,1.25,500.0,1.0
0,7,1.375,0.0,1.0
0,7,1.5,0.0,0.0
0,7,1.625,0.0,0.0
0,7,1.75,0.0,0.0
0,7,1.875,0.0,0.0
0,7,2.0,0.0,1.0
0,7,2.125,0.0,0.0
0,7,2.25,0.0,1.0
0,7,2.375,0.0,0.0
0,7,2.5,0.0,0.0
0,7,2.625,0.0,0.0
0,7,2.75,500.0,1.0
0,7,2.875,0.0,0.0
0,7,3.0,0.0,1.0
0,7,3.125,0.0,0.0
0,7,3.25,0.0,0.0
0,7,3.375,0.0,0.0
0,7,3.5,0.0,1.0
0,7,3.625,0.0,1.0
0,7,3.75,0.0,0.0
0,7,3.875,0.0,0.0
0,7,4.0,0.0,0.0
0,7,4.125,0.0,0.0
0,7,4.25,0.0,1.0
0,7,4.375,0.0,1.0
0,7,4.5,0.0,0.0
0,7,4.625,0.0,0.0
0,7,4.75,500.0,1.0
0,7,4.875,0.0,0.0
0,7,5.0,500.0,1.0
0,7,5.125,0.0,1.0
0,7,5.25,0.0,0.0
0,7,5.375,0.0,1.0
0,7,5.5,0.0,0.0
0,7,5.625,0.0,1.0
0,7,5.75,0.0,0.0
0,7,5.875,0.0,0.0
0,7,6.0,0.0,0.0
0,7,6.125,0.0,0.0
0,7,6.25,500.0,1.0
0,7,6.375,0.0,0.0
0,7,6.5,0.0,0.0
0,7,6.625,0.0,0.0
0,7,6.75,0.0,0.0
0,7,6.875,0.0,0.0
0,7,7.0,0.0,0.0
0,7,7.125,0.0,0.0
0,7,7.25,500.0,1.0
0,7,7.375,0.0,0.0
0,7,7.5,0.0,0.0
0,7,7.625,0.0,0.0
0,7,7.75,0.0,0.0
0,7,7.875,0.0,0.0
0,7,8.0,500.0,1.0
0,7,8.125,0.0,0.0
0,7,8.25,0.0,1.0
0,7,8.375,0.0,0.0
0,7,8.5,0.0,1.0
0,7,8.625,0.0,1.0
0,7,8.75,500.0,1.0
0,7,8.875,0.0,1.0
0,7,9.0,0.0,0.0
0,7,9.125,500.0,1.0
0,7,9.25,0.0,0.0
0,7,9.375,0.0,0.0
0,7,9.5,0.0,0.0
0,7,9.625,0.0,1.0
0,7,9.75,0.0,0.0
0,7,9.875,0.0,0.0
0,7,10.0,0.0,1.0
0,7,10.125,0.0,1.0
0,7,10.25,0.0,1.0
0,7,10.375,0.0,0.0
0,7,10.5,0.0,0.0
0,7,10.625,0.0,0.0
0,7,10.75,0.0,0.0
0,7,10.875,0.0,1.0
0,7,11.0,0.0,1.0
0,7,11.125,0.0,1.0
0,7,11.25,0.0,0.0
0,7,11.375,0.0,0.0
0,7,11.5,0.0,1.0
0,7,11.625,0.0,0.0
0,7,11.75,0.0,0.0
0,7,11.875,0.0,0.0
0,7,12.0,500.0,1.0
0,7,12.125,0.0,1.0
0,7,12.25,0.0,0.0
0,7,12.375,0.0,0.0
0,7,12.5,0.0,1.0
0,7,12.625,0.0,0.0
0,7,12.75,0.0,0.0
0,7,12.875,0.0,0.0
0,7,13.0,0.0,0.0
0,7,13.125,0.0,0.0
0,7,13.25,0.0,0.0
0,7,13.375,0.0,0.0
0,7,13.5,0.0,0.0
0,7,13.625,0.0,0.0
0,7,13.75,0.0,0.0
0,7,13.875,0.0,0.0
0,7,14.0,500.0,1.0
0,7,14.125,500.0,1.0
0,7,14.25,0.0,0.0
0,7,14.375,0.0,1.0
0,7,14.5,0.0,1.0
0,7,14.625,0.0,0.0
0,7,14.75,0.0,1.0
0,7,14.875,0.0,0.0
0,7,15.0,0.0,1.0
0,7,15.125,0.0,1.0
0,7,15.25,500.0,1.0
0,7,15.375,0.0,0.0
0,7,15.5,0.0,0.0
0,7,15.625,0.0,1.0
0,7,15.75,0.0,0.0
0,7,15.875,0.0,1.0
0,7,16.0,0.0,0.0
0,7,16.125,0.0,0.0
0,7,16.25,0.0,1.0
0,7,16.375,0.0,0.0
0,7,16.5,0.0,0.0
0,7,16.625,500.0,1.0
0,7,16.75,0.0,0.0
0,7,16.875,0.0,0.0
0,7,17.0,0.0,0.0
0,7,17.125,0.0,0.0
0,7,17.25,0.0,0.0
0,7,17.375,0.0,0.0
0,7,17.5,0.0,0.0
0,7,17.625,0.0,0.0
0,7,17.75,0.0,1.0
0,7,17.875,0.0,0.0
0,7,18.0,0.0,0.0
0,7,18.125,0.0,0.0
0,7,18.25,0.0,0.0
0,7,18.375,0.0,0.0
0,7,18.5,0.0,0.0
0,7,18.625,0.0,1.0
0,7,18.75,0.0,0.0
0,7,18.875,500.0,1.0
0,7,19.0,0.0,0.0
0,7,19.125,0.0,0.0
0,7,19.25,0.0,0.0
0,7,19.375,0.0,0.0
0,7,19.5,0.0,0.0
0,7,19.625,0.0,0.0
0,7,19.75,0.0,0.0
0,7,19.875,0.0,0.0
0,7,20.0,0.0,1.0
0,7,20.125,0.0,1.0
0,7,20.25,0.0,0.0
0,7,20.375,0.0,0.0
0,7,20.5,0.0,0.0
0,7,20.625,0.0,0.0
0,7,20.75,500.0,1.0
0,7,20.875,0.0,0.0
0,7,21.0,0.0,0.0
0,7,21.125,0.0,1.0
0,7,21.25,0.0,0.0
0,7,21.375,0.0,0.0
0,7,21.5,0.0,0.0
0,7,21.625,0.0,0.0
0,7,21.75,0.0,0.0
0,7,21.875,0.0,0.0
0,7,22.0,0.0,0.0
0,7,22.125,0.0,0.0
0,7,22.25,0.0,0.0
0,7,22.375,0.0,1.0
0,7,22.5,0.0,0.0
0,7,22.625,0.0,0.0
0,7,22.75,0.0,1.0
0,7,22.875,0.0,0.0
0,7,23.0,0.0,1.0
0,7,23.125,0.0,0.0
0,7,23.25,500.0,1.0
0,7,23.375,0.0,0.0
0,7,23.5,0.0,0.0
0,7,23.625,0.0,0.0
0,7,23.75,0.0,0.0
0,7,23.875,0.0,1.0
0,7,24.0,0.0,0.0
0,7,24.125,0.0,0.0
0,7,24.25,0.0,0.0
0,7,24.375,0.0,0.0
0,7,24.5,0.0,0.0
0,7,24.625,0.0,0.0
0,7,24.75,0.0,0.0
0,7,24.875,0.0,1.0
0,7,25.0,0.0,0.0
0,7,25.125,0.0,1.0
0,7,25.25,0.0,0.0
0,7,25.375,0.0,0.0
0,7,25.5,0.0,1.0
0,7,25.625,0.0,0.0
0,7,25.75,500.0,1.0
0,7,25.875,0.0,1.0
0,7,26.0,0.0,1.0
0,7,26.125,500.0,1.0
0,7,26.25,0.0,0.0
0,7,26.375,0.0,0.0
0,7,26.5,0.0,0.0
0,7,26.625,0.0,1.0
0,7,26.75,0.0,1.0
0,7,26.875,500.0,1.0
0,7,27.0,500.0,1.0
0,7,27.125,0.0,0.0
0,7,27.25,0.0,0.0
0,7,27.375,0.0,0.0
0,7,27.5,0.0,1.0
0,7,27.625,0.0,0.0
0,7,27.75,0.0,0.0
0,7,27.875,500.0,1.0
0,7,28.0,0.0,0.0
0,7,28.125,0.0,1.0
0,7,28.25,0.0,0.0
0,7,28.375,0.0,0.0
0,7,28.5,0.0,0.0
0,7,28.625,0.0,1.0
0,7,28.75,0.0,1.0
0,7,28.875,0.0,0.0
0,7,29.0,500.0,1.0
0,7,29.125,0.0,0.0
0,7,29.25,0.0,1.0
0,7,29.375,0.0,1.0
0,7,29.5,500.0,1.0
0,7,29.625,0.0,0.0
0,7,29.75,0.0,0.0
0,7,29.875,0.0,0.0
0,7,30.0,0.0,0.0
0,7,30.125,0.0,0.0
0,7,30.25,0.0,1.0
0,7,30.375,0.0,0.0
0,7,30.5,0.0,0.0
0,7,30.625,0.0,1.0
0,7,30.75,0.0,0.0
0,7,30.875,0.0,0.0
0,7,31.0,0.0,1.0
0,7,31.125,0.0,0.0
0,7,31.25,0.0,0.0
0,7,31.375,0.0,0.0
0,7,31.5,0.0,0.0
0,7,31.625,0.0,0.0
0,7,31.75,0.0,0.0
0,7,31.875,0.0,0.0
0,7,32.0,0.0,1.0
0,7,32.125,0.0,0.0
0,7,32.25,0.0,0.0
0,7,32.375,0.0,0.0
0,7,32.5,500.0,1.0
0,7,32.625,500.0,1.0
0,7,32.75,0.0,0.0
0,7,32.875,0.0,0.0
0,7,33.0,0.0,0.0
0,7,33.125,500.0,1.0
0,7,33.25,0.0,0.0
0,7,33.375,0.0,1.0
0,7,33.5,0.0,0.0
0,7,33.625,0.0,0.0
0,7,33.75,0.0,0.0
0,7,33.875,500.0,1.0
0,7,34.0,500.0,1.0
0,7,34.125,0.0,0.0
0,7,34.25,0.0,0.0
0,7,34.375,500.0,1.0
0,7,34.5,500.0,1.0
0,7,34.625,0.0,0.0
0,7,34.75,0.0,0.0
0,7,34.875,500.0,1.0
0,7,35.0,0.0,0.0
0,7,35.125,0.0,0.0
0,7,35.25,0.0,0.0
0,7,35.375,0.0,0.0
0,7,35.5,0.0,0.0
0,7,35.625,0.0,0.0
0,7,35.75,0.0,0.0
0,7,35.875,0.0,0.0
0,7,36.0,500.0,1.0
0,7,36.125,0.0,0.0
0,7,36.25,500.0,1.0
0,7,36.375,0.0,0.0
0,7,36.5,0.0,0.0
0,7,36.625,500.0,1.0
0,7,36.75,0.0,0.0
0,7,36.875,0.0,0.0
0,7,37.0,0.0,0.0
0,7,37.125,0.0,0.0
0,7,37.25,500.0,1.0
0,7,37.375,0.0,0.0
0,7,37.5,0.0,0.0
0,7,37.625,0.0,0.0
0,7,37.75,0.0,0.0
0,7,37.875,500.0,1.0
0,7,38.0,0.0,0.0
0,7,38.125,0.0,1.0
0,7,38.25,500.0,1.0
0,7,38.375,0.0,1.0
0,7,38.5,0.0,0.0
0,7,38.625,500.0,1.0
0,7,38.75,0.0,0.0
0,7,38.875,0.0,0.0
0,7,39.0,0.0,1.0
0,7,39.125,0.0,1.0
0,7,39.25,0.0,0.0
0,7,39.375,0.0,0.0
0,7,39.5,0.0,1.0
0,7,39.625,0.0,1.0
0,7,39.75,0.0,0.0
0,7,39.875,0.0,0.0
0,7,40.0,0.0,1.0
0,7,40.125,0.0,0.0
0,7,40.25,0.0,0.0
0,7,40.375,0.0,0.0
0,7,40.5,0.0,0.0
0,7,40.625,0.0,1.0
0,7,40.75,0.0,0.0
0,7,40.875,0.0,0.0
0,7,41.0,0.0,0.0
0,7,41.125,0.0,0.0
0,7,41.25,0.0,0.0
0,7,41.375,0.0,0.0
0,7,41.5,0.0,1.0
0,7,41.625,500.0,1.0
0,7,41.75,0.0,0.0
0,7,41.875,0.0,1.0
0,7,42.0,0.0,0.0
0,7,42.125,500.0,1.0
0,7,42.25,0.0,1.0
0,7,42.375,0.0,0.0
0,7,42.5,0.0,0.0
0,7,42.625,0.0,0.0
0,7,42.75,0.0,0.0
0,7,42.875,0.0,0.0
0,7,43.0,0.0,0.0
0,7,43.125,0.0,1.0
0,7,43.25,0.0,1.0
0,7,43.375,0.0,0.0
0,7,43.5,0.0,0.0
0,7,43.625,0.0,1.0
0,7,43.75,0.0,0.0
0,7,43.875,0.0,1.0
0,7,44.0,0.0,1.0
0,7,44.125,0.0,0.0
0,7,44.25,500.0,1.0
0,7,44.375,0.0,0.0
0,7,44.5,0.0,0.0
0,7,44.625,0.0,1.0
0,7,44.75,0.0,0.0
0,7,44.875,500.0,1.0
0,7,45.0,0.0,0.0
0,7,45.125,0.0,0.0
0,7,45.25,0.0,0.0
0,7,45.375,0.0,1.0
0,7,45.5,0.0,1.0
0,7,45.625,0.0,0.0
0,7,45.75,0.0,0.0
0,7,45.875,0.0,0.0
0,7,46.0,0.0,0.0
0,7,46.125,0.0,0.0
0,7,46.25,0.0,1.0
0,7,46.375,0.0,1.0
0,7,46.5,0.0,0.0
0,7,46.625,0.0,1.0
0,7,46.75,0.0,1.0
0,7,46.875,0.0,1.0
0,7,47.0,0.0,1.0
0,7,47.125,500.0,1.0
0,7,47.25,500.0,1.0
0,7,47.375,0.0,0.0
0,7,47.5,0.0,0.0
0,7,47.625,0.0,0.0
0,7,47.75,0.0,0.0
0,7,47.875,0.0,1.0
0,7,48.0,0.0,0.0
0,7,48.125,0.0,0.0
0,7,48.25,0.0,1.0
0,7,48.375,0.0,1.0
0,7,48.5,0.0,0.0
0,7,48.625,0.0,0.0
0,7,48.75,0.0,0.0
0,7,48.875,0.0,0.0
0,7,49.0,0.0,0.0
0,7,49.125,0.0,0.0
0,7,49.25,0.0,0.0
0,7,49.375,0.0,0.0
0,7,49.5,0.0,1.0
0,7,49.625,0.0,0.0
0,7,49.75,0.0,0.0
0,7,49.875,500.0,1.0
0,7,50.0,0.0,0.0
0,7,50.125,0.0,0.0
0,7,50.25,500.0,1.0
0,7,50.375,0.0,0.0
0,7,50.5,500.0,1.0
0,7,50.625,0.0,1.0
0,7,50.75,0.0,0.0
0,7,50.875,500.0,1.0
0,7,51.0,0.0,0.0
0,7,51.125,0.0,0.0
0,7,51.25,0.0,1.0
0,7,51.375,500.0,1.0
0,7,51.5,0.0,0.0
0,7,51.625,0.0,0.0
0,7,51.75,0.0,0.0
0,7,51.875,0.0,1.0
0,7,52.0,500.0,1.0
0,7,52.125,0.0,1.0
0,7,52.25,0.0,0.0
0,7,52.375,0.0,0.0
0,7,52.5,0.0,0.0
0,7,52.625,500.0,1.0
0,7,52.75,0.0,0.0
0,7,52.875,0.0,1.0
0,7,53.0,500.0,1.0
0,7,53.125,0.0,0.0
0,7,53.25,0.0,0.0
0,7,53.375,0.0,0.0
0,7,53.5,0.0,0.0
0,7,53.625,0.0,0.0
0,7,53.75,0.0,0.0
0,7,53.875,0.0,1.0
0,7,54.0,0.0,0.0
0,7,54.125,0.0,0.0
0,7,54.25,0.0,0.0
0,7,54.375,0.0,0.0
0,7,54.5,0.0,0.0
0,7,54.625,0.0,0.0
0,7,54.75,0.0,0.0
0,7,54.875,0.0,0.0
0,7,55.0,0.0,0.0
0,7,55.125,500.0,1.0
0,7,55.25,0.0,1.0
0,7,55.375,0.0,0.0
0,7,55.5,0.0,1.0
0,7,55.625,0.0,0.0
0,7,55.75,0.0,1.0
0,7,55.875,0.0,0.0
0,7,56.0,0.0,0.0
0,7,56.125,0.0,0.0
0,7,56.25,0.0,1.0
0,7,56.375,0.0,0.0
0,7,56.5,0.0,0.0
0,7,56.625,0.0,0.0
0,7,56.75,0.0,1.0
0,7,56.875,500.0,1.0
0,7,57.0,0.0,0.0
0,7,57.125,0.0,1.0
0,7,57.25,0.0,0.0
0,7,57.375,500.0,1.0
0,7,57.5,0.0,0.0
0,7,57.625,0.0,0.0
0,7,57.75,0.0,0.0
0,7,57.875,0.0,0.0
0,7,58.0,0.0,0.0
0,7,58.125,0.0,0.0
0,7,58.25,0.0,0.0
0,7,58.375,0.0,0.0
0,7,58.5,0.0,0.0
0,7,58.625,0.0,0.0
0,7,58.75,0.0,0.0
0,7,58.875,500.0,1.0
0,7,59.0,0.0,0.0
0,7,59.125,0.0,0.0
0,7,59.25,0.0,1.0
0,7,59.375,0.0,0.0
0,7,59.5,0.0,0.0
0,7,59.625,0.0,0.0
0,7,59.75,0.0,0.0
0,7,59.875,500.0,1.0
0,7,60.0,0.0,0.0
0,7,60.125,0.0,0.0
0,7,60.25,500.0,1.0
0,7,60.375,0.0,0.0
0,7,60.5,0.0,0.0
0,7,60.625,0.0,1.0
0,7,60.75,500.0,1.0
0,7,60.875,0.0,0.0
0,7,61.0,0.0,0.0
0,7,61.125,0.0,0.0
0,7,61.25,0.0,1.0
0,7,61.375,0.0,0.0
0,7,61.5,0.0,1.0
0,7,61.625,0.0,0.0
0,7,61.75,0.0,0.0
0,7,61.875,0.0,0.0
0,7,62.0,0.0,0.0
0,7,62.125,0.0,0.0
0,7,62.25,0.0,0.0
0,7,62.375,0.0,0.0
0,8,0.0,0.0,1.0
0,8,0.125,0.0,0.0
0,8,0.25,0.0,0.0
0,8,0.375,0.0,0.0
0,8,0.5,0.0,1.0
0,8,0.625,0.0,1.0
0,8,0.75,0.0,1.0
0,8,0.875,0.0,0.0
0,8,1.0,0.0,0.0
0,8,1.125,0.0,0.0
0,8,1.25,0.0,0.0
0,8,1.375,0.0,1.0
0,8,1.5,500.0,1.0
0,8,1.625,0.0,0.0
0,8,1.75,500.0,1.0
0,8,1.875,0.0,0.0
0,8,2.0,0.0,0.0
0,8,2.125,0.0,1.0
0,8,2.25,0.0,1.0
0,8,2.375,0.0,0.0
0,8,2.5,0.0,0.0
0,8,2.625,0.0,0.0
0,8,2.75,500.0,1.0
0,8,2.875,500.0,1.0
0,8,3.0,0.0,0.0
0,8,3.125,0.0,1.0
0,8,3.25,500.0,1.0
0,8,3.375,0.0,0.0
0,8,3.5,0.0,0.0
0,8,3.625,0.0,1.0
0,8,3.75,0.0,0.0
0,8,3.875,0.0,0.0
0,8,4.0,0.0,0.0
0,8,4.125,0.0,0.0
0,8,4.25,0.0,0.0
0,8,4.375,0.0,0.0
0,8,4.5,0.0,1.0
0,8,4.625,0.0,0.0
0,8,4.75,0.0,0.0
0,8,4.875,0.0,1.0
0,8,5.0,0.0,0.0
0,8,5.125,0.0,0.0
0,8,5.25,0.0,0.0
0,8,5.375,0.0,0.0
0,8,5.5,0.0,0.0
0,8,5.625,0.0,0.0
0,8,5.75,0.0,0.0
0,8,5.875,0.0,0.0
0,8,6.0,0.0,0.0
0,8,6.125,500.0,1.0
0,8,6.25,0.0,0.0
0,8,6.375,0.0,0.0
0,8,6.5,0.0,0.0
0,8,6.625,0.0,0.0
0,8,6.75,0.0,0.0
0,8,6.875,0.0,0.0
0,8,7.0,0.0,0.0
0,8,7.125,0.0,0.0
0,8,7.25,0.0,0.0
0,8,7.375,0.0,1.0
0,8,7.5,0.0,1.0
0,8,7.625,0.0,0.0
0,8,7.75,0.0,1.0
0,8,7.875,0.0,0.0
0,8,8.0,0.0,0.0
0,8,8.125,0.0,0.0
0,8,8.25,0.0,0.0
0,8,8.375,0.0,0.0
0,8,8.5,0.0,1.0
0,8,8.625,0.0,0.0
0,8,8.75,500.0,1.0
0,8,8.875,500.0,1.0
0,8,9.0,0.0,1.0
0,8,9.125,0.0,0.0
0,8,9.25,0.0,0.0
0,8,9.375,0.0,0.0
0,8,9.5,0.0,1.0
0,8,9.625,0.0,0.0
0,8,9.75,0.0,0.0
0,8,9.875,0.0,1.0
0,8,10.0,0.0,0.0
0,8,10.125,0.0,0.0
0,8,10.25,500.0,1.0
0,8,10.375,0.0,0.0
0,8,10.5,0.0,0.0
0,8,10.625,0.0,0.0
0,8,10.75,500.0,1.0
0,8,10.875,0.0,0.0
0,8,11.0,500.0,1.0
0,8,11.125,0.0,0.0
0,8,11.25,0.0,0.0
0,8,11.375,0.0,1.0
0,8,11.5,0.0,0.0
0,8,11.625,0.0,1.0
0,8,11.75,0.0,1.0
0,8,11.875,0.0,1.0
0,8,12.0,0.0,1.0
0,8,12.125,0.0,1.0
0,8,12.25,0.0,1.0
0,8,12.375,500.0,1.0
0,8,12.5,0.0,0.0
0,8,12.625,0.0,0.0
0,8,12.75,0.0,1.0
0,8,12.875,0.0,0.0
0,8,13.0,500.0,1.0
0,8,13.125,0.0,0.0
0,8,13.25,0.0,0.0
0,8,13.375,0.0,0.0
0,8,13.5,0.0,0.0
0,8,13.625,0.0,0.0
0,8,13.75,0.0,1.0
0,8,13.875,500.0,1.0
0,8,14.0,0.0,0.0
0,8,14.125,0.0,0.0
0,8,14.25,0.0,0.0
0,8,14.375,0.0,0.0
0,8,14.5,500.0,1.0
0,8,14.625,0.0,0.0
0,8,14.75,0.0,0.0
0,8,14.875,500.0,1.0
0,8,15.0,0.0,0.0
0,8,15.125,0.0,0.0
0,8,15.25,0.0,0.0
0,8,15.375,0.0,0.0
0,8,15.5,0.0,0.0
0,8,15.625,0.0,0.0
0,8,15.75,0.0,0.0
0,8,15.875,0.0,0.0
0,8,16.0,0.0,0.0
0,8,16.125,0.0,0.0
0,8,16.25,500.0,1.0
0,8,16.375,0.0,1.0
0,8,16.5,0.0,0.0
0,8,16.625,0.0,0.0
0,8,16.75,0.0,1.0
0,8,16.875,0.0,0.0
0,8,17.0,0.0,0.0
0,8,17.125,0.0,0.0
0,8,17.25,0.0,0.0
0,8,17.375,0.0,0.0
0,8,17.5,0.0,1.0
0,8,17.625,0.0,0.0
0,8,17.75,0.0,0.0
0,8,17.875,0.0,0.0
0,8,18.0,0.0,0.0
0,8,18.125,0.0,0.0
0,8,18.25,0.0,1.0
0,8,18.375,0.0,0.0
0,8,18.5,0.0,0.0
0,8,18.625,0.0,0.0
0,8,18.75,0.0,0.0
0,8,18.875,0.0,1.0
0,8,19.0,0.0,0.0
0,8,19.125,0.0,0.0
0,8,19.25,0.0,0.0
0,8,19.375,0.0,1.0
0,8,19.5,0.0,0.0
0,8,19.625,0.0,0.0
0,8,19.75,0.0,0.0
0,8,19.875,0.0,1.0
0,8,20.0,0.0,0.0
0,8,20.125,0.0,1.0
0,8,20.25,0.0,1.0
0,8,20.375,0.0,0.0
0,8,20.5,0.0,0.0
0,8,20.625,0.0,1.0
0,8,20.75,0.0,0.0
0,8,20.875,0.0,0.0
0,8,21.0,0.0,0.0
0,8,21.125,0.0,1.0
0,8,21.25,500.0,1.0
0,8,21.375,0.0,0.0
0,8,21.5,0.0,0.0
0,8,21.625,0.0,1.0
0,8,21.75,0.0,1.0
0,8,21.875,0.0,1.0
0,8,22.0,0.0,0.0
0,8,22.125,0.0,0.0
0,8,22.25,0.0,1.0
0,8,22.375,500.0,1.0
0,8,22.5,0.0,0.0
0,8,22.625,0.0,0.0
0,8,22.75,0.0,1.0
0,8,22.875,0.0,1.0
0,8,23.0,0.0,1.0
0,8,23.125,0.0,0.0
0,8,23.25,0.0,1.0
0,8,23.375,0.0,1.0
0,8,23.5,0.0,0.0
0,8,23.625,0.0,0.0
0,8,23.75,0.0,0.0
0,8,23.875,0.0,0.0
0,8,24.0,0.0,0.0
0,8,24.125,0.0,0.0
0,8,24.25,0.0,1.0
0,8,24.375,0.0,0.0
0,8,24.5,0.0,1.0
0,8,24.625,0.0,1.0
0,8,24.75,0.0,1.0
0,8,24.875,0.0,0.0
0,8,25.0,0.0,1.0
0,8,25.125,0.0,0.0
0,8,25.25,0.0,1.0
0,8,25.375,0.0,0.0
0,8,25.5,0.0,0.0
0,8,25.625,0.0,1.0
0,8,25.75,0.0,0.0
0,8,25.875,0.0,0.0
0,8,26.0,0.0,0.0
0,8,26.125,0.0,0.0
0,8,26.25,0.0,0.0
0,8,26.375,0.0,1.0
0,8,26.5,0.0,0.0
0,8,26.625,0.0,0.0
0,8,26.75,0.0,0.0
0,8,26.875,0.0,0.0
0,8,27.0,500.0,1.0
0,8,27.125,0.0,0.0
0,8,27.25,0.0,0.0
0,8,27.375,0.0,0.0
0,8,27.5,0.0,0.0
0,8,27.625,0.0,0.0
0,8,27.75,0.0,0.0
0,8,27.875,500.0,1.0
0,8,28.0,0.0,0.0
0,8,28.125,0.0,1.0
0,8,28.25,0.0,1.0
0,8,28.375,0.0,0.0
0,8,28.5,0.0,0.0
0,8,28.625,0.0,0.0
0,8,28.75,0.0,0.0
0,8,28.875,0.0,0.0
0,8,29.0,0.0,0.0
0,8,29.125,0.0,0.0
0,8,29.25,0.0,1.0
0,8,29.375,500.0,1.0
0,8,29.5,0.0,0.0
0,8,29.625,0.0,0.0
0,8,29.75,0.0,0.0
0,8,29.875,0.0,0.0
0,8,30.0,0.0,0.0
0,8,30.125,0.0,0.0
0,8,30.25,0.0,0.0
0,8,30.375,500.0,1.0
0,8,30.5,500.0,1.0
0,8,30.625,0.0,0.0
0,8,30.75,0.0,0.0
0,8,30.875,0.0,0.0
0,8,31.0,500.0,1.0
0,8,31.125,500.0,1.0
0,8,31.25,0.0,0.0
0,8,31.375,0.0,0.0
0,8,31.5,0.0,0.0
0,8,31.625,500.0,1.0
0,8,31.75,0.0,0.0
0,8,31.875,0.0,0.0
0,8,32.0,0.0,1.0
0,8,32.125,500.0,1.0
0,8,32.25,0.0,0.0
0,8,32.375,0.0,1.0
0,8,32.5,0.0,0.0
0,8,32.625,0.0,0.0
0,8,32.75,0.0,0.0
0,8,32.875,0.0,1.0
0,8,33.0,0.0,1.0
0,8,33.125,0.0,1.0
0,8,33.25,0.0,0.0
0,8,33.375,0.0,1.0
0,8,33.5,0.0,0.0
0,8,33.625,0.0,0.0
0,8,33.75,0.0,0.0
0,8,33.875,0.0,1.0
0,8,34.0,0.0,0.0
0,8,34.125,500.0,1.0
0,8,34.25,0.0,0.0
0,8,34.375,0.0,1.0
0,8,34.5,0.0,0.0
0,8,34.625,0.0,0.0
0,8,34.75,0.0,0.0
0,8,34.875,0.0,0.0
0,8,35.0,0.0,0.0
0,8,35.125,0.0,0.0
0,8,35.25,0.0,0.0
0,8,35.375,0.0,1.0
0,8,35.5,0.0,1.0
0,8,35.625,0.0,0.0
0,8,35.75,0.0,0.0
0,8,35.875,0.0,0.0
0,8,36.0,0.0,0.0
0,8,36.125,0.0,0.0
0,8,36.25,0.0,1.0
0,8,36.375,0.0,0.0
0,8,36.5,500.0,1.0
0,8,36.625,0.0,1.0
0,8,36.75,0.0,1.0
0,8,36.875,0.0,1.0
0,8,37.0,0.0,0.0
0,8,37.125,0.0,0.0
0,8,37.25,500.0,1.0
0,8,37.375,0.0,0.0
0,8,37.5,0.0,0.0
0,8,37.625,0.0,0.0
0,8,37.75,0.0,1.0
0,8,37.875,0.0,0.0
0,8,38.0,0.0,1.0
0,8,38.125,500.0,1.0
0,8,38.25,0.0,0.0
0,8,38.375,0.0,0.0
0,8,38.5,0.0,0.0
0,8,38.625,0.0,0.0
0,8,38.75,0.0,0.0
0,8,38.875,0.0,0.0
0,8,39.0,0.0,0.0
0,8,39.125,0.0,0.0
0,8,39.25,0.0,1.0
0,8,39.375,0.0,1.0
0,8,39.5,500.0,1.0
0,8,39.625,0.0,1.0
0,8,39.75,0.0,0.0
0,8,39.875,0.0,1.0
0,8,40.0,0.0,0.0
0,8,40.125,500.0,1.0
0,8,40.25,0.0,0.0
0,8,40.375,0.0,0.0
0,8,40.5,0.0,0.0
0,8,40.625,0.0,0.0
0,8,40.75,0.0,0.0
0,8,40.875,0.0,0.0
0,8,41.0,0.0,0.0
0,8,41.125,0.0,0.0
0,8,41.25,0.0,0.0
0,8,41.375,0.0,0.0
0,8,41.5,0.0,0.0
0,8,41.625,0.0,0.0
0,8,41.75,0.0,1.0
0,8,41.875,0.0,0.0
0,8,42.0,0.0,0.0
0,8,42.125,500.0,1.0
0,8,42.25,0.0,0.0
0,8,42.375,0.0,0.0
0,8,42.5,0.0,0.0
0,8,42.625,0.0,0.0
0,8,42.75,0.0,0.0
0,8,42.875,0.0,0.0
0,8,43.0,0.0,0.0
0,8,43.125,0.0,1.0
0,8,43.25,0.0,1.0
0,8,43.375,0.0,0.0
0,8,43.5,0.0,1.0
0,8,43.625,0.0,0.0
0,8,43.75,0.0,0.0
0,8,43.875,0.0,0.0
0,8,44.0,0.0,0.0
0,8,44.125,0.0,0.0
0,8,44.25,0.0,0.0
0,8,44.375,0.0,1.0
0,8,44.5,0.0,0.0
0,8,44.625,0.0,1.0
0,8,44.75,0.0,0.0
0,8,44.875,0.0,1.0
0,8,45.0,0.0,0.0
0,8,45.125,0.0,0.0
0,8,45.25,0.0,0.0
0,8,45.375,0.0,0.0
0,8,45.5,0.0,1.0
0,8,45.625,0.0,0.0
0,8,45.75,0.0,0.0
0,8,45.875,0.0,1.0
0,8,46.0,0.0,0.0
0,8,46.125,0.0,0.0
0,8,46.25,0.0,0.0
0,8,46.375,0.0,0.0
0,8,46.5,0.0,0.0
0,8,46.625,0.0,0.0
0,8,46.75,0.0,1.0
0,8,46.875,0.0,0.0
0,8,47.0,500.0,1.0
0,8,47.125,0.0,0.0
0,8,47.25,0.0,0.0
0,8,47.375,0.0,0.0
0,8,47.5,500.0,1.0
0,8,47.625,0.0,1.0
0,8,47.75,0.0,0.0
0,8,47.875,0.0,1.0
0,8,48.0,0.0,0.0
0,8,48.125,0.0,0.0
0,8,48.25,500.0,1.0
0,8,48.375,0.0,0.0
0,8,48.5,0.0,1.0
0,8,48.625,0.0,1.0
0,8,48.75,0.0,0.0
0,8,48.875,0.0,0.0
0,8,49.0,0.0,0.0
0,8,49.125,0.0,0.0
0,8,49.25,500.0,1.0
0,8,49.375,0.0,0.0
0,8,49.5,0.0,1.0
0,8,49.625,500.0,1.0
0,8,49.75,0.0,0.0
0,8,49.875,0.0,0.0
0,8,50.0,0.0,0.0
0,8,50.125,500.0,1.0
0,8,50.25,500.0,1.0
0,8,50.375,0.0,0.0
0,8,50.5,0.0,0.0
0,8,50.625,0.0,0.0
0,8,50.75,0.0,0.0
0,8,50.875,0.0,1.0
0,8,51.0,0.0,0.0
0,8,51.125,0.0,0.0
0,8,51.25,0.0,0.0
0,8,51.375,0.0,0.0
0,8,51.5,0.0,0.0
0,8,51.625,0.0,1.0
0,8,51.75,0.0,0.0
0,8,51.875,0.0,0.0
0,8,52.0,0.0,0.0
0,8,52.125,0.0,0.0
0,8,52.25,0.0,0.0
0,8,52.375,0.0,0.0
0,8,52.5,0.0,1.0
0,8,52.625,0.0,1.0
0,8,52.75,0.0,0.0
0,8,52.875,0.0,0.0
0,8,53.0,0.0,1.0
0,8,53.125,0.0,1.0
0,8,53.25,0.0,1.0
0,8,53.375,0.0,1.0
0,8,53.5,0.0,1.0
0,8,53.625,0.0,0.0
0,8,53.75,0.0,0.0
0,8,53.875,0.0,0.0
0,8,54.0,500.0,1.0
0,8,54.125,0.0,1.0
0,8,54.25,0.0,0.0
0,8,54.375,500.0,1.0
0,8,54.5,0.0,1.0
0,8,54.625,0.0,0.0
0,8,54.75,0.0,0.0
0,8,54.875,0.0,0.0
0,8,55.0,500.0,1.0
0,8,55.125,0.0,0.0
0,8,55.25,0.0,1.0
0,8,55.375,0.0,0.0
0,8,55.5,0.0,0.0
0,8,55.625,0.0,0.0
0,8,55.75,0.0,1.0
0,8,55.875,0.0,0.0
0,8,56.0,500.0,1.0
0,8,56.125,0.0,0.0
0,8,56.25,0.0,1.0
0,8,56.375,0.0,0.0
0,8,56.5,0.0,0.0
0,8,56.625,0.0,0.0
0,8,56.75,0.0,0.0
0,8,56.875,0.0,0.0
0,8,57.0,0.0,0.0
0,8,57.125,0.0,1.0
0,8,57.25,0.0,1.0
0,8,57.375,0.0,0.0
0,8,57.5,0.0,1.0
0,8,57.625,500.0,1.0
0,8,57.75,0.0,0.0
0,8,57.875,0.0,0.0
0,8,58.0,0.0,1.0
0,8,58.125,0.0,0.0
0,8,58.25,0.0,0.0
0,8,58.375,0.0,0.0
0,8,58.5,0.0,0.0
0,8,58.625,0.0,0.0
0,8,58.75,0.0,0.0
0,8,58.875,0.0,1.0
0,8,59.0,0.0,0.0
0,8,59.125,0.0,0.0
0,8,59.25,0.0,0.0
0,8,59.375,0.0,1.0
0,8,59.5,0.0,0.0
0,8,59.625,0.0,0.0
0,8,59.75,0.0,0.0
0,8,59.875,0.0,0.0
0,8,60.0,0.0,0.0
0,8,60.125,500.0,1.0
0,8,60.25,0.0,1.0
0,8,60.375,0.0,0.0
0,8,60.5,0.0,1.0
0,8,60.625,500.0,1.0
0,8,60.75,0.0,0.0
0,8,60.875,0.0,0.0
0,8,61.0,0.0,1.0
0,8,61.125,0.0,0.0
0,8,61.25,0.0,1.0
0,8,61.375,0.0,0.0
0,8,61.5,0.0,1.0
0,8,61.625,0.0,0.0
0,8,61.75,0.0,0.0
0,8,61.875,0.0,0.0
0,8,62.0,0.0,1.0
0,8,62.125,0.0,0.0
0,8,62.25,0.0,0.0
0,8,62.375,0.0,0.0
0,9,0.0,0.0,0.0
0,9,0.125,0.0,0.0
0,9,0.25,0.0,1.0
0,9,0.375,500.0,1.0
0,9,0.5,0.0,0.0
0,9,0.625,0.0,1.0
0,9,0.75,0.0,1.0
0,9,0.875,0.0,0.0
0,9,1.0,500.0,1.0
0,9,1.125,0.0,0.0
0,9,1.25,0.0,0.0
0,9,1.375,500.0,1.0
0,9,1.5,0.0,0.0
0,9,1.625,500.0,1.0
0,9,1.75,0.0,0.0
0,9,1.875,0.0,1.0
0,9,2.0,0.0,0.0
0,9,2.125,500.0,1.0
0,9,2.25,0.0,0.0
0,9,2.375,0.0,0.0
0,9,2.5,0.0,0.0
0,9,2.625,500.0,1.0
0,9,2.75,500.0,1.0
0,9,2.875,0.0,0.0
0,9,3.0,0.0,1.0
0,9,3.125,0.0,0.0
0,9,3.25,0.0,0.0
0,9,3.375,0.0,1.0
0,9,3.5,500.0,1.0
0,9,3.625,0.0,0.0
0,9,3.75,0.0,0.0
0,9,3.875,0.0,0.0
0,9,4.0,0.0,0.0
0,9,4.125,500.0,1.0
0,9,4.25,0.0,0.0
0,9,4.375,0.0,0.0
0,9,4.5,0.0,0.0
0,9,4.625,0.0,0.0
0,9,4.75,0.0,0.0
0,9,4.875,0.0,0.0
0,9,5.0,0.0,1.0
0,9,5.125,0.0,0.0
0,9,5.25,0.0,0.0
0,9,5.375,0.0,0.0
0,9,5.5,0.0,1.0
0,9,5.625,0.0,0.0
0,9,5.75,500.0,1.0
0,9,5.875,0.0,1.0
0,9,6.0,0.0,0.0
0,9,6.125,0.0,1.0
0,9,6.25,0.0,0.0
0,9,6.375,0.0,0.0
0,9,6.5,500.0,1.0
0,9,6.625,0.0,0.0
0,9,6.75,0.0,0.0
0,9,6.875,0.0,0.0
0,9,7.0,0.0,0.0
0,9,7.125,0.0,0.0
0,9,7.25,0.0,0.0
0,9,7.375,0.0,0.0
0,9,7.5,0.0,0.0
0,9,7.625,0.0,1.0
0,9,7.75,0.0,0.0
0,9,7.875,500.0,1.0
0,9,8.0,0.0,0.0
0,9,8.125,0.0,1.0
0,9,8.25,0.0,0.0
0,9,8.375,0.0,1.0
0,9,8.5,0.0,0.0
0,9,8.625,0.0,1.0
0,9,8.75,0.0,0.0
0,9,8.875,0.0,0.0
0,9,9.0,500.0,1.0
0,9,9.125,0.0,0.0
0,9,9.25,0.0,1.0
0,9,9.375,0.0,0.0
0,9,9.5,0.0,0.0
0,9,9.625,0.0,0.0
0,9,9.75,0.0,0.0
0,9,9.875,0.0,0.0
0,9,10.0,0.0,1.0
0,9,10.125,0.0,0.0
0,9,10.25,0.0,0.0
0,9,10.375,0.0,0.0
0,9,10.5,0.0,0.0
0,9,10.625,0.0,0.0
0,9,10.75,0.0,0.0
0,9,10.875,0.0,0.0
0,9,11.0,0.0,0.0
0,9,11.125,0.0,0.0
0,9,11.25,0.0,0.0
0,9,11.375,0.0,1.0
0,9,11.5,0.0,0.0
0,9,11.625,0.0,0.0
0,9,11.75,0.0,1.0
0,9,11.875,0.0,1.0
0,9,12.0,0.0,1.0
0,9,12.125,0.0,1.0
0,9,12.25,0.0,0.0
0,9,12.375,0.0,0.0
0,9,12.5,0.0,0.0
0,9,12.625,500.0,1.0
0,9,12.75,0.0,1.0
0,9,12.875,0.0,1.0
0,9,13.0,500.0,1.0
0,9,13.125,0.0,0.0
0,9,13.25,500.0,1.0
0,9,13.375,0.0,0.0
0,9,13.5,0.0,0.0
0,9,13.625,0.0,0.0
0,9,13.75,0.0,0.0
0,9,13.875,0.0,0.0
0,9,14.0,0.0,0.0
0,9,14.125,0.0,0.0
0,9,14.25,0.0,1.0
0,9,14.375,0.0,0.0
0,9,14.5,0.0,1.0
0,9,14.625,500.0,1.0
0,9,14.75,0.0,0.0
0,9,14.875,0.0,0.0
0,9,15.0,0.0,0.0
0,9,15.125,0.0,0.0
0,9,15.25,0.0,0.0
0,9,15.375,0.0,0.0
0,9,15.5,0.0,0.0
0,9,15.625,0.0,0.0
0,9,15.75,0.0,0.0
0,9,15.875,0.0,1.0
0,9,16.0,0.0,0.0
0,9,16.125,0.0,0.0
0,9,16.25,0.0,0.0
0,9,16.375,0.0,0.0
0,9,16.5,0.0,0.0
0,9,16.625,0.0,0.0
0,9,16.75,500.0,1.0
0,9,16.875,0.0,1.0
0,9,17.0,0.0,0.0
0,9,17.125,0.0,0.0
0,9,17.25,0.0,0.0
0,9,17.375,0.0,0.0
0,9,17.5,0.0,1.0
0,9,17.625,0.0,0.0
0,9,17.75,0.0,0.0
0,9,17.875,0.0,1.0
0,9,18.0,0.0,0.0
0,9,18.125,0.0,0.0
0,9,18.25,0.0,0.0
0,9,18.375,0.0,0.0
0,9,18.5,0.0,0.0
0,9,18.625,0.0,0.0
0,9,18.75,0.0,1.0
0,9,18.875,0.0,0.0
0,9,19.0,0.0,0.0
0,9,19.125,0.0,0.0
0,9,19.25,0.0,0.0
0,9,19.375,0.0,0.0
0,9,19.5,0.0,0.0
0,9,19.625,0.0,0.0
0,9,19.75,0.0,1.0
0,9,19.875,0.0,0.0
0,9,20.0,0.0,0.0
0,9,20.125,0.0,0.0
0,9,20.25,0.0,0.0
0,9,20.375,0.0,0.0
0,9,20.5,0.0,1.0
0,9,20.625,0.0,1.0
0,9,20.75,0.0,0.0
0,9,20.875,0.0,0.0
0,9,21.0,0.0,1.0
0,9,21.125,0.0,1.0
0,9,21.25,0.0,0.0
0,9,21.375,0.0,1.0
0,9,21.5,0.0,0.0
0,9,21.625,0.0,0.0
0,9,21.75,0.0,1.0
0,9,21.875,0.0,0.0
0,9,22.0,0.0,0.0
0,9,22.125,0.0,0.0
0,9,22.25,0.0,0.0
0,9,22.375,0.0,1.0
0,9,22.5,0.0,0.0
0,9,22.625,0.0,1.0
0,9,22.75,0.0,1.0
0,9,22.875,0.0,0.0
0,9,23.0,0.0,1.0
0,9,23.125,0.0,0.0
0,9,23.25,0.0,0.0
0,9,23.375,0.0,0.0
0,9,23.5,500.0,1.0
0,9,23.625,500.0,1.0
0,9,23.75,0.0,1.0
0,9,23.875,0.0,1.0
0,9,24.0,0.0,0.0
0,9,24.125,0.0,0.0
0,9,24.25,0.0,1.0
0,9,24.375,500.0,1.0
0,9,24.5,0.0,1.0
0,9,24.625,0.0,1.0
0,9,24.75,0.0,0.0
0,9,24.875,0.0,0.0
0,9,25.0,0.0,1.0
0,9,25.125,500.0,1.0
0,9,25.25,0.0,0.0
0,9,25.375,0.0,0.0
0,9,25.5,0.0,0.0
0,9,25.625,0.0,0.0
0,9,25.75,0.0,0.0
0,9,25.875,0.0,0.0
0,9,26.0,0.0,0.0
0,9,26.125,0.0,0.0
0,9,26.25,0.0,0.0
0,9,26.375,0.0,0.0
0,9,26.5,0.0,1.0
0,9,26.625,0.0,0.0
0,9,26.75,0.0,1.0
0,9,26.875,0.0,0.0
0,9,27.0,0.0,0.0
0,9,27.125,500.0,1.0
0,9,27.25,0.0,0.0
0,9,27.375,0.0,0.0
0,9,27.5,0.0,1.0
0,9,27.625,0.0,0.0
0,9,27.75,0.0,0.0
0,9,27.875,500.0,1.0
0,9,28.0,0.0,1.0
0,9,28.125,0.0,0.0
0,9,28.25,0.0,0.0
0,9,28.375,0.0,0.0
0,9,28.5,0.0,0.0
0,9,28.625,500.0,1.0
0,9,28.75,0.0,1.0
0,9,28.875,0.0,0.0
0,9,29.0,0.0,0.0
0,9,29.125,0.0,1.0
0,9,29.25,0.0,0.0
0,9,29.375,0.0,0.0
0,9,29.5,0.0,0.0
0,9,29.625,0.0,0.0
0,9,29.75,0.0,1.0
0,9,29.875,0.0,1.0
0,9,30.0,0.0,0.0
0,9,30.125,0.0,0.0
0,9,30.25,500.0,1.0
0,9,30.375,500.0,1.0
0,9,30.5,0.0,1.0
0,9,30.625,0.0,0.0
0,9,30.75,0.0,0.0
0,9,30.875,0.0,0.0
0,9,31.0,0.0,1.0
0,9,31.125,500.0,1.0
0,9,31.25,0.0,1.0
0,9,31.375,0.0,1.0
0,9,31.5,0.0,0.0
0,9,31.625,0.0,0.0
0,9,31.75,0.0,0.0
0,9,31.875,0.0,1.0
0,9,32.0,0.0,0.0
0,9,32.125,0.0,0.0
0,9,32.25,0.0,0.0
0,9,32.375,0.0,0.0
0,9,32.5,500.0,1.0
0,9,32.625,0.0,1.0
0,9,32.75,0.0,0.0
0,9,32.875,0.0,0.0
0,9,33.0,0.0,1.0
0,9,33.125,0.0,0.0
0,9,33.25,0.0,1.0
0,9,33.375,0.0,0.0
0,9,33.5,0.0,0.0
0,9,33.625,0.0,0.0
0,9,33.75,500.0,1.0
0,9,33.875,0.0,0.0
0,9,34.0,0.0,0.0
0,9,34.125,0.0,1.0
0,9,34.25,0.0,0.0
0,9,34.375,0.0,1.0
0,9,34.5,0.0,1.0
0,9,34.625,0.0,0.0
0,9,34.75,0.0,1.0
0,9,34.875,0.0,0.0
0,9,35.0,0.0,0.0
0,9,35.125,0.0,1.0
0,9,35.25,0.0,0.0
0,9,35.375,0.0,0.0
0,9,35.5,0.0,0.0
0,9,35.625,0.0,0.0
0,9,35.75,0.0,0.0
0,9,35.875,0.0,0.0
0,9,36.0,500.0,1.0
0,9,36.125,500.0,1.0
0,9,36.25,500.0,1.0
0,9,36.375,0.0,0.0
0,9,36.5,0.0,0.0
0,9,36.625,0.0,0.0
0,9,36.75,0.0,1.0
0,9,36.875,0.0,1.0
0,9,37.0,0.0,0.0
0,9,37.125,0.0,0.0
0,9,37.25,0.0,0.0
0,9,37.375,0.0,1.0
0,9,37.5,0.0,1.0
0,9,37.625,0.0,1.0
0,9,37.75,0.0,1.0
0,9,37.875,0.0,0.0
0,9,38.0,0.0,1.0
0,9,38.125,0.0,0.0
0,9,38.25,0.0,0.0
0,9,38.375,0.0,0.0
0,9,38.5,0.0,0.0
0,9,38.625,500.0,1.0
0,9,38.75,0.0,0.0
0,9,38.875,500.0,1.0
0,9,39.0,0.0,1.0
0,9,39.125,0.0,0.0
0,9,39.25,0.0,1.0
0,9,39.375,0.0,1.0
0,9,39.5,0.0,1.0
0,9,39.625,500.0,1.0
0,9,39.75,0.0,0.0
0,9,39.875,0.0,0.0
0,9,40.0,0.0,0.0
0,9,40.125,0.0,0.0
0,9,40.25,500.0,1.0
0,9,40.375,0.0,0.0
0,9,40.5,0.0,0.0
0,9,40.625,0.0,1.0
0,9,40.75,0.0,0.0
0,9,40.875,0.0,1.0
0,9,41.0,500.0,1.0
0,9,41.125,0.0,0.0
0,9,41.25,0.0,1.0
0,9,41.375,0.0,0.0
0,9,41.5,0.0,0.0
0,9,41.625,500.0,1.0
0,9,41.75,0.0,0.0
0,9,41.875,0.0,0.0
0,9,42.0,0.0,0.0
0,9,42.125,0.0,1.0
0,9,42.25,0.0,0.0
0,9,42.375,0.0,0.0
0,9,42.5,0.0,0.0
0,9,42.625,0.0,0.0
0,9,42.75,0.0,1.0
0,9,42.875,0.0,0.0
0,9,43.0,0.0,0.0
0,9,43.125,0.0,1.0
0,9,43.25,0.0,1.0
0,9,43.375,0.0,0.0
0,9,43.5,0.0,1.0
0,9,43.625,0.0,0.0
0,9,43.75,0.0,0.0
0,9,43.875,0.0,1.0
0,9,44.0,500.0,1.0
0,9,44.125,0.0,0.0
0,9,44.25,500.0,1.0
0,9,44.375,0.0,0.0
0,9,44.5,0.0,0.0
0,9,44.625,0.0,0.0
0,9,44.75,0.0,1.0
0,9,44.875,0.0,0.0
0,9,45.0,0.0,0.0
0,9,45.125,0.0,1.0
0,9,45.25,0.0,0.0
0,9,45.375,0.0,0.0
0,9,45.5,0.0,1.0
0,9,45.625,0.0,0.0
0,9,45.75,0.0,1.0
0,9,45.875,500.0,1.0
0,9,46.0,0.0,0.0
0,9,46.125,0.0,0.0
0,9,46.25,0.0,0.0
0,9,46.375,500.0,1.0
0,9,46.5,0.0,0.0
0,9,46.625,0.0,0.0
0,9,46.75,0.0,0.0
0,9,46.875,0.0,0.0
0,9,47.0,0.0,0.0
0,9,47.125,0.0,0.0
0,9,47.25,0.0,0.0
0,9,47.375,500.0,1.0
0,9,47.5,0.0,0.0
0,9,47.625,0.0,0.0
0,9,47.75,0.0,0.0
0,9,47.875,0.0,0.0
0,9,48.0,0.0,1.0
0,9,48.125,0.0,0.0
0,9,48.25,500.0,1.0
0,9,48.375,0.0,0.0
0,9,48.5,0.0,0.0
0,9,48.625,0.0,0.0
0,9,48.75,0.0,0.0
0,9,48.875,0.0,1.0
0,9,49.0,0.0,0.0
0,9,49.125,500.0,1.0
0,9,49.25,0.0,0.0
0,9,49.375,0.0,1.0
0,9,49.5,0.0,0.0
0,9,49.625,0.0,0.0
0,9,49.75,0.0,0.0
0,9,49.875,0.0,0.0
0,9,50.0,0.0,1.0
0,9,50.125,0.0,0.0
0,9,50.25,0.0,0.0
0,9,50.375,0.0,0.0
0,9,50.5,0.0,0.0
0,9,50.625,0.0,0.0
0,9,50.75,0.0,0.0
0,9,50.875,0.0,0.0
0,9,51.0,0.0,0.0
0,9,51.125,0.0,0.0
0,9,51.25,0.0,0.0
0,9,51.375,0.0,1.0
0,9,51.5,0.0,0.0
0,9,51.625,0.0,1.0
0,9,51.75,0.0,1.0
0,9,51.875,0.0,0.0
0,9,52.0,0.0,0.0
0,9,52.125,500.0,1.0
0,9,52.25,0.0,0.0
0,9,52.375,0.0,0.0
0,9,52.5,0.0,0.0
0,9,52.625,0.0,0.0
0,9,52.75,0.0,0.0
0,9,52.875,0.0,0.0
0,9,53.0,0.0,0.0
0,9,53.125,0.0,1.0
0,9,53.25,500.0,1.0
0,9,53.375,0.0,0.0
0,9,53.5,0.0,0.0
0,9,53.625,0.0,0.0
0,9,53.75,0.0,0.0
0,9,53.875,0.0,0.0
0,9,54.0,0.0,0.0
0,9,54.125,0.0,0.0
0,9,54.25,0.0,1.0
0,9,54.375,500.0,1.0
0,9,54.5,0.0,0.0
0,9,54.625,0.0,0.0
0,9,54.75,0.0,0.0
0,9,54.875,500.0,1.0
0,9,55.0,0.0,1.0
0,9,55.125,0.0,1.0
0,9,55.25,0.0,0.0
0,9,55.375,0.0,1.0
0,9,55.5,0.0,1.0
0,9,55.625,0.0,0.0
0,9,55.75,0.0,0.0
0,9,55.875,0.0,0.0
0,9,56.0,0.0,0.0
0,9,56.125,500.0,1.0
0,9,56.25,500.0,1.0
0,9,56.375,0.0,0.0
0,9,56.5,0.0,0.0
0,9,56.625,0.0,1.0
0,9,56.75,0.0,0.0
0,9,56.875,0.0,1.0
0,9,57.0,0.0,0.0
0,9,57.125,0.0,0.0
0,9,57.25,0.0,0.0
0,9,57.375,500.0,1.0
0,9,57.5,0.0,0.0
0,9,57.625,0.0,0.0
0,9,57.75,0.0,0.0
0,9,57.875,0.0,1.0
0,9,58.0,0.0,0.0
0,9,58.125,0.0,1.0
0,9,58.25,0.0,0.0
0,9,58.375,500.0,1.0
0,9,58.5,500.0,1.0
0,9,58.625,0.0,1.0
0,9,58.75,0.0,0.0
0,9,58.875,0.0,1.0
0,9,59.0,0.0,0.0
0,9,59.125,0.0,0.0
0,9,59.25,0.0,0.0
0,9,59.375,0.0,0.0
0,9,59.5,0.0,0.0
0,9,59.625,0.0,0.0
0,9,59.75,0.0,1.0
0,9,59.875,0.0,0.0
0,9,60.0,0.0,0.0
0,9,60.125,0.0,0.0
0,9,60.25,0.0,0.0
0,9,60.375,0.0,0.0
0,9,60.5,0.0,0.0
0,9,60.625,0.0,0.0
0,9,60.75,0.0,0.0
0,9,60.875,0.0,1.0
0,9,61.0,0.0,0.0
0,9,61.125,0.0,0.0
0,9,61.25,0.0,0.0
0,9,61.375,0.0,0.0
0,9,61.5,0.0,0.0
0,9,61.625,0.0,0.0
0,9,61.75,0.0,0.0
0,9,61.875,0.0,0.0
0,9,62.0,0.0,0.0
0,9,62.125,0.0,0.0
0,9,62.25,0.0,0.0
0,9,62.375,0.0,0.0
