,Epoch,Iteration,Accuracy,Top3,Prediction,Target
0,0,1.0,0.125,0.375,[5 4 6 7 3 2 0 1],[0 0 0 0 0 0 0 0]
0,0,2.0,0.25,0.625,[9 8 5 4 6 7 3 2],[2 5 6 1 6 5 1 2]
0,0,3.0,0.25,0.375,[0 1 9 8 5 4 6 7],[3 3 7 7 6 0 6 7]
0,0,4.0,0.125,0.375,[3 2 0 1 9 8 5 4],[7 6 7 4 4 7 3 4]
0,0,5.0,0.375,0.625,[6 7 3 2 0 1 9 8],[8 7 7 2 7 1 4 7]
0,0,6.0,0.5,0.625,[5 4 6 7 3 2 0 1],[5 4 4 7 4 2 7 3]
0,0,7.0,0.5,0.625,[9 8 5 4 6 7 3 2],[7 7 5 4 8 7 7 2]
0,0,8.0,0.5,0.5,[0 1 9 8 5 4 6 7],[7 1 7 7 5 4 7 7]
0,0,9.0,0.375,0.5,[3 2 0 1 9 8 5 4],[4 2 7 1 6 7 4 4]
0,0,10.0,0.625,0.625,[6 7 3 2 1 9 8 5],[7 7 7 2 1 9 7 5]
0,0,11.0,0.5,0.5,[4 6 7 3 2 0 1 9],[4 7 9 1 2 9 1 9]
0,0,12.0,0.375,0.5,[8 5 4 6 7 3 2 0],[9 5 4 7 9 1 2 9]
0,0,13.0,0.25,0.375,[1 9 8 5 4 6 7 3],[1 9 9 2 1 9 6 2]
0,0,14.0,0.125,0.375,[2 0 1 9 8 5 4 6],[5 5 3 8 8 2 1 5]
0,0,15.0,0.375,0.5,[7 3 2 0 1 9 8 5],[9 1 2 5 1 9 6 2]
0,0,16.0,0.25,0.375,[4 6 7 3 2 0 1 9],[6 4 6 1 0 0 1 6]
0,0,17.0,0.125,0.5,[8 5 4 6 7 3 2 0],[6 6 1 5 9 3 6 3]
0,0,18.0,0.5,0.625,[1 9 8 5 4 6 7 3],[3 9 8 5 4 2 8 4]
0,0,19.0,0.375,0.625,[2 0 1 9 8 5 4 6],[6 8 1 4 7 6 4 6]
0,0,20.0,0.0,0.375,[7 3 2 0 1 9 8 5],[8 4 6 8 4 4 7 6]
0,0,21.0,0.125,0.5,[4 6 7 3 2 0 1 9],[1 5 8 4 5 8 1 4]
0,0,22.0,0.5,0.75,[8 5 4 6 7 3 2 0],[8 6 4 6 7 4 6 7]
0,0,23.0,0.625,0.75,[1 9 8 5 4 6 7 3],[1 9 7 2 1 6 7 3]
0,0,24.0,0.125,0.5,[2 0 1 9 8 5 4 6],[6 5 3 5 7 6 3 6]
0,0,25.0,0.125,0.75,[7 3 2 0 1 9 8 5],[5 3 6 5 3 5 7 6]
0,0,26.0,0.5,0.625,[4 6 7 3 2 0 1 9],[3 6 7 3 2 5 3 5]
0,0,27.0,0.375,0.5,[8 5 4 6 7 3 2 0],[7 2 3 6 5 3 2 5]
0,0,28.0,0.125,0.375,[1 9 8 5 4 6 7 3],[3 7 7 6 3 2 7 7]
0,0,29.0,0.25,0.625,[2 0 1 9 8 5 4 6],[2 6 3 7 8 7 3 8]
0,0,30.0,0.125,0.5,[7 3 2 0 1 9 8 5],[7 4 0 8 4 7 7 7]
0,0,31.0,0.25,0.375,[4 6 7 3 2 0 1 9],[1 2 9 1 2 4 1 7]
0,0,32.0,0.25,0.75,[8 5 4 6 7 3 2 0],[3 2 1 2 7 1 2 8]
0,0,33.0,0.0,0.375,[1 9 8 5 4 6 7 3],[4 8 7 3 3 3 8 4]
0,0,34.0,0.5,0.625,[2 0 1 9 8 5 4 6],[2 4 1 8 4 8 4 6]
0,0,35.0,0.5,0.5,[7 3 2 0 1 9 8 5],[9 1 2 8 1 8 8 5]
0,0,36.0,0.25,0.375,[4 6 7 3 2 0 1 9],[1 2 8 1 2 8 1 8]
0,0,37.0,0.375,0.625,[8 5 4 6 7 3 2 0],[8 5 9 2 8 1 2 8]
0,0,38.0,0.375,0.75,[1 9 8 5 4 6 7 3],[1 8 8 5 1 2 8 1]
0,0,39.0,0.625,0.625,[2 0 1 9 8 5 4 6],[2 8 1 8 8 5 4 2]
0,0,40.0,0.5,0.625,[7 3 2 0 1 9 8 5],[8 1 2 8 1 9 8 2]
0,0,41.0,0.375,0.875,[4 6 7 3 2 0 1 9],[1 2 8 3 2 7 3 9]
0,0,42.0,0.25,0.5,[8 5 4 6 7 3 2 0],[7 2 1 2 7 1 2 7]
0,0,43.0,0.5,0.75,[1 9 8 5 4 6 7 3],[3 9 8 2 3 2 7 3]
0,0,44.0,0.125,0.625,[2 0 1 9 8 5 4 6],[6 6 3 6 8 6 3 5]
0,0,45.0,0.125,0.625,[7 3 2 0 1 9 8 5],[6 4 6 6 4 9 9 6]
0,0,46.0,0.25,0.75,[4 6 7 3 2 0 1 9],[9 5 9 3 5 3 3 9]
0,0,47.0,0.25,0.375,[8 5 4 6 7 3 2 0],[8 6 9 2 8 1 2 1]
0,0,48.0,0.625,0.875,[1 9 8 5 4 6 7 3],[1 9 8 6 3 2 7 3]
0,0,49.0,0.5,0.625,[2 0 1 9 8 5 4 6],[2 3 1 5 8 5 3 5]
0,0,50.0,0.375,0.75,[7 3 2 0 1 9 8 5],[8 4 5 0 0 9 8 0]
0,0,51.0,0.375,0.75,[4 6 7 3 2 0 1 9],[0 6 8 0 2 0 0 8]
0,0,52.0,0.5,0.75,[8 5 4 6 7 3 2 0],[8 5 0 5 7 0 2 2]
0,0,53.0,0.125,0.5,[1 9 8 5 4 6 7 3],[3 5 5 2 3 2 5 3]
0,0,54.0,0.125,0.375,[2 0 1 9 8 5 4 6],[2 5 3 5 5 0 3 2]
0,0,55.0,0.125,0.375,[7 3 2 0 1 9 8 5],[5 4 2 5 4 6 3 2]
0,0,56.0,0.25,0.5,[4 6 7 3 2 0 1 9],[1 2 8 1 2 5 1 5]
0,0,57.0,0.125,0.5,[8 5 4 6 7 3 2 0],[8 0 3 3 8 0 3 7]
0,0,58.0,0.375,1.0,[1 9 8 5 4 6 7 3],[3 8 8 0 4 2 8 3]
0,0,59.0,0.25,0.5,[2 0 1 9 8 5 4 6],[6 7 3 6 6 3 4 6]
0,0,60.0,0.125,0.5,[7 3 2 0 1 9 8 5],[8 4 6 7 4 8 8 7]
0,0,61.0,0.375,0.75,[4 6 7 3 2 0 1 9],[3 2 8 1 2 8 1 9]
0,0,62.0,0.375,0.75,[8 5 4 6 7 3 2 0],[8 2 4 2 8 1 2 8]
0,0,63.0,0.25,0.625,[1 9 8 5 4 6 7 3],[1 8 8 6 3 2 8 4]
0,0,64.0,0.375,0.625,[2 0 1 9 8 5 4 6],[6 8 1 5 8 6 1 6]
0,0,65.0,0.125,0.5,[7 3 2 0 1 9 8 5],[8 1 6 8 3 5 8 2]
0,0,66.0,0.5,0.75,[4 6 7 3 2 0 1 9],[4 6 8 4 2 8 1 5]
0,0,67.0,0.25,0.375,[8 5 4 6 7 3 2 0],[8 2 3 2 8 1 2 8]
0,0,68.0,0.25,0.625,[1 9 8 5 4 6 7 3],[1 5 8 2 1 2 8 1]
0,0,69.0,0.5,0.5,[2 0 1 9 8 5 4 6],[2 7 1 5 8 5 5 8]
0,0,70.0,0.5,0.625,[7 3 2 0 1 9 8 5],[8 7 2 8 1 0 8 5]
0,0,71.0,0.5,0.625,[4 6 7 3 2 0 1 9],[5 2 7 5 2 7 1 9]
0,0,72.0,0.5,0.625,[8 5 4 6 7 3 2 0],[8 2 5 6 7 5 2 9]
0,0,73.0,0.625,1.0,[1 9 8 5 4 6 7 3],[1 9 7 6 4 6 7 1]
0,0,74.0,0.5,0.625,[2 0 1 9 8 5 4 6],[6 7 1 5 8 5 4 3]
0,0,75.0,0.125,0.5,[7 3 2 0 1 9 8 5],[5 4 5 5 4 5 5 5]
0,0,76.0,0.25,0.5,[4 6 7 3 2 0 1 9],[4 5 9 9 5 8 4 9]
0,0,77.0,0.375,0.625,[8 5 4 6 7 3 2 0],[9 5 4 6 9 1 5 9]
0,0,78.0,0.375,0.625,[1 9 8 5 4 6 7 3],[4 9 9 5 4 5 9 9]
0,0,79.0,0.625,0.75,[2 0 1 9 8 5 4 6],[2 9 4 9 9 5 4 6]
0,0,80.0,0.125,0.5,[7 3 2 0 1 9 8 5],[9 4 2 9 4 2 9 6]
0,0,81.0,0.25,0.5,[4 6 7 3 2 0 1 9],[8 6 8 5 6 7 1 5]
0,0,82.0,0.25,0.625,[8 5 4 6 7 3 2 0],[5 6 7 6 8 1 2 7]
0,0,83.0,0.5,0.625,[1 9 8 5 4 6 7 3],[1 2 8 4 4 6 5 1]
0,0,84.0,0.375,0.5,[2 0 1 9 8 5 4 6],[2 5 1 2 5 6 5 6]
0,0,85.0,0.125,0.375,[7 3 2 0 1 9 8 5],[5 4 6 5 1 2 5 6]
0,0,86.0,0.125,0.75,[4 6 7 3 2 0 1 9],[1 6 8 4 6 8 4 8]
0,0,87.0,0.375,0.5,[8 5 4 6 7 3 2 0],[7 6 3 6 7 3 6 7]
0,0,88.0,0.375,0.75,[1 9 8 5 4 6 7 3],[3 4 7 6 3 6 7 3]
0,0,89.0,0.375,0.875,[2 0 1 9 8 5 4 6],[6 8 1 2 8 2 1 6]
0,0,90.0,0.25,0.5,[7 3 2 0 1 9 8 5],[8 3 6 8 3 4 8 6]
0,0,91.0,0.25,0.75,[4 6 7 3 2 0 1 9],[3 2 7 9 6 7 1 8]
0,0,92.0,0.125,0.375,[8 5 4 6 7 3 2 0],[8 8 3 9 8 4 6 8]
0,0,93.0,0.5,0.875,[1 9 8 5 4 6 7 3],[3 9 8 5 3 2 9 3]
0,0,94.0,0.125,0.25,[2 0 1 9 8 5 4 6],[9 8 9 8 8 2 1 9]
0,0,95.0,0.5,0.75,[7 3 2 0 1 9 8 5],[7 4 6 8 1 9 8 2]
0,0,96.0,0.125,0.625,[4 6 7 3 2 0 1 9],[3 2 8 3 6 7 3 4]
0,0,97.0,0.5,0.5,[8 5 4 6 7 3 2 0],[8 2 3 6 7 1 2 7]
0,0,98.0,0.5,0.875,[1 9 8 5 4 6 7 3],[4 9 8 2 3 2 7 3]
0,0,99.0,0.0,0.5,[2 0 1 9 8 5 4 6],[6 7 3 8 3 6 3 2]
0,0,100.0,0.875,0.875,[7 3 2 0 1 9 8 5],[7 3 2 7 1 9 8 5]
0,0,101.0,0.375,0.625,[4 6 7 3 2 0 1 9],[1 2 7 3 6 7 4 9]
0,0,102.0,0.25,0.75,[8 5 4 6 7 3 2 0],[9 7 1 2 7 1 6 0]
0,0,103.0,0.5,0.875,[1 9 8 5 4 6 7 3],[1 9 8 0 4 8 9 4]
0,0,104.0,0.625,0.75,[2 0 1 9 8 5 4 6],[2 0 1 9 7 8 4 3]
0,0,105.0,0.5,0.875,[7 3 2 0 1 9 8 5],[7 5 2 0 3 9 9 7]
0,0,106.0,0.5,0.875,[4 6 7 3 2 0 1 9],[5 5 7 1 6 0 1 9]
0,0,107.0,0.5,0.875,[8 5 4 6 7 3 2 0],[9 5 4 6 0 5 6 0]
0,0,108.0,0.375,0.625,[1 9 8 5 4 6 7 3],[3 9 7 5 5 6 0 5]
0,0,109.0,0.25,0.625,[2 0 1 9 8 5 4 6],[5 0 3 9 7 6 0 5]
0,0,110.0,0.375,0.625,[7 3 2 0 1 9 8 5],[5 3 6 7 1 9 9 3]
0,0,111.0,0.625,0.75,[4 6 7 3 2 0 1 9],[3 6 8 5 2 0 1 9]
0,0,112.0,0.25,0.5,[8 5 4 6 7 3 2 0],[8 2 1 2 9 1 2 4]
0,0,113.0,0.25,0.5,[1 9 8 5 4 6 7 3],[3 4 9 6 1 6 9 3]
0,0,114.0,0.125,0.5,[2 0 1 9 8 5 4 6],[6 9 3 4 9 6 1 6]
0,0,115.0,0.25,0.375,[7 3 2 0 1 9 8 5],[9 3 6 4 1 5 9 6]
0,0,116.0,0.375,0.625,[4 6 7 3 2 0 1 9],[1 6 4 1 2 7 3 9]
0,0,117.0,0.125,0.375,[8 5 4 6 7 3 2 0],[4 0 1 2 9 1 2 9]
0,0,118.0,0.125,0.5,[1 9 8 5 4 6 7 3],[3 9 9 2 3 8 0 4]
0,0,119.0,0.5,1.0,[2 0 1 9 8 5 4 6],[6 0 4 9 8 2 4 2]
0,0,120.0,0.5,1.0,[7 3 2 0 1 9 8 5],[8 1 5 0 1 9 7 5]
0,1,1.0,0.125,0.75,[5 4 6 7 3 2 0 1],[9 9 5 8 4 5 0 3]
0,1,2.0,0.375,0.75,[9 8 5 4 6 7 3 2],[9 7 5 1 8 7 1 5]
0,1,3.0,0.125,0.625,[0 1 9 8 5 4 6 7],[3 3 9 7 6 5 2 9]
0,1,4.0,0.5,0.75,[3 2 0 1 9 8 5 4],[9 5 9 1 9 8 5 9]
0,1,5.0,0.5,0.875,[6 7 3 2 0 1 9 8],[5 7 9 5 0 1 9 5]
0,1,6.0,0.5,0.75,[5 4 6 7 3 2 0 1],[5 9 5 7 9 2 0 3]
0,1,7.0,0.375,0.5,[9 8 5 4 6 7 3 2],[9 6 5 9 9 9 6 2]
0,1,8.0,0.5,0.5,[0 1 9 8 5 4 6 7],[6 1 6 6 5 4 6 6]
0,1,9.0,0.375,0.5,[3 2 0 1 9 8 5 4],[9 2 6 3 6 6 5 4]
0,1,10.0,0.5,0.625,[6 7 3 2 1 9 8 5],[0 8 4 2 1 8 8 5]
0,1,11.0,0.375,0.5,[4 6 7 3 2 0 1 9],[4 8 8 1 2 8 1 8]
0,1,12.0,0.5,0.625,[8 5 4 6 7 3 2 0],[8 5 4 8 8 1 2 8]
0,1,13.0,0.5,0.625,[1 9 8 5 4 6 7 3],[1 8 8 2 1 9 7 3]
0,1,14.0,0.0,0.625,[2 0 1 9 8 5 4 6],[5 3 3 8 3 2 1 5]
0,1,15.0,0.375,0.75,[7 3 2 0 1 9 8 5],[7 3 2 2 3 8 4 2]
0,1,16.0,0.5,0.5,[4 6 7 3 2 0 1 9],[9 2 7 3 2 3 1 4]
0,1,17.0,0.5,0.75,[8 5 4 6 7 3 2 0],[8 2 1 4 7 3 2 3]
0,1,18.0,0.25,0.625,[1 9 8 5 4 6 7 3],[1 8 5 6 4 5 5 4]
0,1,19.0,0.625,0.625,[2 0 1 9 8 5 4 6],[2 5 1 5 8 2 4 6]
0,1,20.0,0.375,0.75,[7 3 2 0 1 9 8 5],[5 1 2 5 4 9 8 2]
0,1,21.0,0.25,0.375,[4 6 7 3 2 0 1 9],[3 2 5 5 2 5 3 9]
0,1,22.0,0.25,0.375,[8 5 4 6 7 3 2 0],[8 2 1 2 5 5 2 5]
0,1,23.0,0.25,0.75,[1 9 8 5 4 6 7 3],[1 9 5 2 1 2 5 1]
0,1,24.0,0.25,0.375,[2 0 1 9 8 5 4 6],[2 7 1 7 7 2 3 2]
0,1,25.0,0.25,0.375,[7 3 2 0 1 9 8 5],[7 4 5 7 1 7 7 2]
0,1,26.0,0.5,0.625,[4 6 7 3 2 0 1 9],[1 2 7 3 2 7 1 7]
0,1,27.0,0.375,0.625,[8 5 4 6 7 3 2 0],[7 2 1 2 7 3 2 7]
0,1,28.0,0.375,0.375,[1 9 8 5 4 6 7 3],[1 7 7 2 3 2 7 3]
0,1,29.0,0.25,0.75,[2 0 1 9 8 5 4 6],[2 2 1 7 7 7 1 7]
0,1,30.0,0.25,0.625,[7 3 2 0 1 9 8 5],[8 4 2 8 4 8 8 7]
0,1,31.0,0.25,0.625,[4 6 7 3 2 0 1 9],[3 2 8 1 2 4 1 8]
0,1,32.0,0.25,0.625,[8 5 4 6 7 3 2 0],[4 2 3 2 8 3 2 8]
0,1,33.0,0.375,0.625,[1 9 8 5 4 6 7 3],[1 8 8 7 4 0 8 1]
0,1,34.0,0.5,0.75,[2 0 1 9 8 5 4 6],[2 3 1 9 4 8 4 8]
0,1,35.0,0.125,0.625,[7 3 2 0 1 9 8 5],[8 1 2 8 3 8 9 2]
0,1,36.0,0.25,0.625,[4 6 7 3 2 0 1 9],[1 2 8 1 2 8 1 8]
0,1,37.0,0.125,0.625,[8 5 4 6 7 3 2 0],[9 3 9 2 8 1 2 8]
0,1,38.0,0.375,0.875,[1 9 8 5 4 6 7 3],[1 8 8 6 3 2 7 1]
0,1,39.0,0.375,0.5,[2 0 1 9 8 5 4 6],[2 7 1 7 7 6 4 2]
0,1,40.0,0.375,0.625,[7 3 2 0 1 9 8 5],[9 1 2 8 1 8 8 2]
0,1,41.0,0.375,0.625,[4 6 7 3 2 0 1 9],[1 2 6 1 2 7 1 9]
0,1,42.0,0.375,0.375,[8 5 4 6 7 3 2 0],[7 2 3 2 7 3 2 7]
0,1,43.0,0.375,0.5,[1 9 8 5 4 6 7 3],[1 9 7 2 3 2 7 1]
0,1,44.0,0.375,0.75,[2 0 1 9 8 5 4 6],[2 7 1 2 7 2 3 6]
0,1,45.0,0.375,0.5,[7 3 2 0 1 9 8 5],[7 3 2 7 3 4 4 2]
0,1,46.0,0.625,0.75,[4 6 7 3 2 0 1 9],[4 5 8 3 2 2 1 9]
0,1,47.0,0.625,0.75,[8 5 4 6 7 3 2 0],[8 5 9 6 7 1 2 3]
0,1,48.0,0.625,0.75,[1 9 8 5 4 6 7 3],[1 9 7 6 3 6 7 3]
0,1,49.0,0.625,0.75,[2 0 1 9 8 5 4 6],[2 0 1 2 4 2 4 6]
0,1,50.0,0.375,0.625,[7 3 2 0 1 9 8 5],[7 4 2 5 4 9 4 0]
0,1,51.0,0.625,0.875,[4 6 7 3 2 0 1 9],[1 6 7 1 2 0 1 6]
0,1,52.0,0.5,0.875,[8 5 4 6 7 3 2 0],[8 5 1 6 6 1 2 6]
0,1,53.0,0.125,0.375,[1 9 8 5 4 6 7 3],[4 6 6 2 4 2 6 4]
0,1,54.0,0.25,0.5,[2 0 1 9 8 5 4 6],[5 6 4 6 6 5 4 5]
0,1,55.0,0.125,0.5,[7 3 2 0 1 9 8 5],[6 4 5 6 4 6 6 5]
0,1,56.0,0.125,0.5,[4 6 7 3 2 0 1 9],[1 5 6 1 5 6 1 5]
0,1,57.0,0.125,0.375,[8 5 4 6 7 3 2 0],[7 0 0 0 7 0 5 7]
0,1,58.0,0.125,0.75,[1 9 8 5 4 6 7 3],[0 8 7 3 0 5 7 4]
0,1,59.0,0.125,0.625,[2 0 1 9 8 5 4 6],[0 0 0 7 7 0 3 5]
0,1,60.0,0.375,0.625,[7 3 2 0 1 9 8 5],[8 4 2 0 0 8 8 0]
0,1,61.0,0.375,0.75,[4 6 7 3 2 0 1 9],[4 5 8 1 0 8 1 9]
0,1,62.0,0.375,0.75,[8 5 4 6 7 3 2 0],[7 5 4 5 7 1 5 7]
0,1,63.0,0.25,0.875,[1 9 8 5 4 6 7 3],[3 8 7 5 0 5 7 0]
0,1,64.0,0.25,0.625,[2 0 1 9 8 5 4 6],[2 7 1 6 3 2 1 5]
0,1,65.0,0.125,0.625,[7 3 2 0 1 9 8 5],[3 1 2 3 3 6 3 6]
0,1,66.0,0.125,0.625,[4 6 7 3 2 0 1 9],[1 8 8 3 5 8 3 8]
0,1,67.0,0.5,0.625,[8 5 4 6 7 3 2 0],[8 5 3 5 8 3 2 8]
0,1,68.0,0.25,0.5,[1 9 8 5 4 6 7 3],[3 5 8 5 3 5 8 0]
0,1,69.0,0.125,0.625,[2 0 1 9 8 5 4 6],[5 7 3 7 7 6 4 5]
0,1,70.0,0.25,0.625,[7 3 2 0 1 9 8 5],[8 8 5 8 3 8 8 5]
0,1,71.0,0.125,0.5,[4 6 7 3 2 0 1 9],[5 5 8 5 2 8 3 8]
0,1,72.0,0.25,0.5,[8 5 4 6 7 3 2 0],[7 6 4 5 7 0 5 7]
0,1,73.0,0.5,0.5,[1 9 8 5 4 6 7 3],[1 7 7 5 4 5 7 0]
0,1,74.0,0.75,0.875,[2 0 1 9 8 5 4 6],[5 8 1 9 8 5 4 6]
0,1,75.0,0.25,0.375,[7 3 2 0 1 9 8 5],[9 4 7 9 4 9 9 5]
0,1,76.0,0.375,0.625,[4 6 7 3 2 0 1 9],[4 5 9 9 5 8 1 9]
0,1,77.0,0.125,0.75,[8 5 4 6 7 3 2 0],[9 5 1 5 9 1 5 9]
0,1,78.0,0.125,0.5,[1 9 8 5 4 6 7 3],[4 6 9 6 4 9 9 9]
0,1,79.0,0.25,0.5,[2 0 1 9 8 5 4 6],[6 9 4 9 9 5 1 5]
0,1,80.0,0.25,0.375,[7 3 2 0 1 9 8 5],[9 9 2 9 1 5 9 6]
0,1,81.0,0.25,0.5,[4 6 7 3 2 0 1 9],[0 5 8 5 5 8 1 9]
0,1,82.0,0.125,0.5,[8 5 4 6 7 3 2 0],[7 0 6 5 7 1 6 7]
0,1,83.0,0.375,0.625,[1 9 8 5 4 6 7 3],[3 2 7 0 4 6 7 1]
0,1,84.0,0.75,0.75,[2 0 1 9 8 5 4 6],[2 7 1 9 8 2 4 6]
0,1,85.0,0.25,0.625,[7 3 2 0 1 9 8 5],[8 4 6 8 1 8 8 6]
0,1,86.0,0.25,0.625,[4 6 7 3 2 0 1 9],[3 6 8 3 6 8 3 5]
0,1,87.0,0.375,0.75,[8 5 4 6 7 3 2 0],[7 6 3 6 7 3 6 7]
0,1,88.0,0.375,0.625,[1 9 8 5 4 6 7 3],[3 3 7 6 3 6 7 3]
0,1,89.0,0.25,0.5,[2 0 1 9 8 5 4 6],[6 7 1 3 7 6 1 6]
0,1,90.0,0.25,0.625,[7 3 2 0 1 9 8 5],[3 3 6 3 3 3 8 6]
0,1,91.0,0.25,0.75,[4 6 7 3 2 0 1 9],[1 2 3 3 6 3 1 5]
0,1,92.0,0.25,0.5,[8 5 4 6 7 3 2 0],[7 8 3 5 3 3 2 3]
0,1,93.0,0.375,0.625,[1 9 8 5 4 6 7 3],[3 9 3 5 4 2 5 4]
0,1,94.0,0.0,0.25,[2 0 1 9 8 5 4 6],[5 3 3 3 5 2 1 5]
0,1,95.0,0.375,0.875,[7 3 2 0 1 9 8 5],[3 3 6 3 1 5 5 5]
0,1,96.0,0.375,0.625,[4 6 7 3 2 0 1 9],[1 9 9 3 2 9 3 9]
0,1,97.0,0.5,0.75,[8 5 4 6 7 3 2 0],[9 9 0 6 7 0 2 0]
0,1,98.0,0.125,0.875,[1 9 8 5 4 6 7 3],[4 3 5 2 3 5 0 3]
0,1,99.0,0.125,0.375,[2 0 1 9 8 5 4 6],[6 7 4 8 9 2 1 6]
0,1,100.0,0.625,0.875,[7 3 2 0 1 9 8 5],[7 3 6 7 1 2 8 5]
0,1,101.0,0.375,0.625,[4 6 7 3 2 0 1 9],[1 8 7 3 6 7 1 8]
0,1,102.0,0.125,0.625,[8 5 4 6 7 3 2 0],[9 6 3 5 7 1 6 7]
0,1,103.0,0.375,0.75,[1 9 8 5 4 6 7 3],[1 9 8 0 9 2 8 1]
0,1,104.0,0.375,0.75,[2 0 1 9 8 5 4 6],[2 0 3 8 8 8 9 0]
0,1,105.0,0.25,0.375,[7 3 2 0 1 9 8 5],[8 0 2 7 3 8 8 7]
0,1,106.0,0.5,0.5,[4 6 7 3 2 0 1 9],[0 6 8 3 2 7 1 8]
0,1,107.0,0.375,0.5,[8 5 4 6 7 3 2 0],[8 6 3 8 8 3 2 8]
0,1,108.0,0.375,0.5,[1 9 8 5 4 6 7 3],[1 8 8 2 3 5 5 3]
0,1,109.0,0.125,0.375,[2 0 1 9 8 5 4 6],[6 7 1 8 7 2 1 2]
0,1,110.0,0.5,0.75,[7 3 2 0 1 9 8 5],[8 3 2 8 1 8 8 2]
0,1,111.0,0.5,0.625,[4 6 7 3 2 0 1 9],[1 6 6 3 2 7 1 8]
0,1,112.0,0.125,0.375,[8 5 4 6 7 3 2 0],[8 6 1 2 8 1 6 8]
0,1,113.0,0.375,0.5,[1 9 8 5 4 6 7 3],[1 8 8 2 1 2 9 3]
0,1,114.0,0.5,0.75,[2 0 1 9 8 5 4 6],[2 8 1 9 8 2 1 2]
0,1,115.0,0.5,0.5,[7 3 2 0 1 9 8 5],[8 3 2 8 1 8 8 6]
0,1,116.0,0.125,0.375,[4 6 7 3 2 0 1 9],[1 2 8 1 6 7 1 8]
0,1,117.0,0.25,0.5,[8 5 4 6 7 3 2 0],[8 6 1 6 9 1 5 8]
0,1,118.0,0.5,0.625,[1 9 8 5 4 6 7 3],[1 9 8 2 1 5 7 1]
0,1,119.0,0.25,0.625,[2 0 1 9 8 5 4 6],[2 6 1 8 9 2 9 2]
0,1,120.0,0.375,0.625,[7 3 2 0 1 9 8 5],[7 1 2 6 1 8 7 2]
0,2,1.0,0.375,0.75,[5 4 6 7 3 2 0 1],[5 9 5 6 3 5 6 1]
0,2,2.0,0.125,0.875,[9 8 5 4 6 7 3 2],[8 6 2 3 5 6 3 5]
0,2,3.0,0.5,0.75,[0 1 9 8 5 4 6 7],[7 1 9 6 3 4 6 9]
0,2,4.0,0.25,0.75,[3 2 0 1 9 8 5 4],[5 6 9 1 5 5 5 5]
0,2,5.0,0.625,0.625,[6 7 3 2 0 1 9 8],[6 7 3 2 6 1 3 6]
0,2,6.0,0.5,0.75,[5 4 6 7 3 2 0 1],[5 3 5 6 3 2 6 1]
0,2,7.0,0.375,0.75,[9 8 5 4 6 7 3 2],[3 7 5 3 3 3 3 2]
0,2,8.0,0.25,0.5,[0 1 9 8 5 4 6 7],[3 1 3 3 5 9 3 3]
0,2,9.0,0.375,0.375,[3 2 0 1 9 8 5 4],[9 2 3 1 3 3 5 3]
0,2,10.0,0.5,0.75,[6 7 3 2 1 9 8 5],[7 8 9 2 1 9 9 5]
0,2,11.0,0.5,0.625,[4 6 7 3 2 0 1 9],[4 9 9 9 2 9 1 9]
0,2,12.0,0.375,0.375,[8 5 4 6 7 3 2 0],[9 5 4 9 9 1 2 9]
0,2,13.0,0.625,0.625,[1 9 8 5 4 6 7 3],[1 9 9 0 4 9 7 3]
0,2,14.0,0.25,0.75,[2 0 1 9 8 5 4 6],[2 3 3 9 7 2 1 2]
0,2,15.0,0.625,0.625,[7 3 2 0 1 9 8 5],[7 3 2 3 1 9 7 2]
0,2,16.0,0.375,0.875,[4 6 7 3 2 0 1 9],[3 2 5 3 2 3 1 4]
0,2,17.0,0.5,0.625,[8 5 4 6 7 3 2 0],[9 2 4 5 7 3 2 3]
0,2,18.0,0.25,0.75,[1 9 8 5 4 6 7 3],[1 4 4 2 4 5 4 4]
0,2,19.0,0.375,0.5,[2 0 1 9 8 5 4 6],[2 4 1 4 4 5 3 2]
0,2,20.0,0.25,0.625,[7 3 2 0 1 9 8 5],[4 1 2 4 4 9 4 2]
0,2,21.0,0.125,0.5,[4 6 7 3 2 0 1 9],[3 5 4 4 2 4 3 4]
0,2,22.0,0.125,0.25,[8 5 4 6 7 3 2 0],[4 0 3 2 4 4 2 7]
0,2,23.0,0.25,0.5,[1 9 8 5 4 6 7 3],[3 4 4 2 3 2 7 3]
0,2,24.0,0.25,0.375,[2 0 1 9 8 5 4 6],[2 8 3 8 8 2 3 2]
0,2,25.0,0.25,0.5,[7 3 2 0 1 9 8 5],[8 4 2 8 4 8 8 2]
0,2,26.0,0.25,0.5,[4 6 7 3 2 0 1 9],[3 5 8 3 2 8 3 8]
0,2,27.0,0.375,0.625,[8 5 4 6 7 3 2 0],[7 2 1 2 7 3 2 7]
0,2,28.0,0.0,0.5,[1 9 8 5 4 6 7 3],[3 7 7 2 3 2 5 5]
0,2,29.0,0.25,0.5,[2 0 1 9 8 5 4 6],[5 5 3 8 8 5 3 7]
0,2,30.0,0.25,0.75,[7 3 2 0 1 9 8 5],[9 1 6 9 1 9 9 8]
0,2,31.0,0.375,0.5,[4 6 7 3 2 0 1 9],[3 2 9 3 3 3 1 9]
0,2,32.0,0.375,0.625,[8 5 4 6 7 3 2 0],[8 2 3 2 9 3 2 9]
0,2,33.0,0.25,0.5,[1 9 8 5 4 6 7 3],[3 9 9 7 9 0 9 3]
0,2,34.0,0.125,0.5,[2 0 1 9 8 5 4 6],[5 3 3 9 9 9 9 2]
0,2,35.0,0.375,0.625,[7 3 2 0 1 9 8 5],[9 1 2 9 1 9 9 2]
0,2,36.0,0.125,0.625,[4 6 7 3 2 0 1 9],[3 5 9 4 5 9 4 9]
0,2,37.0,0.125,0.5,[8 5 4 6 7 3 2 0],[9 3 9 2 9 1 2 9]
0,2,38.0,0.25,0.875,[1 9 8 5 4 6 7 3],[3 9 9 6 3 2 9 3]
0,2,39.0,0.375,0.5,[2 0 1 9 8 5 4 6],[2 9 3 9 8 2 3 2]
0,2,40.0,0.375,0.5,[7 3 2 0 1 9 8 5],[9 1 2 9 1 9 9 2]
0,2,41.0,0.25,0.625,[4 6 7 3 2 0 1 9],[1 2 8 1 2 5 1 8]
0,2,42.0,0.25,0.5,[8 5 4 6 7 3 2 0],[8 2 1 2 8 1 2 5]
0,2,43.0,0.25,0.375,[1 9 8 5 4 6 7 3],[1 9 5 2 1 2 5 1]
0,2,44.0,0.25,0.625,[2 0 1 9 8 5 4 6],[2 5 3 9 5 2 3 2]
0,2,45.0,0.25,0.75,[7 3 2 0 1 9 8 5],[5 1 2 5 3 9 5 2]
0,2,46.0,0.5,0.5,[4 6 7 3 2 0 1 9],[9 5 9 3 2 3 1 9]
0,2,47.0,0.25,0.625,[8 5 4 6 7 3 2 0],[5 8 9 6 5 1 2 3]
0,2,48.0,0.375,0.75,[1 9 8 5 4 6 7 3],[1 9 5 7 4 2 5 4]
0,2,49.0,0.625,0.75,[2 0 1 9 8 5 4 6],[2 3 1 9 5 5 1 6]
0,2,50.0,0.375,0.5,[7 3 2 0 1 9 8 5],[7 3 6 0 0 3 5 2]
0,2,51.0,0.25,0.625,[4 6 7 3 2 0 1 9],[0 5 5 0 2 3 3 9]
0,2,52.0,0.375,0.625,[8 5 4 6 7 3 2 0],[7 2 3 5 5 3 2 0]
0,2,53.0,0.125,0.5,[1 9 8 5 4 6 7 3],[0 3 3 2 3 2 7 1]
0,2,54.0,0.25,0.375,[2 0 1 9 8 5 4 6],[2 3 1 3 3 2 1 2]
0,2,55.0,0.375,0.5,[7 3 2 0 1 9 8 5],[9 3 6 9 1 9 9 6]
0,2,56.0,0.25,0.5,[4 6 7 3 2 0 1 9],[1 2 9 1 2 9 1 2]
0,2,57.0,0.25,0.375,[8 5 4 6 7 3 2 0],[9 0 4 0 9 0 2 9]
0,2,58.0,0.375,0.875,[1 9 8 5 4 6 7 3],[1 8 8 3 4 2 8 4]
0,2,59.0,0.375,0.5,[2 0 1 9 8 5 4 6],[5 0 4 8 8 1 4 5]
0,2,60.0,0.25,0.625,[7 3 2 0 1 9 8 5],[0 4 6 0 4 8 8 0]
0,2,61.0,0.625,0.625,[4 6 7 3 2 0 1 9],[4 2 8 3 2 8 1 9]
0,2,62.0,0.5,0.625,[8 5 4 6 7 3 2 0],[8 2 4 2 8 3 2 8]
0,2,63.0,0.375,0.5,[1 9 8 5 4 6 7 3],[1 9 8 2 0 2 8 4]
0,2,64.0,0.25,0.75,[2 0 1 9 8 5 4 6],[5 8 1 8 5 5 1 5]
0,2,65.0,0.25,0.75,[7 3 2 0 1 9 8 5],[8 4 5 8 4 5 8 5]
0,2,66.0,0.125,0.75,[4 6 7 3 2 0 1 9],[1 2 8 3 5 7 3 5]
0,2,67.0,0.5,0.625,[8 5 4 6 7 3 2 0],[8 2 3 2 7 3 2 7]
0,2,68.0,0.375,0.5,[1 9 8 5 4 6 7 3],[3 2 8 2 3 2 7 3]
0,2,69.0,0.375,0.75,[2 0 1 9 8 5 4 6],[5 7 3 9 8 6 4 5]
0,2,70.0,0.125,0.625,[7 3 2 0 1 9 8 5],[7 8 6 7 3 2 7 6]
0,2,71.0,0.5,0.625,[4 6 7 3 2 0 1 9],[4 2 7 4 2 7 1 4]
0,2,72.0,0.25,0.375,[8 5 4 6 7 3 2 0],[7 2 4 4 7 4 0 7]
0,2,73.0,0.375,0.5,[1 9 8 5 4 6 7 3],[1 5 7 2 4 4 7 0]
0,2,74.0,0.625,0.75,[2 0 1 9 8 5 4 6],[2 7 1 9 7 5 4 4]
0,2,75.0,0.25,0.625,[7 3 2 0 1 9 8 5],[9 9 5 9 4 9 9 5]
0,2,76.0,0.375,0.5,[4 6 7 3 2 0 1 9],[4 5 3 3 5 3 1 3]
0,2,77.0,0.375,0.5,[8 5 4 6 7 3 2 0],[9 5 1 2 3 3 2 3]
0,2,78.0,0.375,0.625,[1 9 8 5 4 6 7 3],[1 7 7 5 9 5 7 7]
0,2,79.0,0.25,0.5,[2 0 1 9 8 5 4 6],[5 7 1 7 7 5 9 0]
0,2,80.0,0.25,0.5,[7 3 2 0 1 9 8 5],[7 7 5 7 1 7 7 0]
0,2,81.0,0.625,0.625,[4 6 7 3 2 0 1 9],[4 2 7 7 2 0 1 7]
0,2,82.0,0.375,0.375,[8 5 4 6 7 3 2 0],[7 0 4 5 7 1 2 7]
0,2,83.0,0.375,0.5,[1 9 8 5 4 6 7 3],[1 5 5 4 4 2 7 1]
0,2,84.0,0.25,0.5,[2 0 1 9 8 5 4 6],[2 7 1 5 7 7 5 2]
0,2,85.0,0.25,0.625,[7 3 2 0 1 9 8 5],[5 1 2 5 1 5 5 2]
0,2,86.0,0.25,0.75,[4 6 7 3 2 0 1 9],[1 2 5 1 2 5 1 8]
0,2,87.0,0.125,0.625,[8 5 4 6 7 3 2 0],[5 2 1 2 5 1 2 5]
0,2,88.0,0.125,0.75,[1 9 8 5 4 6 7 3],[1 4 5 6 3 5 5 4]
0,2,89.0,0.25,0.625,[2 0 1 9 8 5 4 6],[2 5 1 4 5 2 1 2]
0,2,90.0,0.375,0.875,[7 3 2 0 1 9 8 5],[5 3 2 5 3 9 5 6]
0,2,91.0,0.25,0.625,[4 6 7 3 2 0 1 9],[3 6 8 3 6 8 3 8]
0,2,92.0,0.375,0.5,[8 5 4 6 7 3 2 0],[8 8 3 8 8 3 2 8]
0,2,93.0,0.375,0.5,[1 9 8 5 4 6 7 3],[3 9 8 3 3 2 8 3]
0,2,94.0,0.25,0.375,[2 0 1 9 8 5 4 6],[5 7 3 7 7 5 3 6]
0,2,95.0,0.25,0.75,[7 3 2 0 1 9 8 5],[8 3 2 8 3 8 7 6]
0,2,96.0,0.375,0.625,[4 6 7 3 2 0 1 9],[3 8 7 3 2 7 3 8]
0,2,97.0,0.5,0.75,[8 5 4 6 7 3 2 0],[8 5 3 6 7 7 6 7]
0,2,98.0,0.625,0.875,[1 9 8 5 4 6 7 3],[1 4 8 6 1 6 7 3]
0,2,99.0,0.625,0.875,[2 0 1 9 8 5 4 6],[6 0 1 8 8 5 3 6]
0,2,100.0,0.5,0.875,[7 3 2 0 1 9 8 5],[7 3 6 7 1 6 4 5]
0,2,101.0,0.375,0.625,[4 6 7 3 2 0 1 9],[3 2 7 1 6 0 1 8]
0,2,102.0,0.5,0.75,[8 5 4 6 7 3 2 0],[8 6 3 2 7 1 2 0]
0,2,103.0,0.375,1.0,[1 9 8 5 4 6 7 3],[3 9 4 0 9 6 7 1]
0,2,104.0,0.625,0.75,[2 0 1 9 8 5 4 6],[2 0 1 9 8 4 9 3]
0,2,105.0,0.5,0.75,[7 3 2 0 1 9 8 5],[7 3 6 7 1 9 4 0]
0,2,106.0,0.5,0.625,[4 6 7 3 2 0 1 9],[0 2 7 3 6 7 1 9]
0,2,107.0,0.375,0.625,[8 5 4 6 7 3 2 0],[4 2 4 2 4 5 2 0]
0,2,108.0,0.375,0.75,[1 9 8 5 4 6 7 3],[1 4 4 2 4 2 2 3]
0,2,109.0,0.125,0.25,[2 0 1 9 8 5 4 6],[6 7 1 4 4 2 1 2]
0,2,110.0,0.375,0.75,[7 3 2 0 1 9 8 5],[4 1 2 4 1 4 4 5]
0,2,111.0,0.5,0.875,[4 6 7 3 2 0 1 9],[3 5 7 3 2 7 1 8]
0,2,112.0,0.25,0.375,[8 5 4 6 7 3 2 0],[8 2 1 2 8 1 2 8]
0,2,113.0,0.375,0.75,[1 9 8 5 4 6 7 3],[9 9 8 2 1 2 8 3]
0,2,114.0,0.25,0.5,[2 0 1 9 8 5 4 6],[2 8 9 4 8 2 3 2]
0,2,115.0,0.375,0.625,[7 3 2 0 1 9 8 5],[9 3 2 8 3 9 9 6]
0,2,116.0,0.25,0.625,[4 6 7 3 2 0 1 9],[1 5 8 1 2 8 1 8]
0,2,117.0,0.25,0.5,[8 5 4 6 7 3 2 0],[8 2 1 2 8 1 2 8]
0,2,118.0,0.375,0.875,[1 9 8 5 4 6 7 3],[9 9 8 2 1 2 7 1]
0,2,119.0,0.5,0.75,[2 0 1 9 8 5 4 6],[0 7 1 9 8 2 4 2]
0,2,120.0,0.625,0.875,[7 3 2 0 1 9 8 5],[7 1 2 7 1 9 8 2]
0,3,1.0,0.5,0.75,[5 4 6 7 3 2 0 1],[5 9 8 8 3 5 0 1]
0,3,2.0,0.375,0.625,[9 8 5 4 6 7 3 2],[8 4 6 3 5 7 3 2]
0,3,3.0,0.625,0.625,[0 1 9 8 5 4 6 7],[4 1 9 8 5 4 2 8]
0,3,4.0,0.375,0.75,[3 2 0 1 9 8 5 4],[8 2 9 1 5 5 5 5]
0,3,5.0,0.25,1.0,[6 7 3 2 0 1 9 8],[2 7 4 4 7 3 9 4]
0,3,6.0,0.375,0.625,[5 4 6 7 3 2 0 1],[5 5 5 4 5 2 7 1]
0,3,7.0,0.5,0.5,[9 8 5 4 6 7 3 2],[9 8 5 9 8 8 8 2]
0,3,8.0,0.375,0.375,[0 1 9 8 5 4 6 7],[4 1 8 8 5 3 9 8]
0,3,9.0,0.5,0.5,[3 2 0 1 9 8 5 4],[5 2 4 1 8 8 5 5]
0,3,10.0,0.625,0.75,[6 7 3 2 1 9 8 5],[2 8 3 2 1 9 4 5]
0,3,11.0,0.375,0.625,[4 6 7 3 2 0 1 9],[9 4 5 9 2 4 1 9]
0,3,12.0,0.375,0.625,[8 5 4 6 7 3 2 0],[5 5 4 5 5 1 2 4]
0,3,13.0,0.125,0.5,[1 9 8 5 4 6 7 3],[3 5 5 0 3 5 0 3]
0,3,14.0,0.125,0.75,[2 0 1 9 8 5 4 6],[2 2 3 5 4 2 1 2]
0,3,15.0,0.625,0.875,[7 3 2 0 1 9 8 5],[8 3 2 0 1 5 8 2]
0,3,16.0,0.25,0.5,[4 6 7 3 2 0 1 9],[3 2 0 3 2 3 4 8]
0,3,17.0,0.25,0.75,[8 5 4 6 7 3 2 0],[7 5 1 5 5 1 2 3]
0,3,18.0,0.375,0.75,[1 9 8 5 4 6 7 3],[1 5 5 5 4 5 5 5]
0,3,19.0,0.25,0.5,[2 0 1 9 8 5 4 6],[2 5 1 5 9 2 3 2]
0,3,20.0,0.375,0.5,[7 3 2 0 1 9 8 5],[5 3 2 5 3 9 9 2]
0,3,21.0,0.25,0.5,[4 6 7 3 2 0 1 9],[1 2 5 5 2 5 1 5]
0,3,22.0,0.125,0.375,[8 5 4 6 7 3 2 0],[9 2 1 2 5 9 2 5]
0,3,23.0,0.0,0.75,[1 9 8 5 4 6 7 3],[4 4 5 2 3 2 5 1]
0,3,24.0,0.125,0.5,[2 0 1 9 8 5 4 6],[2 7 3 7 7 2 3 2]
0,3,25.0,0.25,0.5,[7 3 2 0 1 9 8 5],[7 4 2 7 3 7 7 2]
0,3,26.0,0.375,0.625,[4 6 7 3 2 0 1 9],[3 2 7 3 2 7 3 7]
0,3,27.0,0.375,0.75,[8 5 4 6 7 3 2 0],[7 2 1 2 7 3 2 7]
0,3,28.0,0.25,0.5,[1 9 8 5 4 6 7 3],[3 7 7 2 4 2 7 4]
0,3,29.0,0.125,0.625,[2 0 1 9 8 5 4 6],[2 2 3 7 7 0 3 0]
0,3,30.0,0.375,0.625,[7 3 2 0 1 9 8 5],[9 4 2 8 1 8 8 0]
0,3,31.0,0.25,0.75,[4 6 7 3 2 0 1 9],[3 2 8 4 2 3 1 8]
0,3,32.0,0.25,0.5,[8 5 4 6 7 3 2 0],[3 2 4 2 9 4 2 9]
0,3,33.0,0.25,0.5,[1 9 8 5 4 6 7 3],[4 9 9 0 3 3 9 3]
0,3,34.0,0.25,0.5,[2 0 1 9 8 5 4 6],[0 3 3 9 3 9 3 6]
0,3,35.0,0.5,0.75,[7 3 2 0 1 9 8 5],[9 3 2 9 3 9 9 5]
0,3,36.0,0.25,0.5,[4 6 7 3 2 0 1 9],[9 5 8 3 2 8 3 8]
0,3,37.0,0.375,0.625,[8 5 4 6 7 3 2 0],[9 5 4 5 9 3 5 9]
0,3,38.0,0.25,0.875,[1 9 8 5 4 6 7 3],[3 8 8 6 3 2 8 3]
0,3,39.0,0.5,0.625,[2 0 1 9 8 5 4 6],[2 7 3 4 8 5 4 5]
0,3,40.0,0.25,0.5,[7 3 2 0 1 9 8 5],[8 3 5 8 3 4 8 2]
0,3,41.0,0.375,0.75,[4 6 7 3 2 0 1 9],[3 2 7 3 2 7 3 4]
0,3,42.0,0.375,0.375,[8 5 4 6 7 3 2 0],[4 2 3 2 7 3 2 7]
0,3,43.0,0.25,0.375,[1 9 8 5 4 6 7 3],[3 4 4 2 3 2 7 3]
0,3,44.0,0.5,0.875,[2 0 1 9 8 5 4 6],[2 0 1 5 4 5 3 2]
0,3,45.0,0.5,0.75,[7 3 2 0 1 9 8 5],[7 4 2 0 4 4 4 5]
0,3,46.0,0.25,0.875,[4 6 7 3 2 0 1 9],[8 5 8 4 2 4 1 8]
0,3,47.0,0.25,0.625,[8 5 4 6 7 3 2 0],[8 9 8 5 4 9 2 4]
0,3,48.0,0.0,0.625,[1 9 8 5 4 6 7 3],[3 4 4 0 1 5 4 1]
0,3,49.0,0.375,0.75,[2 0 1 9 8 5 4 6],[2 4 4 6 8 2 1 6]
0,3,50.0,0.25,0.75,[7 3 2 0 1 9 8 5],[6 1 2 0 0 6 6 0]
0,3,51.0,0.25,0.625,[4 6 7 3 2 0 1 9],[1 8 6 0 2 0 4 6]
0,3,52.0,0.625,0.875,[8 5 4 6 7 3 2 0],[8 5 1 6 6 1 2 0]
0,3,53.0,0.25,0.5,[1 9 8 5 4 6 7 3],[1 6 6 2 4 2 6 4]
0,3,54.0,0.375,0.625,[2 0 1 9 8 5 4 6],[2 6 1 6 6 5 1 2]
0,3,55.0,0.5,0.625,[7 3 2 0 1 9 8 5],[0 3 2 9 1 9 4 2]
0,3,56.0,0.25,0.75,[4 6 7 3 2 0 1 9],[4 2 9 4 2 9 4 5]
0,3,57.0,0.125,0.625,[8 5 4 6 7 3 2 0],[0 3 0 3 7 0 3 7]
0,3,58.0,0.25,0.5,[1 9 8 5 4 6 7 3],[0 8 8 0 0 5 7 0]
0,3,59.0,0.125,0.5,[2 0 1 9 8 5 4 6],[5 7 0 8 8 0 1 5]
0,3,60.0,0.25,0.625,[7 3 2 0 1 9 8 5],[7 0 6 0 0 7 7 7]
0,3,61.0,0.375,0.75,[4 6 7 3 2 0 1 9],[9 2 8 4 2 7 1 9]
0,3,62.0,0.375,0.625,[8 5 4 6 7 3 2 0],[8 2 9 2 7 4 2 7]
0,3,63.0,0.375,0.625,[1 9 8 5 4 6 7 3],[1 9 8 2 3 2 8 0]
0,3,64.0,0.375,0.5,[2 0 1 9 8 5 4 6],[2 8 4 9 8 2 1 2]
0,3,65.0,0.25,0.5,[7 3 2 0 1 9 8 5],[8 0 6 7 1 6 8 6]
0,3,66.0,0.625,0.875,[4 6 7 3 2 0 1 9],[4 6 8 0 2 8 1 9]
0,3,67.0,0.25,0.375,[8 5 4 6 7 3 2 0],[8 2 0 2 8 0 2 7]
0,3,68.0,0.5,0.5,[1 9 8 5 4 6 7 3],[1 2 8 2 3 2 7 3]
0,3,69.0,0.625,0.625,[2 0 1 9 8 5 4 6],[2 7 1 9 8 5 0 8]
0,3,70.0,0.5,0.75,[7 3 2 0 1 9 8 5],[7 8 2 8 1 7 7 5]
0,3,71.0,0.125,0.375,[4 6 7 3 2 0 1 9],[5 5 8 5 2 7 3 8]
0,3,72.0,0.125,0.375,[8 5 4 6 7 3 2 0],[7 0 5 5 7 5 5 8]
0,3,73.0,0.125,0.625,[1 9 8 5 4 6 7 3],[4 3 7 2 3 3 7 4]
0,3,74.0,0.625,0.75,[2 0 1 9 8 5 4 6],[2 7 4 9 8 5 4 9]
0,3,75.0,0.125,0.625,[7 3 2 0 1 9 8 5],[9 4 6 8 4 9 9 6]
0,3,76.0,0.125,0.625,[4 6 7 3 2 0 1 9],[4 5 9 9 5 9 4 8]
0,3,77.0,0.375,0.625,[8 5 4 6 7 3 2 0],[9 6 4 2 9 3 2 9]
0,3,78.0,0.375,0.625,[1 9 8 5 4 6 7 3],[4 9 9 5 4 5 9 9]
0,3,79.0,0.375,0.625,[2 0 1 9 8 5 4 6],[6 8 4 9 9 8 4 6]
0,3,80.0,0.0,0.375,[7 3 2 0 1 9 8 5],[9 4 6 9 4 5 9 4]
0,3,81.0,0.75,0.75,[4 6 7 3 2 0 1 9],[4 6 8 5 2 0 1 9]
0,3,82.0,0.0,0.625,[8 5 4 6 7 3 2 0],[5 4 7 2 8 4 4 7]
0,3,83.0,0.125,0.25,[1 9 8 5 4 6 7 3],[1 6 5 4 3 2 5 1]
0,3,84.0,0.375,0.5,[2 0 1 9 8 5 4 6],[2 5 1 5 9 6 6 6]
0,3,85.0,0.125,0.375,[7 3 2 0 1 9 8 5],[5 4 5 5 1 5 5 2]
0,3,86.0,0.25,0.625,[4 6 7 3 2 0 1 9],[1 2 8 1 2 8 1 8]
0,3,87.0,0.25,0.5,[8 5 4 6 7 3 2 0],[7 2 1 2 7 1 2 7]
0,3,88.0,0.25,0.625,[1 9 8 5 4 6 7 3],[1 4 7 2 3 2 7 4]
0,3,89.0,0.375,0.5,[2 0 1 9 8 5 4 6],[2 8 1 8 7 5 1 2]
0,3,90.0,0.5,0.625,[7 3 2 0 1 9 8 5],[8 1 2 8 1 4 8 5]
0,3,91.0,0.25,0.625,[4 6 7 3 2 0 1 9],[1 5 8 3 2 8 4 8]
0,3,92.0,0.25,0.5,[8 5 4 6 7 3 2 0],[7 7 3 8 7 3 5 7]
0,3,93.0,0.25,0.625,[1 9 8 5 4 6 7 3],[3 9 7 9 4 2 9 4]
0,3,94.0,0.25,0.625,[2 0 1 9 8 5 4 6],[6 7 3 7 7 2 4 6]
0,3,95.0,0.625,0.75,[7 3 2 0 1 9 8 5],[8 3 2 8 1 9 8 6]
0,3,96.0,0.375,0.875,[4 6 7 3 2 0 1 9],[3 8 8 3 2 8 3 9]
0,3,97.0,0.5,0.875,[8 5 4 6 7 3 2 0],[7 6 3 6 7 7 2 0]
0,3,98.0,0.625,0.875,[1 9 8 5 4 6 7 3],[4 9 8 5 1 6 7 4]
0,3,99.0,0.875,1.0,[2 0 1 9 8 5 4 6],[2 0 1 9 8 5 3 6]
0,3,100.0,0.375,0.75,[7 3 2 0 1 9 8 5],[7 1 2 7 4 6 7 5]
0,3,101.0,0.625,0.875,[4 6 7 3 2 0 1 9],[1 2 7 1 2 0 1 9]
0,3,102.0,0.25,0.75,[8 5 4 6 7 3 2 0],[4 6 3 5 7 4 6 0]
0,3,103.0,0.625,0.875,[1 9 8 5 4 6 7 3],[1 9 4 0 4 6 7 4]
0,3,104.0,0.375,0.75,[2 0 1 9 8 5 4 6],[2 0 3 9 9 9 9 3]
0,3,105.0,0.375,0.5,[7 3 2 0 1 9 8 5],[9 0 2 8 1 9 9 4]
0,3,106.0,0.375,0.625,[4 6 7 3 2 0 1 9],[5 5 8 3 6 8 1 9]
0,3,107.0,0.5,0.875,[8 5 4 6 7 3 2 0],[9 5 4 6 0 3 6 7]
0,3,108.0,0.25,0.75,[1 9 8 5 4 6 7 3],[3 9 7 6 5 5 0 3]
0,3,109.0,0.5,0.75,[2 0 1 9 8 5 4 6],[6 0 1 9 4 6 1 6]
0,3,110.0,0.25,0.625,[7 3 2 0 1 9 8 5],[8 4 6 8 1 9 4 2]
0,3,111.0,0.375,0.75,[4 6 7 3 2 0 1 9],[3 5 7 6 6 4 1 9]
0,3,112.0,0.25,0.625,[8 5 4 6 7 3 2 0],[8 5 1 2 4 4 5 4]
0,3,113.0,0.375,1.0,[1 9 8 5 4 6 7 3],[3 9 9 6 1 6 9 3]
0,3,114.0,0.25,0.75,[2 0 1 9 8 5 4 6],[6 4 3 9 9 6 4 5]
0,3,115.0,0.25,0.5,[7 3 2 0 1 9 8 5],[9 3 5 9 4 9 9 6]
0,3,116.0,0.25,0.5,[4 6 7 3 2 0 1 9],[1 5 9 1 6 4 1 9]
0,3,117.0,0.125,0.625,[8 5 4 6 7 3 2 0],[4 0 1 6 9 1 6 4]
0,3,118.0,0.5,0.75,[1 9 8 5 4 6 7 3],[3 9 9 2 4 6 7 1]
0,3,119.0,0.625,0.75,[2 0 1 9 8 5 4 6],[0 0 1 9 4 2 4 6]
0,3,120.0,0.5,0.875,[7 3 2 0 1 9 8 5],[4 1 2 0 1 9 4 6]
0,4,1.0,0.375,0.875,[5 4 6 7 3 2 0 1],[6 9 8 8 4 2 0 1]
0,4,2.0,0.375,0.75,[9 8 5 4 6 7 3 2],[9 8 6 1 6 8 1 5]
0,4,3.0,0.5,0.75,[0 1 9 8 5 4 6 7],[8 1 9 8 6 4 2 9]
0,4,4.0,0.5,0.75,[3 2 0 1 9 8 5 4],[9 6 9 1 9 8 6 4]
0,4,5.0,0.625,0.875,[6 7 3 2 0 1 9 8],[5 7 8 2 6 1 9 8]
0,4,6.0,0.375,0.5,[5 4 6 7 3 2 0 1],[6 9 6 8 9 2 7 1]
0,4,7.0,0.5,0.75,[9 8 5 4 6 7 3 2],[9 8 6 9 0 7 9 2]
0,4,8.0,0.25,0.5,[0 1 9 8 5 4 6 7],[8 1 8 9 6 4 9 9]
0,4,9.0,0.625,0.75,[3 2 0 1 9 8 5 4],[9 2 8 1 4 8 5 4]
0,4,10.0,0.375,0.75,[6 7 3 2 1 9 8 5],[0 9 9 2 1 8 9 5]
0,4,11.0,0.375,0.625,[4 6 7 3 2 0 1 9],[4 0 8 9 2 8 1 8]
0,4,12.0,0.375,0.5,[8 5 4 6 7 3 2 0],[9 5 4 8 9 4 2 8]
0,4,13.0,0.375,0.75,[1 9 8 5 4 6 7 3],[1 8 8 5 1 8 0 5]
0,4,14.0,0.25,0.75,[2 0 1 9 8 5 4 6],[5 5 3 9 6 5 1 5]
0,4,15.0,0.5,1.0,[7 3 2 0 1 9 8 5],[0 1 2 5 1 9 4 5]
0,4,16.0,0.25,0.75,[4 6 7 3 2 0 1 9],[5 5 0 5 5 5 1 9]
0,4,17.0,0.125,0.75,[8 5 4 6 7 3 2 0],[8 2 1 4 0 1 5 5]
0,4,18.0,0.5,1.0,[1 9 8 5 4 6 7 3],[1 9 4 5 4 2 4 4]
0,4,19.0,0.375,0.5,[2 0 1 9 8 5 4 6],[2 4 1 4 8 2 3 2]
0,4,20.0,0.5,0.75,[7 3 2 0 1 9 8 5],[4 3 2 4 3 9 8 6]
0,4,21.0,0.25,0.75,[4 6 7 3 2 0 1 9],[3 2 8 3 2 4 3 6]
0,4,22.0,0.25,0.5,[8 5 4 6 7 3 2 0],[8 2 1 5 4 4 2 4]
0,4,23.0,0.125,0.5,[1 9 8 5 4 6 7 3],[1 6 4 2 3 2 4 1]
0,4,24.0,0.25,0.5,[2 0 1 9 8 5 4 6],[2 4 1 4 4 2 3 2]
0,4,25.0,0.375,0.75,[7 3 2 0 1 9 8 5],[4 3 2 4 1 4 4 2]
0,4,26.0,0.375,0.75,[4 6 7 3 2 0 1 9],[3 5 4 3 2 4 1 4]
0,4,27.0,0.25,0.625,[8 5 4 6 7 3 2 0],[4 2 1 2 4 3 2 4]
0,4,28.0,0.25,0.5,[1 9 8 5 4 6 7 3],[1 4 7 2 3 2 0 3]
0,4,29.0,0.125,0.5,[2 0 1 9 8 5 4 6],[2 6 3 4 0 0 1 0]
0,4,30.0,0.375,0.625,[7 3 2 0 1 9 8 5],[8 3 5 9 3 9 8 0]
0,4,31.0,0.25,0.5,[4 6 7 3 2 0 1 9],[3 5 8 3 5 4 1 8]
0,4,32.0,0.25,0.5,[8 5 4 6 7 3 2 0],[4 2 3 2 9 3 2 8]
0,4,33.0,0.375,0.875,[1 9 8 5 4 6 7 3],[3 8 8 5 3 5 8 3]
0,4,34.0,0.375,0.625,[2 0 1 9 8 5 4 6],[5 3 1 9 4 8 4 8]
0,4,35.0,0.5,0.75,[7 3 2 0 1 9 8 5],[8 1 2 9 1 9 7 5]
0,4,36.0,0.25,0.75,[4 6 7 3 2 0 1 9],[4 2 8 1 2 8 3 8]
0,4,37.0,0.625,0.75,[8 5 4 6 7 3 2 0],[8 5 4 5 8 3 2 8]
0,4,38.0,0.5,0.875,[1 9 8 5 4 6 7 3],[1 7 8 5 3 2 8 3]
0,4,39.0,0.5,0.75,[2 0 1 9 8 5 4 6],[2 8 3 9 8 5 3 2]
0,4,40.0,0.5,0.625,[7 3 2 0 1 9 8 5],[7 1 2 8 1 7 8 2]
0,4,41.0,0.5,0.625,[4 6 7 3 2 0 1 9],[1 2 7 3 2 6 3 9]
0,4,42.0,0.25,0.5,[8 5 4 6 7 3 2 0],[3 2 3 2 4 3 2 4]
0,4,43.0,0.0,0.625,[1 9 8 5 4 6 7 3],[3 8 4 2 3 2 4 1]
0,4,44.0,0.5,0.75,[2 0 1 9 8 5 4 6],[2 0 1 6 8 2 3 2]
0,4,45.0,0.375,0.75,[7 3 2 0 1 9 8 5],[0 3 2 6 3 9 7 2]
0,4,46.0,0.5,0.75,[4 6 7 3 2 0 1 9],[9 5 8 3 2 3 1 9]
0,4,47.0,0.375,0.75,[8 5 4 6 7 3 2 0],[8 2 9 6 8 4 2 3]
0,4,48.0,0.25,0.75,[1 9 8 5 4 6 7 3],[3 9 7 0 3 2 7 1]
0,4,49.0,0.5,0.75,[2 0 1 9 8 5 4 6],[2 3 1 6 8 5 1 5]
0,4,50.0,0.25,0.875,[7 3 2 0 1 9 8 5],[6 1 6 4 3 9 4 5]
0,4,51.0,0.5,0.625,[4 6 7 3 2 0 1 9],[1 8 7 1 2 0 1 8]
0,4,52.0,0.375,0.875,[8 5 4 6 7 3 2 0],[8 2 1 6 0 1 2 5]
0,4,53.0,0.125,0.375,[1 9 8 5 4 6 7 3],[1 6 5 2 1 2 0 1]
0,4,54.0,0.25,0.375,[2 0 1 9 8 5 4 6],[2 3 1 5 0 2 1 2]
0,4,55.0,0.5,0.5,[7 3 2 0 1 9 8 5],[5 3 2 0 1 5 3 2]
0,4,56.0,0.25,0.625,[4 6 7 3 2 0 1 9],[1 2 6 1 2 5 1 5]
0,4,57.0,0.25,0.5,[8 5 4 6 7 3 2 0],[5 5 0 4 6 0 2 5]
0,4,58.0,0.125,0.625,[1 9 8 5 4 6 7 3],[0 7 7 0 0 6 3 4]
0,4,59.0,0.25,0.375,[2 0 1 9 8 5 4 6],[2 5 0 5 5 5 0 2]
0,4,60.0,0.25,0.5,[7 3 2 0 1 9 8 5],[5 4 2 5 4 6 6 5]
0,4,61.0,0.5,0.75,[4 6 7 3 2 0 1 9],[4 2 8 1 2 6 1 9]
0,4,62.0,0.5,0.625,[8 5 4 6 7 3 2 0],[8 2 4 2 6 3 2 6]
0,4,63.0,0.5,0.5,[1 9 8 5 4 6 7 3],[1 9 8 2 3 2 7 0]
0,4,64.0,0.375,0.75,[2 0 1 9 8 5 4 6],[2 6 1 5 8 2 1 2]
0,4,65.0,0.375,0.5,[7 3 2 0 1 9 8 5],[8 4 2 7 1 5 8 2]
0,4,66.0,0.5,0.75,[4 6 7 3 2 0 1 9],[4 2 8 3 2 7 1 6]
0,4,67.0,0.25,0.75,[8 5 4 6 7 3 2 0],[8 2 3 2 6 4 2 6]
0,4,68.0,0.25,0.625,[1 9 8 5 4 6 7 3],[1 5 8 2 1 2 6 4]
0,4,69.0,0.75,0.75,[2 0 1 9 8 5 4 6],[2 6 1 9 8 2 4 6]
0,4,70.0,0.25,0.75,[7 3 2 0 1 9 8 5],[0 5 2 6 1 6 7 0]
0,4,71.0,0.375,0.875,[4 6 7 3 2 0 1 9],[0 2 6 5 2 6 1 9]
0,4,72.0,0.125,0.5,[8 5 4 6 7 3 2 0],[6 2 4 2 6 4 5 7]
0,4,73.0,0.25,0.5,[1 9 8 5 4 6 7 3],[1 6 6 2 0 4 3 3]
0,4,74.0,0.375,0.625,[2 0 1 9 8 5 4 6],[2 6 3 8 8 6 4 9]
0,4,75.0,0.125,0.5,[7 3 2 0 1 9 8 5],[9 4 6 8 4 8 9 5]
0,4,76.0,0.125,0.625,[4 6 7 3 2 0 1 9],[4 9 9 9 6 8 4 8]
0,4,77.0,0.25,0.75,[8 5 4 6 7 3 2 0],[9 6 4 2 8 4 2 8]
0,4,78.0,0.125,0.625,[1 9 8 5 4 6 7 3],[4 6 9 6 4 9 9 4]
0,4,79.0,0.25,0.625,[2 0 1 9 8 5 4 6],[6 8 4 5 9 6 4 6]
0,4,80.0,0.125,0.5,[7 3 2 0 1 9 8 5],[9 4 6 8 1 5 9 2]
0,4,81.0,0.25,0.375,[4 6 7 3 2 0 1 9],[3 5 8 9 2 5 1 5]
0,4,82.0,0.25,1.0,[8 5 4 6 7 3 2 0],[5 5 5 2 7 4 6 7]
0,4,83.0,0.5,1.0,[1 9 8 5 4 6 7 3],[1 6 8 5 4 2 8 1]
0,4,84.0,0.625,0.875,[2 0 1 9 8 5 4 6],[2 3 1 9 5 5 4 2]
0,4,85.0,0.375,0.875,[7 3 2 0 1 9 8 5],[5 4 5 0 1 5 8 2]
0,4,86.0,0.25,0.625,[4 6 7 3 2 0 1 9],[1 2 6 1 2 6 1 5]
0,4,87.0,0.375,0.75,[8 5 4 6 7 3 2 0],[7 5 1 6 0 1 2 5]
0,4,88.0,0.125,0.5,[1 9 8 5 4 6 7 3],[1 3 7 2 3 2 6 1]
0,4,89.0,0.5,0.875,[2 0 1 9 8 5 4 6],[2 0 1 5 0 5 1 2]
0,4,90.0,0.25,0.625,[7 3 2 0 1 9 8 5],[3 1 6 6 1 3 8 6]
0,4,91.0,0.375,0.5,[4 6 7 3 2 0 1 9],[1 2 5 3 2 6 1 8]
0,4,92.0,0.5,0.75,[8 5 4 6 7 3 2 0],[0 6 3 6 7 3 5 0]
0,4,93.0,0.5,0.5,[1 9 8 5 4 6 7 3],[1 9 8 6 4 5 5 4]
0,4,94.0,0.125,0.5,[2 0 1 9 8 5 4 6],[6 5 5 5 5 2 3 6]
0,4,95.0,0.5,0.75,[7 3 2 0 1 9 8 5],[5 3 5 0 1 9 7 6]
0,4,96.0,0.25,0.75,[4 6 7 3 2 0 1 9],[3 8 8 3 2 7 3 5]
0,4,97.0,0.125,0.875,[8 5 4 6 7 3 2 0],[5 6 3 6 0 1 5 5]
0,4,98.0,0.5,0.875,[1 9 8 5 4 6 7 3],[1 9 5 6 3 6 0 3]
0,4,99.0,0.5,0.75,[2 0 1 9 8 5 4 6],[2 5 1 5 8 5 3 2]
0,4,100.0,0.125,0.75,[7 3 2 0 1 9 8 5],[0 1 6 5 1 6 5 6]
0,4,101.0,0.625,0.875,[4 6 7 3 2 0 1 9],[3 6 7 1 2 5 1 9]
0,4,102.0,0.375,1.0,[8 5 4 6 7 3 2 0],[5 6 3 6 0 1 2 0]
0,4,103.0,0.75,1.0,[1 9 8 5 4 6 7 3],[1 9 5 5 4 6 5 3]
0,4,104.0,0.25,0.875,[2 0 1 9 8 5 4 6],[5 5 3 9 9 5 9 3]
0,4,105.0,0.125,0.875,[7 3 2 0 1 9 8 5],[9 4 6 5 3 5 8 7]
0,4,106.0,0.25,0.375,[4 6 7 3 2 0 1 9],[5 5 9 4 2 5 1 5]
0,4,107.0,0.375,0.875,[8 5 4 6 7 3 2 0],[5 0 4 6 0 4 2 5]
0,4,108.0,0.25,0.875,[1 9 8 5 4 6 7 3],[4 5 5 5 5 6 5 5]
0,4,109.0,0.375,0.625,[2 0 1 9 8 5 4 6],[5 0 3 9 8 2 1 5]
0,4,110.0,0.25,0.75,[7 3 2 0 1 9 8 5],[8 1 2 5 1 5 5 2]
0,4,111.0,0.5,0.875,[4 6 7 3 2 0 1 9],[3 6 0 4 2 0 4 9]
0,4,112.0,0.125,0.75,[8 5 4 6 7 3 2 0],[5 6 4 5 9 1 5 4]
0,4,113.0,0.25,0.5,[1 9 8 5 4 6 7 3],[3 4 9 2 4 5 9 3]
0,4,114.0,0.25,0.75,[2 0 1 9 8 5 4 6],[5 5 3 9 9 2 9 6]
0,4,115.0,0.5,0.75,[7 3 2 0 1 9 8 5],[9 3 2 5 3 9 9 5]
0,4,116.0,0.375,0.75,[4 6 7 3 2 0 1 9],[3 5 9 3 5 5 1 9]
0,4,117.0,0.25,0.625,[8 5 4 6 7 3 2 0],[5 5 3 5 9 3 5 9]
0,4,118.0,0.25,0.875,[1 9 8 5 4 6 7 3],[3 9 9 2 4 2 0 1]
0,4,119.0,0.5,0.875,[2 0 1 9 8 5 4 6],[0 0 1 9 5 2 4 5]
0,4,120.0,0.5,0.875,[7 3 2 0 1 9 8 5],[0 1 2 0 1 9 5 2]
0,5,1.0,0.375,0.5,[5 4 6 7 3 2 0 1],[6 4 0 8 4 2 5 1]
0,5,2.0,0.5,1.0,[9 8 5 4 6 7 3 2],[9 8 2 1 6 0 1 2]
0,5,3.0,0.5,0.625,[0 1 9 8 5 4 6 7],[3 1 9 8 6 4 5 9]
0,5,4.0,0.125,0.875,[3 2 0 1 9 8 5 4],[9 5 5 4 4 5 2 4]
0,5,5.0,0.375,0.875,[6 7 3 2 0 1 9 8],[2 0 3 6 6 4 9 8]
0,5,6.0,0.625,0.875,[5 4 6 7 3 2 0 1],[6 4 6 8 4 2 0 1]
0,5,7.0,0.375,0.75,[9 8 5 4 6 7 3 2],[9 0 6 4 9 5 5 2]
0,5,8.0,0.25,0.5,[0 1 9 8 5 4 6 7],[5 1 5 5 2 4 9 5]
0,5,9.0,0.5,0.5,[3 2 0 1 9 8 5 4],[9 2 6 1 4 8 6 4]
0,5,10.0,0.375,0.625,[6 7 3 2 1 9 8 5],[0 8 9 2 1 8 8 6]
0,5,11.0,0.5,0.625,[4 6 7 3 2 0 1 9],[4 6 9 9 2 8 1 4]
0,5,12.0,0.375,0.625,[8 5 4 6 7 3 2 0],[9 6 4 9 9 4 2 0]
0,5,13.0,0.25,0.5,[1 9 8 5 4 6 7 3],[1 8 9 0 1 9 7 5]
0,5,14.0,0.25,0.625,[2 0 1 9 8 5 4 6],[2 4 4 9 7 2 1 2]
0,5,15.0,0.375,0.75,[7 3 2 0 1 9 8 5],[0 4 2 5 1 9 6 2]
0,5,16.0,0.375,0.75,[4 6 7 3 2 0 1 9],[5 2 6 4 2 4 1 9]
0,5,17.0,0.375,0.75,[8 5 4 6 7 3 2 0],[8 2 1 0 7 4 2 5]
0,5,18.0,0.5,1.0,[1 9 8 5 4 6 7 3],[4 6 8 5 4 5 8 3]
0,5,19.0,0.25,0.375,[2 0 1 9 8 5 4 6],[5 8 1 6 8 2 3 2]
0,5,20.0,0.5,1.0,[7 3 2 0 1 9 8 5],[8 4 5 0 3 9 8 5]
0,5,21.0,0.25,0.875,[4 6 7 3 2 0 1 9],[3 5 8 3 5 0 3 6]
0,5,22.0,0.25,0.75,[8 5 4 6 7 3 2 0],[8 5 3 5 8 4 5 6]
0,5,23.0,0.25,0.75,[1 9 8 5 4 6 7 3],[3 6 8 2 4 5 0 1]
0,5,24.0,0.5,0.625,[2 0 1 9 8 5 4 6],[2 6 1 0 8 2 4 2]
0,5,25.0,0.5,0.875,[7 3 2 0 1 9 8 5],[0 3 2 6 4 6 8 5]
0,5,26.0,0.5,0.75,[4 6 7 3 2 0 1 9],[1 5 0 3 2 0 1 0]
0,5,27.0,0.25,0.625,[8 5 4 6 7 3 2 0],[0 2 1 5 0 3 2 6]
0,5,28.0,0.375,0.625,[1 9 8 5 4 6 7 3],[1 6 7 6 4 2 0 3]
0,5,29.0,0.375,0.5,[2 0 1 9 8 5 4 6],[2 5 4 7 8 5 3 5]
0,5,30.0,0.25,0.625,[7 3 2 0 1 9 8 5],[9 4 2 9 4 9 9 0]
0,5,31.0,0.375,0.625,[4 6 7 3 2 0 1 9],[3 5 9 3 5 4 1 9]
0,5,32.0,0.25,0.5,[8 5 4 6 7 3 2 0],[7 5 3 5 8 3 5 8]
0,5,33.0,0.25,0.625,[1 9 8 5 4 6 7 3],[3 9 9 6 3 0 8 3]
0,5,34.0,0.375,0.625,[2 0 1 9 8 5 4 6],[5 3 1 9 6 8 4 5]
0,5,35.0,0.375,0.75,[7 3 2 0 1 9 8 5],[9 3 5 8 3 9 9 5]
0,5,36.0,0.375,0.625,[4 6 7 3 2 0 1 9],[4 5 8 4 2 8 4 9]
0,5,37.0,0.5,0.625,[8 5 4 6 7 3 2 0],[8 5 4 5 9 4 2 9]
0,5,38.0,0.5,0.875,[1 9 8 5 4 6 7 3],[1 9 9 5 4 5 6 4]
0,5,39.0,0.25,0.75,[2 0 1 9 8 5 4 6],[2 8 1 0 5 2 3 5]
0,5,40.0,0.375,0.625,[7 3 2 0 1 9 8 5],[9 4 2 8 4 9 8 2]
0,5,41.0,0.25,0.75,[4 6 7 3 2 0 1 9],[1 2 0 4 2 5 4 9]
0,5,42.0,0.375,0.625,[8 5 4 6 7 3 2 0],[8 2 4 2 5 4 2 5]
0,5,43.0,0.375,0.75,[1 9 8 5 4 6 7 3],[4 9 8 2 4 2 5 1]
0,5,44.0,0.625,0.75,[2 0 1 9 8 5 4 6],[2 5 1 6 8 2 4 6]
0,5,45.0,0.25,0.625,[7 3 2 0 1 9 8 5],[5 4 2 5 3 9 6 6]
0,5,46.0,0.25,0.625,[4 6 7 3 2 0 1 9],[0 6 8 4 5 5 3 9]
0,5,47.0,0.0,0.5,[8 5 4 6 7 3 2 0],[5 2 9 2 5 1 5 3]
0,5,48.0,0.25,0.5,[1 9 8 5 4 6 7 3],[3 9 5 5 1 2 0 4]
0,5,49.0,0.5,0.75,[2 0 1 9 8 5 4 6],[2 3 1 6 6 5 1 6]
0,5,50.0,0.375,0.625,[7 3 2 0 1 9 8 5],[0 4 2 3 4 9 5 5]
0,5,51.0,0.5,1.0,[4 6 7 3 2 0 1 9],[4 0 0 1 2 0 4 9]
0,5,52.0,0.25,0.625,[8 5 4 6 7 3 2 0],[5 2 3 5 5 3 2 5]
0,5,53.0,0.25,0.375,[1 9 8 5 4 6 7 3],[1 6 6 2 3 2 6 3]
0,5,54.0,0.375,0.375,[2 0 1 9 8 5 4 6],[2 3 1 6 6 5 1 2]
0,5,55.0,0.375,0.375,[7 3 2 0 1 9 8 5],[5 3 2 3 1 6 3 2]
0,5,56.0,0.25,0.5,[4 6 7 3 2 0 1 9],[3 5 6 3 2 3 4 6]
0,5,57.0,0.25,0.5,[8 5 4 6 7 3 2 0],[6 5 0 2 6 0 2 5]
0,5,58.0,0.125,0.625,[1 9 8 5 4 6 7 3],[0 0 8 0 0 5 6 4]
0,5,59.0,0.5,0.5,[2 0 1 9 8 5 4 6],[2 5 0 8 8 5 4 2]
0,5,60.0,0.125,0.5,[7 3 2 0 1 9 8 5],[3 4 2 5 4 6 0 6]
0,5,61.0,0.375,1.0,[4 6 7 3 2 0 1 9],[3 5 6 3 2 5 3 9]
0,5,62.0,0.375,1.0,[8 5 4 6 7 3 2 0],[8 6 3 6 0 3 6 5]
0,5,63.0,0.375,0.5,[1 9 8 5 4 6 7 3],[1 9 8 6 3 2 0 0]
0,5,64.0,0.375,0.75,[2 0 1 9 8 5 4 6],[2 5 4 9 8 2 1 5]
0,5,65.0,0.5,0.625,[7 3 2 0 1 9 8 5],[8 4 2 5 1 9 8 6]
0,5,66.0,0.5,0.75,[4 6 7 3 2 0 1 9],[3 5 8 3 2 6 1 9]
0,5,67.0,0.25,0.875,[8 5 4 6 7 3 2 0],[8 6 3 5 5 4 2 5]
0,5,68.0,0.375,0.75,[1 9 8 5 4 6 7 3],[1 9 8 2 0 2 5 4]
0,5,69.0,0.625,0.75,[2 0 1 9 8 5 4 6],[2 5 1 9 8 2 0 6]
0,5,70.0,0.375,0.375,[7 3 2 0 1 9 8 5],[0 0 2 8 1 5 5 5]
0,5,71.0,0.125,0.5,[4 6 7 3 2 0 1 9],[0 2 0 0 2 5 3 8]
0,5,72.0,0.0,0.375,[8 5 4 6 7 3 2 0],[5 2 0 2 5 4 5 5]
0,5,73.0,0.125,0.625,[1 9 8 5 4 6 7 3],[3 5 5 2 0 2 5 3]
0,5,74.0,0.5,0.75,[2 0 1 9 8 5 4 6],[2 6 3 9 8 6 4 9]
0,5,75.0,0.25,0.5,[7 3 2 0 1 9 8 5],[9 4 5 9 4 9 9 5]
0,5,76.0,0.375,0.75,[4 6 7 3 2 0 1 9],[4 6 9 4 5 8 3 9]
0,5,77.0,0.375,0.75,[8 5 4 6 7 3 2 0],[9 6 4 5 9 3 2 9]
0,5,78.0,0.375,0.625,[1 9 8 5 4 6 7 3],[3 9 9 5 4 9 9 9]
0,5,79.0,0.5,0.75,[2 0 1 9 8 5 4 6],[5 9 4 9 9 5 4 6]
0,5,80.0,0.375,0.75,[7 3 2 0 1 9 8 5],[9 6 5 9 1 9 9 5]
0,5,81.0,0.25,0.375,[4 6 7 3 2 0 1 9],[5 5 8 9 2 3 3 9]
0,5,82.0,0.5,0.875,[8 5 4 6 7 3 2 0],[8 5 0 2 6 4 2 0]
0,5,83.0,0.5,0.75,[1 9 8 5 4 6 7 3],[1 9 8 5 1 2 8 1]
0,5,84.0,0.375,0.75,[2 0 1 9 8 5 4 6],[6 5 1 9 6 5 0 2]
0,5,85.0,0.5,0.75,[7 3 2 0 1 9 8 5],[8 4 2 5 1 9 8 6]
0,5,86.0,0.25,0.625,[4 6 7 3 2 0 1 9],[1 2 5 1 2 5 1 8]
0,5,87.0,0.25,0.75,[8 5 4 6 7 3 2 0],[5 2 1 2 7 1 2 3]
0,5,88.0,0.125,0.75,[1 9 8 5 4 6 7 3],[1 3 5 2 3 2 5 4]
0,5,89.0,0.25,0.625,[2 0 1 9 8 5 4 6],[2 7 1 6 7 2 1 2]
0,5,90.0,0.5,0.875,[7 3 2 0 1 9 8 5],[7 1 2 3 1 1 8 6]
0,5,91.0,0.5,0.625,[4 6 7 3 2 0 1 9],[1 2 7 1 2 0 1 8]
0,5,92.0,0.5,0.625,[8 5 4 6 7 3 2 0],[7 5 3 5 7 3 2 3]
0,5,93.0,0.5,0.75,[1 9 8 5 4 6 7 3],[1 9 8 5 3 2 9 4]
0,5,94.0,0.25,0.625,[2 0 1 9 8 5 4 6],[2 6 4 8 8 2 1 5]
0,5,95.0,1.0,1.0,[7 3 2 0 1 9 8 5],[7 3 2 0 1 9 8 5]
0,5,96.0,0.375,0.625,[4 6 7 3 2 0 1 9],[3 8 8 3 2 7 3 9]
0,5,97.0,0.5,0.75,[8 5 4 6 7 3 2 0],[8 2 3 2 7 0 2 0]
0,5,98.0,0.5,0.875,[1 9 8 5 4 6 7 3],[4 9 6 5 3 6 7 1]
0,5,99.0,0.25,0.875,[2 0 1 9 8 5 4 6],[2 5 1 6 4 2 3 2]
0,5,100.0,0.625,0.875,[7 3 2 0 1 9 8 5],[7 4 2 3 1 9 6 5]
0,5,101.0,0.75,0.875,[4 6 7 3 2 0 1 9],[1 6 7 3 2 5 1 9]
0,5,102.0,0.625,0.875,[8 5 4 6 7 3 2 0],[8 6 4 5 7 1 2 0]
0,5,103.0,0.5,1.0,[1 9 8 5 4 6 7 3],[4 9 6 5 4 5 8 3]
0,5,104.0,0.25,0.75,[2 0 1 9 8 5 4 6],[2 3 3 9 6 8 9 3]
0,5,105.0,0.375,0.625,[7 3 2 0 1 9 8 5],[6 5 2 7 4 9 6 5]
0,5,106.0,0.25,0.5,[4 6 7 3 2 0 1 9],[5 5 8 5 2 3 1 6]
0,5,107.0,0.625,0.75,[8 5 4 6 7 3 2 0],[6 2 3 6 7 3 2 0]
0,5,108.0,0.125,0.5,[1 9 8 5 4 6 7 3],[4 6 6 5 5 2 5 5]
0,5,109.0,0.125,0.5,[2 0 1 9 8 5 4 6],[5 3 3 6 8 2 3 5]
0,5,110.0,0.25,0.625,[7 3 2 0 1 9 8 5],[8 1 2 9 3 9 9 6]
0,5,111.0,0.5,0.625,[4 6 7 3 2 0 1 9],[3 5 7 5 2 0 4 9]
0,5,112.0,0.375,0.625,[8 5 4 6 7 3 2 0],[8 6 4 5 9 1 2 9]
0,5,113.0,0.375,0.75,[1 9 8 5 4 6 7 3],[1 4 9 6 1 6 9 3]
0,5,114.0,0.5,0.75,[2 0 1 9 8 5 4 6],[2 9 1 9 9 6 1 6]
0,5,115.0,0.375,0.625,[7 3 2 0 1 9 8 5],[9 3 6 9 1 9 9 2]
0,5,116.0,0.625,0.75,[4 6 7 3 2 0 1 9],[4 5 9 3 2 9 1 9]
0,5,117.0,0.25,0.5,[8 5 4 6 7 3 2 0],[9 2 3 2 9 3 2 9]
0,5,118.0,0.5,0.75,[1 9 8 5 4 6 7 3],[1 9 9 2 4 2 7 1]
0,5,119.0,0.375,0.625,[2 0 1 9 8 5 4 6],[0 3 1 9 9 2 4 2]
0,5,120.0,0.25,0.75,[7 3 2 0 1 9 8 5],[8 1 0 3 1 9 9 2]
0,6,1.0,0.375,0.75,[5 4 6 7 3 2 0 1],[5 9 2 8 4 2 3 1]
0,6,2.0,0.5,0.875,[9 8 5 4 6 7 3 2],[9 8 2 1 6 9 1 2]
0,6,3.0,0.375,0.625,[0 1 9 8 5 4 6 7],[3 3 9 8 6 4 0 9]
0,6,4.0,0.125,0.875,[3 2 0 1 9 8 5 4],[9 6 9 4 4 9 6 4]
0,6,5.0,0.625,1.0,[6 7 3 2 0 1 9 8],[2 7 3 2 0 4 9 1]
0,6,6.0,0.5,0.625,[5 4 6 7 3 2 0 1],[5 4 6 8 9 2 7 3]
0,6,7.0,0.5,0.75,[9 8 5 4 6 7 3 2],[9 8 6 4 9 9 9 2]
0,6,8.0,0.25,0.625,[0 1 9 8 5 4 6 7],[8 3 9 9 5 3 9 9]
0,6,9.0,0.625,0.75,[3 2 0 1 9 8 5 4],[9 2 7 1 9 9 5 4]
0,6,10.0,0.5,0.875,[6 7 3 2 1 9 8 5],[0 9 9 2 1 9 9 5]
0,6,11.0,0.5,0.5,[4 6 7 3 2 0 1 9],[4 9 9 4 2 9 1 9]
0,6,12.0,0.25,0.625,[8 5 4 6 7 3 2 0],[9 5 4 9 9 4 6 7]
0,6,13.0,0.25,0.625,[1 9 8 5 4 6 7 3],[4 9 9 2 1 9 7 5]
0,6,14.0,0.5,0.75,[2 0 1 9 8 5 4 6],[2 5 4 9 8 5 1 2]
0,6,15.0,0.5,0.75,[7 3 2 0 1 9 8 5],[3 1 2 5 1 9 8 0]
0,6,16.0,0.5,0.875,[4 6 7 3 2 0 1 9],[5 5 7 5 2 5 1 9]
0,6,17.0,0.375,0.75,[8 5 4 6 7 3 2 0],[8 5 1 5 3 4 2 4]
0,6,18.0,0.75,1.0,[1 9 8 5 4 6 7 3],[1 9 8 2 4 5 7 3]
0,6,19.0,0.125,0.375,[2 0 1 9 8 5 4 6],[2 7 3 4 9 2 3 2]
0,6,20.0,0.375,1.0,[7 3 2 0 1 9 8 5],[9 4 2 0 4 9 9 6]
0,6,21.0,0.5,0.75,[4 6 7 3 2 0 1 9],[3 6 8 3 6 0 4 9]
0,6,22.0,0.625,0.875,[8 5 4 6 7 3 2 0],[8 6 3 6 8 3 2 0]
0,6,23.0,0.25,0.625,[1 9 8 5 4 6 7 3],[3 4 8 2 4 2 0 1]
0,6,24.0,0.625,0.75,[2 0 1 9 8 5 4 6],[2 0 1 7 8 2 4 2]
0,6,25.0,0.5,0.75,[7 3 2 0 1 9 8 5],[0 3 2 0 4 0 8 2]
0,6,26.0,0.5,0.875,[4 6 7 3 2 0 1 9],[3 6 0 3 2 0 4 0]
0,6,27.0,0.375,0.75,[8 5 4 6 7 3 2 0],[7 6 1 5 0 3 2 0]
0,6,28.0,0.25,0.625,[1 9 8 5 4 6 7 3],[4 7 8 6 5 2 0 3]
0,6,29.0,0.25,0.5,[2 0 1 9 8 5 4 6],[2 6 4 7 8 0 1 0]
0,6,30.0,0.5,0.75,[7 3 2 0 1 9 8 5],[9 3 2 8 1 9 9 0]
0,6,31.0,0.25,0.625,[4 6 7 3 2 0 1 9],[3 2 8 1 2 1 4 9]
0,6,32.0,0.375,0.5,[8 5 4 6 7 3 2 0],[7 2 3 6 8 3 2 8]
0,6,33.0,0.5,0.75,[1 9 8 5 4 6 7 3],[1 9 8 5 3 0 9 1]
0,6,34.0,0.5,0.75,[2 0 1 9 8 5 4 6],[6 3 1 9 8 9 9 6]
0,6,35.0,0.375,0.75,[7 3 2 0 1 9 8 5],[9 4 2 8 1 9 9 6]
0,6,36.0,0.25,0.625,[4 6 7 3 2 0 1 9],[3 5 9 1 2 8 4 9]
0,6,37.0,0.5,0.75,[8 5 4 6 7 3 2 0],[8 5 4 5 9 4 2 9]
0,6,38.0,0.375,0.875,[1 9 8 5 4 6 7 3],[4 9 9 5 4 2 8 4]
0,6,39.0,0.5,0.75,[2 0 1 9 8 5 4 6],[2 8 4 9 8 5 3 5]
0,6,40.0,0.375,0.625,[7 3 2 0 1 9 8 5],[9 1 2 8 4 9 8 2]
0,6,41.0,0.5,0.75,[4 6 7 3 2 0 1 9],[4 2 0 4 2 0 4 9]
0,6,42.0,0.375,0.75,[8 5 4 6 7 3 2 0],[3 2 4 2 0 4 2 0]
0,6,43.0,0.375,0.875,[1 9 8 5 4 6 7 3],[4 9 8 2 4 2 0 1]
0,6,44.0,0.625,0.875,[2 0 1 9 8 5 4 6],[2 6 1 9 8 6 4 2]
0,6,45.0,0.375,1.0,[7 3 2 0 1 9 8 5],[6 4 2 6 4 9 8 2]
0,6,46.0,0.375,0.625,[4 6 7 3 2 0 1 9],[3 5 8 4 2 3 1 9]
0,6,47.0,0.375,0.875,[8 5 4 6 7 3 2 0],[8 6 9 6 8 9 2 3]
0,6,48.0,0.375,0.75,[1 9 8 5 4 6 7 3],[4 9 8 6 1 2 7 9]
0,6,49.0,0.875,0.875,[2 0 1 9 8 5 4 6],[2 3 1 9 8 5 4 6]
0,6,50.0,0.375,0.75,[7 3 2 0 1 9 8 5],[0 1 2 3 4 9 8 0]
0,6,51.0,0.625,0.875,[4 6 7 3 2 0 1 9],[4 8 0 1 2 0 1 9]
0,6,52.0,0.5,0.875,[8 5 4 6 7 3 2 0],[8 2 1 6 7 1 2 5]
0,6,53.0,0.125,0.625,[1 9 8 5 4 6 7 3],[1 6 5 2 1 2 0 1]
0,6,54.0,0.375,0.5,[2 0 1 9 8 5 4 6],[2 5 1 6 0 5 1 2]
0,6,55.0,0.375,0.5,[7 3 2 0 1 9 8 5],[0 3 2 5 1 1 3 2]
0,6,56.0,0.375,0.5,[4 6 7 3 2 0 1 9],[4 2 6 3 2 5 4 6]
0,6,57.0,0.125,0.625,[8 5 4 6 7 3 2 0],[5 0 0 2 6 0 2 5]
0,6,58.0,0.25,0.5,[1 9 8 5 4 6 7 3],[0 8 8 0 4 5 6 4]
0,6,59.0,0.25,0.625,[2 0 1 9 8 5 4 6],[2 5 0 8 8 9 1 2]
0,6,60.0,0.125,0.5,[7 3 2 0 1 9 8 5],[5 4 2 5 0 6 6 6]
0,6,61.0,0.5,0.625,[4 6 7 3 2 0 1 9],[3 6 8 4 2 6 1 9]
0,6,62.0,0.375,0.75,[8 5 4 6 7 3 2 0],[8 2 3 2 6 3 2 6]
0,6,63.0,0.375,0.875,[1 9 8 5 4 6 7 3],[1 9 8 2 3 2 6 1]
0,6,64.0,0.5,0.75,[2 0 1 9 8 5 4 6],[2 6 1 9 8 2 1 5]
0,6,65.0,0.25,0.625,[7 3 2 0 1 9 8 5],[8 1 2 7 1 2 1 2]
0,6,66.0,0.5,0.75,[4 6 7 3 2 0 1 9],[1 6 8 1 2 1 1 9]
0,6,67.0,0.25,0.75,[8 5 4 6 7 3 2 0],[9 5 3 5 8 4 2 7]
0,6,68.0,0.25,0.625,[1 9 8 5 4 6 7 3],[1 6 8 2 1 2 8 4]
0,6,69.0,0.5,0.75,[2 0 1 9 8 5 4 6],[5 0 1 9 8 2 0 5]
0,6,70.0,0.375,0.5,[7 3 2 0 1 9 8 5],[0 0 2 8 1 6 6 5]
0,6,71.0,0.5,0.75,[4 6 7 3 2 0 1 9],[2 2 7 2 2 6 1 9]
0,6,72.0,0.25,0.625,[8 5 4 6 7 3 2 0],[6 2 0 2 0 3 2 1]
0,6,73.0,0.0,0.625,[1 9 8 5 4 6 7 3],[3 1 7 2 5 2 6 1]
0,6,74.0,0.625,0.875,[2 0 1 9 8 5 4 6],[2 6 1 9 7 5 4 9]
0,6,75.0,0.25,0.625,[7 3 2 0 1 9 8 5],[9 4 6 9 3 9 9 5]
0,6,76.0,0.125,0.75,[4 6 7 3 2 0 1 9],[3 5 9 9 5 1 3 9]
0,6,77.0,0.25,0.75,[8 5 4 6 7 3 2 0],[9 5 4 2 9 4 5 9]
0,6,78.0,0.5,0.75,[1 9 8 5 4 6 7 3],[3 9 9 5 4 5 9 3]
0,6,79.0,0.375,0.875,[2 0 1 9 8 5 4 6],[5 9 3 9 9 5 4 5]
0,6,80.0,0.375,0.625,[7 3 2 0 1 9 8 5],[9 3 6 9 1 9 9 2]
0,6,81.0,0.375,0.5,[4 6 7 3 2 0 1 9],[5 2 8 9 2 6 1 9]
0,6,82.0,0.5,1.0,[8 5 4 6 7 3 2 0],[9 5 0 2 7 1 2 0]
0,6,83.0,0.25,0.625,[1 9 8 5 4 6 7 3],[1 6 1 5 1 2 8 1]
0,6,84.0,0.375,0.875,[2 0 1 9 8 5 4 6],[2 6 1 9 9 2 9 2]
0,6,85.0,0.5,0.75,[7 3 2 0 1 9 8 5],[8 4 2 1 1 9 8 2]
0,6,86.0,0.25,0.75,[4 6 7 3 2 0 1 9],[1 2 6 1 2 6 1 1]
0,6,87.0,0.25,0.625,[8 5 4 6 7 3 2 0],[1 2 1 2 7 1 2 6]
0,6,88.0,0.125,0.75,[1 9 8 5 4 6 7 3],[1 1 1 2 3 2 6 1]
0,6,89.0,0.25,0.5,[2 0 1 9 8 5 4 6],[2 7 1 1 6 2 1 5]
0,6,90.0,0.375,0.875,[7 3 2 0 1 9 8 5],[3 1 2 6 1 1 8 2]
0,6,91.0,0.25,0.625,[4 6 7 3 2 0 1 9],[1 2 5 1 2 6 1 1]
0,6,92.0,0.25,0.625,[8 5 4 6 7 3 2 0],[6 1 3 5 7 3 6 6]
0,6,93.0,0.375,0.625,[1 9 8 5 4 6 7 3],[1 9 1 5 3 2 9 4]
0,6,94.0,0.0,0.625,[2 0 1 9 8 5 4 6],[5 1 4 1 1 2 3 5]
0,6,95.0,0.5,1.0,[7 3 2 0 1 9 8 5],[6 3 2 6 4 9 1 5]
0,6,96.0,0.375,0.625,[4 6 7 3 2 0 1 9],[4 1 1 3 6 6 3 9]
0,6,97.0,0.375,0.75,[8 5 4 6 7 3 2 0],[1 5 3 5 6 3 2 5]
0,6,98.0,0.625,1.0,[1 9 8 5 4 6 7 3],[1 9 8 5 1 6 6 1]
0,6,99.0,0.375,0.875,[2 0 1 9 8 5 4 6],[2 5 1 9 4 6 3 2]
0,6,100.0,0.25,0.875,[7 3 2 0 1 9 8 5],[6 1 2 6 1 6 1 2]
0,6,101.0,0.375,0.875,[4 6 7 3 2 0 1 9],[3 5 6 1 2 5 1 9]
0,6,102.0,0.5,0.875,[8 5 4 6 7 3 2 0],[8 5 3 6 6 1 2 5]
0,6,103.0,0.375,1.0,[1 9 8 5 4 6 7 3],[4 8 8 5 4 5 8 1]
0,6,104.0,0.375,0.75,[2 0 1 9 8 5 4 6],[2 5 1 9 9 8 9 3]
0,6,105.0,0.375,0.875,[7 3 2 0 1 9 8 5],[8 1 2 7 1 9 9 7]
0,6,106.0,0.375,0.625,[4 6 7 3 2 0 1 9],[5 2 8 1 2 6 1 9]
0,6,107.0,0.125,0.625,[8 5 4 6 7 3 2 0],[9 2 5 5 6 1 2 6]
0,6,108.0,0.5,0.75,[1 9 8 5 4 6 7 3],[1 9 9 5 1 6 0 1]
0,6,109.0,0.5,0.625,[2 0 1 9 8 5 4 6],[2 5 1 9 8 2 1 5]
0,6,110.0,0.375,0.5,[7 3 2 0 1 9 8 5],[6 1 2 8 1 9 9 2]
0,6,111.0,0.5,1.0,[4 6 7 3 2 0 1 9],[3 5 7 1 2 6 1 9]
0,6,112.0,0.375,0.75,[8 5 4 6 7 3 2 0],[8 6 4 5 9 1 2 3]
0,6,113.0,0.25,0.75,[1 9 8 5 4 6 7 3],[1 4 9 6 1 5 9 3]
0,6,114.0,0.5,0.875,[2 0 1 9 8 5 4 6],[2 8 1 9 9 6 4 5]
0,6,115.0,0.5,0.625,[7 3 2 0 1 9 8 5],[9 3 6 9 1 9 9 5]
0,6,116.0,0.375,0.75,[4 6 7 3 2 0 1 9],[4 5 9 1 5 8 1 9]
0,6,117.0,0.125,0.75,[8 5 4 6 7 3 2 0],[9 2 1 2 9 1 2 3]
0,6,118.0,0.375,0.875,[1 9 8 5 4 6 7 3],[1 9 9 2 4 2 6 1]
0,6,119.0,0.5,0.875,[2 0 1 9 8 5 4 6],[0 6 1 9 8 2 4 2]
0,6,120.0,0.375,0.875,[7 3 2 0 1 9 8 5],[6 1 0 6 1 9 8 2]
0,7,1.0,0.625,0.875,[5 4 6 7 3 2 0 1],[2 4 6 8 3 2 6 1]
0,7,2.0,0.375,0.875,[9 8 5 4 6 7 3 2],[9 8 2 1 5 8 1 2]
0,7,3.0,0.625,0.625,[0 1 9 8 5 4 6 7],[3 1 9 8 5 4 2 9]
0,7,4.0,0.5,0.75,[3 2 0 1 9 8 5 4],[9 2 9 1 4 9 5 4]
0,7,5.0,0.75,0.875,[6 7 3 2 0 1 9 8],[6 6 3 2 5 1 9 8]
0,7,6.0,0.5,0.75,[5 4 6 7 3 2 0 1],[5 4 5 6 4 2 6 1]
0,7,7.0,0.5,0.75,[9 8 5 4 6 7 3 2],[9 8 2 4 9 9 9 2]
0,7,8.0,0.375,0.625,[0 1 9 8 5 4 6 7],[8 1 9 9 2 4 9 9]
0,7,9.0,0.625,0.75,[3 2 0 1 9 8 5 4],[9 2 7 1 9 9 5 4]
0,7,10.0,0.5,0.875,[6 7 3 2 1 9 8 5],[5 8 9 2 1 4 8 5]
0,7,11.0,0.5,0.5,[4 6 7 3 2 0 1 9],[4 0 9 9 2 8 1 9]
0,7,12.0,0.25,0.625,[8 5 4 6 7 3 2 0],[9 5 4 0 9 4 5 6]
0,7,13.0,0.375,0.75,[1 9 8 5 4 6 7 3],[1 9 9 2 1 9 6 3]
0,7,14.0,0.375,0.625,[2 0 1 9 8 5 4 6],[2 3 4 9 8 2 1 2]
0,7,15.0,0.5,0.875,[7 3 2 0 1 9 8 5],[6 1 2 3 1 9 8 2]
0,7,16.0,0.375,0.625,[4 6 7 3 2 0 1 9],[4 2 6 4 2 3 1 0]
0,7,17.0,0.25,0.625,[8 5 4 6 7 3 2 0],[8 2 1 0 6 4 2 3]
0,7,18.0,0.5,0.875,[1 9 8 5 4 6 7 3],[1 9 3 6 4 5 8 3]
0,7,19.0,0.5,0.75,[2 0 1 9 8 5 4 6],[2 7 1 4 9 6 4 6]
0,7,20.0,0.5,1.0,[7 3 2 0 1 9 8 5],[8 3 2 6 3 9 9 5]
0,7,21.0,0.625,0.875,[4 6 7 3 2 0 1 9],[3 2 7 3 2 6 1 9]
0,7,22.0,0.125,0.625,[8 5 4 6 7 3 2 0],[9 6 1 2 8 4 2 5]
0,7,23.0,0.375,0.625,[1 9 8 5 4 6 7 3],[1 4 8 2 4 2 6 1]
0,7,24.0,0.375,0.625,[2 0 1 9 8 5 4 6],[2 3 1 3 8 2 3 2]
0,7,25.0,0.75,0.875,[7 3 2 0 1 9 8 5],[7 3 2 0 1 3 8 2]
0,7,26.0,0.75,0.875,[4 6 7 3 2 0 1 9],[4 6 6 3 2 0 1 3]
0,7,27.0,0.375,0.875,[8 5 4 6 7 3 2 0],[6 2 4 5 3 1 2 0]
0,7,28.0,0.5,0.75,[1 9 8 5 4 6 7 3],[1 3 8 5 3 2 6 3]
0,7,29.0,0.375,0.75,[2 0 1 9 8 5 4 6],[2 5 4 3 8 5 1 5]
0,7,30.0,0.5,0.75,[7 3 2 0 1 9 8 5],[9 4 2 9 1 9 9 5]
0,7,31.0,0.375,0.625,[4 6 7 3 2 0 1 9],[1 2 9 1 2 1 1 9]
0,7,32.0,0.25,0.625,[8 5 4 6 7 3 2 0],[3 2 3 5 8 3 2 8]
0,7,33.0,0.25,0.875,[1 9 8 5 4 6 7 3],[1 9 9 0 3 7 8 1]
0,7,34.0,0.5,0.75,[2 0 1 9 8 5 4 6],[2 3 4 9 8 8 4 5]
0,7,35.0,0.5,0.75,[7 3 2 0 1 9 8 5],[9 1 2 8 1 9 9 5]
0,7,36.0,0.375,0.625,[4 6 7 3 2 0 1 9],[1 5 9 1 2 8 1 9]
0,7,37.0,0.375,0.625,[8 5 4 6 7 3 2 0],[9 5 4 5 9 1 2 9]
0,7,38.0,0.375,1.0,[1 9 8 5 4 6 7 3],[1 9 9 6 4 2 8 1]
0,7,39.0,0.5,0.75,[2 0 1 9 8 5 4 6],[2 8 4 9 8 5 3 2]
0,7,40.0,0.625,0.625,[7 3 2 0 1 9 8 5],[8 3 2 8 1 9 8 2]
0,7,41.0,0.25,0.625,[4 6 7 3 2 0 1 9],[1 2 0 1 2 5 4 9]
0,7,42.0,0.125,0.5,[8 5 4 6 7 3 2 0],[3 2 3 2 0 4 2 6]
0,7,43.0,0.25,0.625,[1 9 8 5 4 6 7 3],[4 9 8 2 1 2 0 1]
0,7,44.0,0.75,1.0,[2 0 1 9 8 5 4 6],[2 5 1 9 8 5 4 2]
0,7,45.0,0.5,0.875,[7 3 2 0 1 9 8 5],[0 4 2 0 4 9 8 2]
0,7,46.0,0.25,0.75,[4 6 7 3 2 0 1 9],[9 5 8 1 5 3 1 9]
0,7,47.0,0.75,1.0,[8 5 4 6 7 3 2 0],[8 5 4 6 8 3 2 3]
0,7,48.0,0.25,0.75,[1 9 8 5 4 6 7 3],[4 9 6 5 1 5 6 9]
0,7,49.0,0.625,0.875,[2 0 1 9 8 5 4 6],[2 3 1 5 8 5 1 6]
0,7,50.0,0.625,0.75,[7 3 2 0 1 9 8 5],[6 1 2 3 1 9 8 5]
0,7,51.0,0.5,0.875,[4 6 7 3 2 0 1 9],[1 6 5 1 2 3 1 9]
0,7,52.0,0.25,0.75,[8 5 4 6 7 3 2 0],[8 2 1 5 6 1 2 5]
0,7,53.0,0.0,0.625,[1 9 8 5 4 6 7 3],[4 6 5 2 1 2 5 1]
0,7,54.0,0.25,0.5,[2 0 1 9 8 5 4 6],[2 3 1 6 5 2 1 2]
0,7,55.0,0.5,0.625,[7 3 2 0 1 9 8 5],[7 3 2 3 1 6 3 2]
0,7,56.0,0.125,0.5,[4 6 7 3 2 0 1 9],[1 5 5 1 2 3 4 6]
0,7,57.0,0.125,0.375,[8 5 4 6 7 3 2 0],[5 0 0 2 3 1 2 3]
0,7,58.0,0.125,0.375,[1 9 8 5 4 6 7 3],[0 8 8 0 0 5 3 1]
0,7,59.0,0.25,0.375,[2 0 1 9 8 5 4 6],[2 3 0 8 8 9 0 2]
0,7,60.0,0.375,0.75,[7 3 2 0 1 9 8 5],[3 4 2 3 0 5 8 5]
0,7,61.0,0.25,0.625,[4 6 7 3 2 0 1 9],[1 2 8 1 2 3 4 9]
0,7,62.0,0.375,0.625,[8 5 4 6 7 3 2 0],[8 2 1 2 3 3 2 3]
0,7,63.0,0.375,0.875,[1 9 8 5 4 6 7 3],[1 9 8 2 3 2 8 1]
0,7,64.0,0.25,0.75,[2 0 1 9 8 5 4 6],[2 3 1 6 9 2 1 5]
0,7,65.0,0.375,0.5,[7 3 2 0 1 9 8 5],[8 4 2 7 1 6 8 2]
0,7,66.0,0.375,0.875,[4 6 7 3 2 0 1 9],[1 5 8 1 2 3 1 9]
0,7,67.0,0.25,0.625,[8 5 4 6 7 3 2 0],[9 5 9 5 8 4 2 3]
0,7,68.0,0.25,0.75,[1 9 8 5 4 6 7 3],[1 6 8 2 3 5 3 1]
0,7,69.0,0.5,0.75,[2 0 1 9 8 5 4 6],[2 3 1 9 8 2 3 5]
0,7,70.0,0.375,0.625,[7 3 2 0 1 9 8 5],[7 0 2 8 1 3 7 2]
0,7,71.0,0.375,0.75,[4 6 7 3 2 0 1 9],[5 2 7 4 2 7 1 3]
0,7,72.0,0.125,0.625,[8 5 4 6 7 3 2 0],[7 2 3 2 5 1 2 8]
0,7,73.0,0.25,0.5,[1 9 8 5 4 6 7 3],[4 8 7 2 3 2 7 3]
0,7,74.0,0.5,0.75,[2 0 1 9 8 5 4 6],[2 7 1 9 7 5 3 5]
0,7,75.0,0.25,0.5,[7 3 2 0 1 9 8 5],[9 9 6 9 3 9 9 5]
0,7,76.0,0.25,0.625,[4 6 7 3 2 0 1 9],[4 5 8 9 6 8 4 9]
0,7,77.0,0.375,0.75,[8 5 4 6 7 3 2 0],[8 5 4 2 9 1 6 9]
0,7,78.0,0.25,0.75,[1 9 8 5 4 6 7 3],[3 6 9 5 4 9 9 9]
0,7,79.0,0.375,0.875,[2 0 1 9 8 5 4 6],[6 9 3 9 9 5 4 5]
0,7,80.0,0.0,0.75,[7 3 2 0 1 9 8 5],[9 4 6 9 3 6 9 2]
0,7,81.0,0.375,0.75,[4 6 7 3 2 0 1 9],[9 2 8 9 2 7 1 9]
0,7,82.0,0.375,0.875,[8 5 4 6 7 3 2 0],[8 4 4 2 8 1 2 7]
0,7,83.0,0.375,0.875,[1 9 8 5 4 6 7 3],[1 6 8 2 4 5 8 1]
0,7,84.0,0.5,0.875,[2 0 1 9 8 5 4 6],[2 3 1 9 8 2 9 5]
0,7,85.0,0.375,0.875,[7 3 2 0 1 9 8 5],[8 4 2 7 1 6 8 6]
0,7,86.0,0.25,0.75,[4 6 7 3 2 0 1 9],[1 2 3 1 2 7 1 8]
0,7,87.0,0.5,0.75,[8 5 4 6 7 3 2 0],[8 5 1 2 7 1 2 5]
0,7,88.0,0.5,0.75,[1 9 8 5 4 6 7 3],[1 3 8 6 3 6 7 1]
0,7,89.0,0.25,0.625,[2 0 1 9 8 5 4 6],[2 7 1 6 7 2 1 5]
0,7,90.0,0.5,0.875,[7 3 2 0 1 9 8 5],[7 1 2 5 1 1 8 6]
0,7,91.0,0.5,0.625,[4 6 7 3 2 0 1 9],[1 2 7 3 2 7 1 8]
0,7,92.0,0.25,0.625,[8 5 4 6 7 3 2 0],[7 8 3 5 8 3 2 7]
0,7,93.0,0.625,0.75,[1 9 8 5 4 6 7 3],[1 9 8 5 3 5 9 3]
0,7,94.0,0.125,0.75,[2 0 1 9 8 5 4 6],[5 8 3 8 8 2 1 5]
0,7,95.0,0.625,0.875,[7 3 2 0 1 9 8 5],[3 3 5 7 1 9 8 5]
0,7,96.0,0.375,0.625,[4 6 7 3 2 0 1 9],[1 8 7 3 6 7 3 9]
0,7,97.0,0.375,0.875,[8 5 4 6 7 3 2 0],[3 6 3 5 7 3 2 2]
0,7,98.0,0.75,1.0,[1 9 8 5 4 6 7 3],[1 9 8 2 1 6 7 3]
0,7,99.0,0.75,1.0,[2 0 1 9 8 5 4 6],[2 0 1 9 8 6 1 6]
0,7,100.0,0.375,0.875,[7 3 2 0 1 9 8 5],[3 1 2 7 1 6 8 2]
0,7,101.0,0.625,1.0,[4 6 7 3 2 0 1 9],[1 6 7 1 2 0 1 8]
0,7,102.0,0.5,1.0,[8 5 4 6 7 3 2 0],[8 6 3 5 7 1 2 0]
0,7,103.0,0.75,1.0,[1 9 8 5 4 6 7 3],[1 9 8 5 4 6 8 1]
0,7,104.0,0.375,0.75,[2 0 1 9 8 5 4 6],[2 3 1 9 9 8 9 3]
0,7,105.0,0.375,0.625,[7 3 2 0 1 9 8 5],[8 4 2 5 1 9 9 0]
0,7,106.0,0.375,0.625,[4 6 7 3 2 0 1 9],[0 2 3 1 2 7 1 9]
0,7,107.0,0.5,0.75,[8 5 4 6 7 3 2 0],[9 5 2 6 7 1 2 7]
0,7,108.0,0.625,1.0,[1 9 8 5 4 6 7 3],[1 9 8 2 4 6 2 4]
0,7,109.0,0.375,0.625,[2 0 1 9 8 5 4 6],[2 7 1 8 8 2 1 2]
0,7,110.0,0.5,0.625,[7 3 2 0 1 9 8 5],[8 4 2 9 1 9 8 2]
0,7,111.0,0.5,0.5,[4 6 7 3 2 0 1 9],[3 5 7 3 2 7 1 8]
0,7,112.0,0.375,0.625,[8 5 4 6 7 3 2 0],[8 5 1 5 9 1 2 3]
0,7,113.0,0.5,0.875,[1 9 8 5 4 6 7 3],[1 4 9 5 4 5 9 3]
0,7,114.0,0.375,0.875,[2 0 1 9 8 5 4 6],[5 3 1 9 9 5 9 5]
0,7,115.0,0.5,0.75,[7 3 2 0 1 9 8 5],[9 3 6 9 1 9 9 5]
0,7,116.0,0.375,0.75,[4 6 7 3 2 0 1 9],[4 5 9 1 5 3 1 9]
0,7,117.0,0.125,0.625,[8 5 4 6 7 3 2 0],[9 2 4 2 9 1 5 3]
0,7,118.0,0.375,1.0,[1 9 8 5 4 6 7 3],[1 9 9 2 3 2 7 1]
0,7,119.0,0.5,0.75,[2 0 1 9 8 5 4 6],[0 7 1 9 8 2 4 2]
0,7,120.0,0.5,0.875,[7 3 2 0 1 9 8 5],[7 1 0 7 1 9 8 2]
0,8,1.0,0.375,0.75,[5 4 6 7 3 2 0 1],[2 4 5 8 1 2 7 1]
0,8,2.0,0.5,0.875,[9 8 5 4 6 7 3 2],[9 8 5 1 5 8 1 2]
0,8,3.0,0.625,0.75,[0 1 9 8 5 4 6 7],[3 1 9 8 5 4 2 9]
0,8,4.0,0.25,0.875,[3 2 0 1 9 8 5 4],[9 2 9 4 4 9 6 4]
0,8,5.0,0.75,1.0,[6 7 3 2 0 1 9 8],[5 7 3 2 2 1 9 8]
0,8,6.0,0.5,0.875,[5 4 6 7 3 2 0 1],[5 4 5 8 4 2 7 1]
0,8,7.0,0.625,0.75,[9 8 5 4 6 7 3 2],[9 8 5 4 9 9 9 2]
0,8,8.0,0.125,0.625,[0 1 9 8 5 4 6 7],[8 1 8 9 0 3 9 9]
0,8,9.0,0.625,0.75,[3 2 0 1 9 8 5 4],[9 2 3 1 9 9 5 4]
0,8,10.0,0.375,0.75,[6 7 3 2 1 9 8 5],[5 8 9 2 1 4 9 5]
0,8,11.0,0.5,0.625,[4 6 7 3 2 0 1 9],[4 0 8 9 2 8 1 9]
0,8,12.0,0.375,0.5,[8 5 4 6 7 3 2 0],[9 5 4 9 9 4 2 3]
0,8,13.0,0.375,0.75,[1 9 8 5 4 6 7 3],[1 9 9 2 1 9 7 5]
0,8,14.0,0.5,0.75,[2 0 1 9 8 5 4 6],[2 5 1 9 8 2 3 5]
0,8,15.0,0.625,0.875,[7 3 2 0 1 9 8 5],[7 1 2 4 1 9 8 0]
0,8,16.0,0.625,0.875,[4 6 7 3 2 0 1 9],[4 6 0 1 2 5 1 9]
0,8,17.0,0.375,0.5,[8 5 4 6 7 3 2 0],[8 2 1 0 7 1 2 5]
0,8,18.0,0.625,1.0,[1 9 8 5 4 6 7 3],[1 9 8 6 4 5 8 3]
0,8,19.0,0.5,0.75,[2 0 1 9 8 5 4 6],[2 7 1 4 9 5 3 6]
0,8,20.0,0.5,0.875,[7 3 2 0 1 9 8 5],[8 1 2 7 1 9 8 2]
0,8,21.0,0.5,0.875,[4 6 7 3 2 0 1 9],[3 6 6 3 2 7 1 4]
0,8,22.0,0.5,0.5,[8 5 4 6 7 3 2 0],[8 5 1 5 8 3 2 7]
0,8,23.0,0.375,0.875,[1 9 8 5 4 6 7 3],[1 4 8 2 1 2 7 1]
0,8,24.0,0.375,0.625,[2 0 1 9 8 5 4 6],[2 2 1 3 8 2 3 2]
0,8,25.0,0.625,0.75,[7 3 2 0 1 9 8 5],[7 1 2 7 1 7 8 5]
0,8,26.0,0.5,0.625,[4 6 7 3 2 0 1 9],[1 6 7 1 2 5 1 4]
0,8,27.0,0.375,0.75,[8 5 4 6 7 3 2 0],[7 2 1 6 7 1 2 7]
0,8,28.0,0.625,0.875,[1 9 8 5 4 6 7 3],[1 7 8 2 5 6 7 3]
0,8,29.0,0.5,0.5,[2 0 1 9 8 5 4 6],[2 7 1 3 8 5 1 0]
0,8,30.0,0.375,0.625,[7 3 2 0 1 9 8 5],[9 4 2 8 1 9 9 0]
0,8,31.0,0.375,0.5,[4 6 7 3 2 0 1 9],[1 2 9 1 2 3 1 9]
0,8,32.0,0.125,0.75,[8 5 4 6 7 3 2 0],[3 2 1 5 8 1 2 8]
0,8,33.0,0.375,0.625,[1 9 8 5 4 6 7 3],[1 9 9 0 3 4 4 3]
0,8,34.0,0.5,0.875,[2 0 1 9 8 5 4 6],[2 3 1 9 3 8 4 5]
0,8,35.0,0.375,0.625,[7 3 2 0 1 9 8 5],[9 1 2 9 1 9 9 6]
0,8,36.0,0.5,0.75,[4 6 7 3 2 0 1 9],[1 6 9 1 2 8 1 9]
0,8,37.0,0.375,0.75,[8 5 4 6 7 3 2 0],[8 6 3 6 9 1 2 8]
0,8,38.0,0.375,1.0,[1 9 8 5 4 6 7 3],[1 9 8 6 1 2 8 1]
0,8,39.0,0.375,0.625,[2 0 1 9 8 5 4 6],[2 8 1 3 8 2 3 5]
0,8,40.0,0.5,0.625,[7 3 2 0 1 9 8 5],[9 1 2 8 1 9 8 2]
0,8,41.0,0.375,0.625,[4 6 7 3 2 0 1 9],[1 2 6 1 2 7 1 9]
0,8,42.0,0.375,0.5,[8 5 4 6 7 3 2 0],[8 2 3 2 7 1 2 7]
0,8,43.0,0.375,0.75,[1 9 8 5 4 6 7 3],[1 9 3 2 1 2 7 1]
0,8,44.0,0.5,0.5,[2 0 1 9 8 5 4 6],[2 7 1 9 8 6 3 2]
0,8,45.0,0.625,0.875,[7 3 2 0 1 9 8 5],[7 1 2 2 1 9 8 2]
0,8,46.0,0.375,0.75,[4 6 7 3 2 0 1 9],[9 5 8 1 2 3 1 9]
0,8,47.0,0.625,1.0,[8 5 4 6 7 3 2 0],[8 5 4 6 3 3 5 3]
0,8,48.0,0.625,0.875,[1 9 8 5 4 6 7 3],[1 9 8 2 1 6 7 4]
0,8,49.0,0.625,0.875,[2 0 1 9 8 5 4 6],[2 3 1 6 8 5 1 6]
0,8,50.0,0.625,0.875,[7 3 2 0 1 9 8 5],[7 1 2 3 1 9 8 0]
0,8,51.0,0.375,0.75,[4 6 7 3 2 0 1 9],[1 5 7 1 2 5 1 8]
0,8,52.0,0.25,0.75,[8 5 4 6 7 3 2 0],[8 2 1 5 2 1 2 4]
0,8,53.0,0.125,0.375,[1 9 8 5 4 6 7 3],[1 6 2 2 1 2 2 1]
0,8,54.0,0.25,0.375,[2 0 1 9 8 5 4 6],[2 4 1 6 3 2 1 2]
0,8,55.0,0.5,0.5,[7 3 2 0 1 9 8 5],[0 3 2 4 1 8 3 5]
0,8,56.0,0.25,0.375,[4 6 7 3 2 0 1 9],[1 2 2 1 2 4 1 6]
0,8,57.0,0.375,0.5,[8 5 4 6 7 3 2 0],[2 5 1 2 7 1 2 4]
0,8,58.0,0.25,0.375,[1 9 8 5 4 6 7 3],[3 8 8 2 2 5 7 1]
0,8,59.0,0.375,0.5,[2 0 1 9 8 5 4 6],[2 4 5 6 8 5 1 2]
0,8,60.0,0.25,0.75,[7 3 2 0 1 9 8 5],[7 1 2 4 3 7 7 2]
0,8,61.0,0.375,0.5,[4 6 7 3 2 0 1 9],[1 2 8 1 2 2 1 9]
0,8,62.0,0.375,0.625,[8 5 4 6 7 3 2 0],[8 2 1 2 7 1 2 7]
0,8,63.0,0.375,1.0,[1 9 8 5 4 6 7 3],[1 9 8 2 9 2 8 1]
0,8,64.0,0.5,0.5,[2 0 1 9 8 5 4 6],[2 7 1 6 8 5 1 2]
0,8,65.0,0.375,0.75,[7 3 2 0 1 9 8 5],[8 1 2 7 1 6 8 2]
0,8,66.0,0.375,0.875,[4 6 7 3 2 0 1 9],[1 5 8 1 2 8 1 9]
0,8,67.0,0.375,0.875,[8 5 4 6 7 3 2 0],[8 5 1 5 3 1 2 7]
0,8,68.0,0.375,0.875,[1 9 8 5 4 6 7 3],[1 6 8 2 1 5 7 1]
0,8,69.0,0.5,0.75,[2 0 1 9 8 5 4 6],[2 2 1 9 8 2 0 5]
0,8,70.0,0.375,0.625,[7 3 2 0 1 9 8 5],[7 7 2 8 1 2 7 2]
0,8,71.0,0.5,0.625,[4 6 7 3 2 0 1 9],[2 6 7 2 2 2 1 3]
0,8,72.0,0.25,0.625,[8 5 4 6 7 3 2 0],[6 2 4 2 2 1 2 8]
0,8,73.0,0.125,0.5,[1 9 8 5 4 6 7 3],[1 3 2 2 0 2 2 1]
0,8,74.0,0.5,0.75,[2 0 1 9 8 5 4 6],[2 7 1 9 6 5 3 9]
0,8,75.0,0.125,0.625,[7 3 2 0 1 9 8 5],[9 4 5 9 3 9 9 6]
0,8,76.0,0.25,0.5,[4 6 7 3 2 0 1 9],[3 5 9 3 6 8 3 9]
0,8,77.0,0.125,0.75,[8 5 4 6 7 3 2 0],[9 5 3 5 9 1 6 9]
0,8,78.0,0.375,0.75,[1 9 8 5 4 6 7 3],[3 6 9 5 4 9 8 3]
0,8,79.0,0.5,0.875,[2 0 1 9 8 5 4 6],[6 9 3 9 8 5 4 5]
0,8,80.0,0.625,0.75,[7 3 2 0 1 9 8 5],[9 3 6 9 1 9 8 5]
0,8,81.0,0.5,0.875,[4 6 7 3 2 0 1 9],[4 2 8 9 2 0 1 4]
0,8,82.0,0.5,1.0,[8 5 4 6 7 3 2 0],[8 2 4 2 7 1 2 2]
0,8,83.0,0.375,0.75,[1 9 8 5 4 6 7 3],[1 6 8 4 2 6 8 1]
0,8,84.0,0.625,1.0,[2 0 1 9 8 5 4 6],[2 0 1 4 8 2 4 5]
0,8,85.0,0.5,0.875,[7 3 2 0 1 9 8 5],[8 4 2 2 1 9 8 2]
0,8,86.0,0.25,0.625,[4 6 7 3 2 0 1 9],[1 5 2 1 2 2 1 6]
0,8,87.0,0.375,0.625,[8 5 4 6 7 3 2 0],[8 2 1 5 7 1 2 2]
0,8,88.0,0.375,0.75,[1 9 8 5 4 6 7 3],[1 1 8 5 1 2 2 1]
0,8,89.0,0.25,0.5,[2 0 1 9 8 5 4 6],[2 7 1 6 7 2 1 5]
0,8,90.0,0.625,0.75,[7 3 2 0 1 9 8 5],[7 1 2 2 1 1 8 5]
0,8,91.0,0.25,0.625,[4 6 7 3 2 0 1 9],[1 2 2 1 2 5 1 6]
0,8,92.0,0.25,0.625,[8 5 4 6 7 3 2 0],[2 5 3 5 8 4 2 2]
0,8,93.0,0.5,0.75,[1 9 8 5 4 6 7 3],[1 9 3 5 3 5 9 3]
0,8,94.0,0.125,0.625,[2 0 1 9 8 5 4 6],[5 3 3 6 7 6 1 6]
0,8,95.0,0.375,0.875,[7 3 2 0 1 9 8 5],[2 3 5 2 1 4 3 5]
0,8,96.0,0.5,0.75,[4 6 7 3 2 0 1 9],[1 6 3 3 6 7 1 9]
0,8,97.0,0.25,0.75,[8 5 4 6 7 3 2 0],[8 6 3 2 2 1 2 2]
0,8,98.0,0.625,1.0,[1 9 8 5 4 6 7 3],[1 9 8 5 1 6 0 1]
0,8,99.0,0.5,0.875,[2 0 1 9 8 5 4 6],[2 2 1 9 3 6 1 6]
0,8,100.0,0.375,0.75,[7 3 2 0 1 9 8 5],[2 1 2 2 1 6 8 6]
0,8,101.0,0.25,0.875,[4 6 7 3 2 0 1 9],[1 5 2 1 2 4 1 8]
0,8,102.0,0.25,0.875,[8 5 4 6 7 3 2 0],[8 6 1 5 2 1 2 2]
0,8,103.0,0.625,0.875,[1 9 8 5 4 6 7 3],[1 9 8 4 4 6 2 1]
0,8,104.0,0.5,0.75,[2 0 1 9 8 5 4 6],[2 4 1 9 9 9 4 3]
0,8,105.0,0.375,0.625,[7 3 2 0 1 9 8 5],[8 1 2 2 1 9 9 0]
0,8,106.0,0.375,0.75,[4 6 7 3 2 0 1 9],[2 2 3 1 2 2 1 9]
0,8,107.0,0.5,0.75,[8 5 4 6 7 3 2 0],[8 2 5 6 2 3 2 7]
0,8,108.0,0.625,0.75,[1 9 8 5 4 6 7 3],[1 9 8 5 4 5 0 1]
0,8,109.0,0.5,0.625,[2 0 1 9 8 5 4 6],[2 2 1 9 8 2 1 2]
0,8,110.0,0.5,0.625,[7 3 2 0 1 9 8 5],[2 3 2 8 1 9 9 2]
0,8,111.0,0.375,0.625,[4 6 7 3 2 0 1 9],[3 5 2 3 2 7 1 8]
0,8,112.0,0.375,0.75,[8 5 4 6 7 3 2 0],[8 5 1 6 9 1 5 4]
0,8,113.0,0.25,0.875,[1 9 8 5 4 6 7 3],[1 4 9 6 1 6 9 1]
0,8,114.0,0.375,0.75,[2 0 1 9 8 5 4 6],[6 3 1 9 9 6 1 6]
0,8,115.0,0.5,0.75,[7 3 2 0 1 9 8 5],[9 3 6 9 1 9 9 5]
0,8,116.0,0.25,0.75,[4 6 7 3 2 0 1 9],[1 5 9 1 6 2 1 9]
0,8,117.0,0.25,0.625,[8 5 4 6 7 3 2 0],[9 5 1 2 4 1 2 4]
0,8,118.0,0.125,0.875,[1 9 8 5 4 6 7 3],[1 4 9 2 3 5 2 1]
0,8,119.0,0.5,0.75,[2 0 1 9 8 5 4 6],[0 5 1 9 8 2 4 2]
0,8,120.0,0.25,0.875,[7 3 2 0 1 9 8 5],[3 1 0 2 1 9 3 2]
0,9,1.0,0.375,0.75,[5 4 6 7 3 2 0 1],[2 4 5 2 1 2 2 1]
0,9,2.0,0.5,0.875,[9 8 5 4 6 7 3 2],[9 8 5 1 5 2 1 2]
0,9,3.0,0.625,0.625,[0 1 9 8 5 4 6 7],[2 1 9 8 5 4 2 9]
0,9,4.0,0.25,0.75,[3 2 0 1 9 8 5 4],[9 5 9 1 4 9 2 4]
0,9,5.0,0.625,0.875,[6 7 3 2 0 1 9 8],[6 2 1 2 5 1 9 8]
0,9,6.0,0.625,0.75,[5 4 6 7 3 2 0 1],[5 4 6 8 4 2 2 1]
0,9,7.0,0.625,0.625,[9 8 5 4 6 7 3 2],[9 8 5 4 9 8 4 2]
0,9,8.0,0.375,0.625,[0 1 9 8 5 4 6 7],[6 1 9 9 2 4 9 9]
0,9,9.0,0.625,0.75,[3 2 0 1 9 8 5 4],[9 2 2 1 9 9 5 4]
0,9,10.0,0.5,0.625,[6 7 3 2 1 9 8 5],[5 9 9 2 1 4 8 5]
0,9,11.0,0.375,0.625,[4 6 7 3 2 0 1 9],[4 0 8 9 2 8 1 4]
0,9,12.0,0.375,0.5,[8 5 4 6 7 3 2 0],[9 5 4 8 9 4 2 2]
0,9,13.0,0.25,0.875,[1 9 8 5 4 6 7 3],[1 8 9 2 1 0 2 3]
0,9,14.0,0.5,0.875,[2 0 1 9 8 5 4 6],[2 5 1 9 8 2 1 2]
0,9,15.0,0.375,0.75,[7 3 2 0 1 9 8 5],[0 1 2 2 1 9 7 2]
0,9,16.0,0.625,0.875,[4 6 7 3 2 0 1 9],[4 6 2 1 2 2 1 9]
0,9,17.0,0.25,0.625,[8 5 4 6 7 3 2 0],[8 2 1 0 2 1 2 5]
0,9,18.0,0.625,1.0,[1 9 8 5 4 6 7 3],[1 9 3 5 3 5 7 3]
0,9,19.0,0.25,0.75,[2 0 1 9 8 5 4 6],[5 2 1 4 9 6 3 6]
0,9,20.0,0.375,0.75,[7 3 2 0 1 9 8 5],[2 3 5 2 1 9 9 6]
0,9,21.0,0.25,0.75,[4 6 7 3 2 0 1 9],[3 6 6 1 5 2 1 4]
0,9,22.0,0.375,0.75,[8 5 4 6 7 3 2 0],[9 5 1 5 3 3 5 0]
0,9,23.0,0.25,0.75,[1 9 8 5 4 6 7 3],[1 4 8 2 1 2 2 1]
0,9,24.0,0.5,0.75,[2 0 1 9 8 5 4 6],[2 0 1 2 8 2 3 2]
0,9,25.0,0.5,0.75,[7 3 2 0 1 9 8 5],[2 1 2 7 1 2 8 5]
0,9,26.0,0.25,0.625,[4 6 7 3 2 0 1 9],[1 5 2 1 2 7 1 2]
0,9,27.0,0.375,0.75,[8 5 4 6 7 3 2 0],[2 2 1 6 0 1 2 0]
0,9,28.0,0.375,0.875,[1 9 8 5 4 6 7 3],[1 2 8 6 5 2 0 3]
0,9,29.0,0.5,0.625,[2 0 1 9 8 5 4 6],[2 0 1 2 8 0 1 0]
0,9,30.0,0.5,0.75,[7 3 2 0 1 9 8 5],[9 3 2 8 1 9 9 0]
0,9,31.0,0.375,0.5,[4 6 7 3 2 0 1 9],[1 2 3 1 2 3 1 9]
0,9,32.0,0.125,0.5,[8 5 4 6 7 3 2 0],[2 5 1 5 8 1 5 4]
0,9,33.0,0.375,0.75,[1 9 8 5 4 6 7 3],[1 9 8 4 3 2 8 1]
0,9,34.0,0.5,0.75,[2 0 1 9 8 5 4 6],[0 3 1 9 3 6 4 6]
0,9,35.0,0.25,0.75,[7 3 2 0 1 9 8 5],[9 1 5 9 1 9 9 6]
0,9,36.0,0.5,0.75,[4 6 7 3 2 0 1 9],[1 6 8 1 2 4 1 9]
0,9,37.0,0.5,0.75,[8 5 4 6 7 3 2 0],[8 6 4 6 4 1 2 4]
0,9,38.0,0.375,0.875,[1 9 8 5 4 6 7 3],[1 9 9 6 1 2 7 1]
0,9,39.0,0.625,0.875,[2 0 1 9 8 5 4 6],[2 4 1 9 8 6 9 6]
0,9,40.0,0.25,0.625,[7 3 2 0 1 9 8 5],[8 1 2 6 1 4 6 2]
0,9,41.0,0.5,0.875,[4 6 7 3 2 0 1 9],[1 2 5 1 2 0 1 9]
0,9,42.0,0.25,0.75,[8 5 4 6 7 3 2 0],[3 2 3 2 7 1 2 2]
0,9,43.0,0.25,0.625,[1 9 8 5 4 6 7 3],[1 4 4 2 1 2 7 1]
0,9,44.0,0.625,0.75,[2 0 1 9 8 5 4 6],[2 0 1 9 8 6 3 2]
0,9,45.0,0.625,1.0,[7 3 2 0 1 9 8 5],[0 1 2 0 1 9 4 5]
0,9,46.0,0.25,0.5,[4 6 7 3 2 0 1 9],[9 5 8 1 5 5 1 9]
0,9,47.0,0.5,0.75,[8 5 4 6 7 3 2 0],[8 5 4 6 8 1 5 3]
0,9,48.0,0.5,1.0,[1 9 8 5 4 6 7 3],[1 9 2 5 1 6 2 9]
0,9,49.0,0.625,0.75,[2 0 1 9 8 5 4 6],[2 5 1 6 8 5 1 6]
0,9,50.0,0.5,0.875,[7 3 2 0 1 9 8 5],[0 1 2 3 1 9 8 0]
0,9,51.0,0.375,0.75,[4 6 7 3 2 0 1 9],[1 5 7 1 5 5 1 9]
0,9,52.0,0.125,0.75,[8 5 4 6 7 3 2 0],[2 2 1 2 0 1 2 4]
0,9,53.0,0.125,0.375,[1 9 8 5 4 6 7 3],[1 6 0 6 1 2 0 1]
0,9,54.0,0.25,0.375,[2 0 1 9 8 5 4 6],[2 4 1 6 0 2 1 2]
0,9,55.0,0.625,0.75,[7 3 2 0 1 9 8 5],[0 3 2 0 1 4 1 5]
0,9,56.0,0.375,0.625,[4 6 7 3 2 0 1 9],[1 6 0 1 2 4 1 6]
0,9,57.0,0.25,0.75,[8 5 4 6 7 3 2 0],[0 5 5 2 0 1 2 4]
0,9,58.0,0.125,0.375,[1 9 8 5 4 6 7 3],[3 2 7 2 5 6 0 1]
0,9,59.0,0.375,0.625,[2 0 1 9 8 5 4 6],[2 0 3 0 8 4 1 2]
0,9,60.0,0.25,0.625,[7 3 2 0 1 9 8 5],[0 1 2 0 3 0 7 0]
0,9,61.0,0.25,0.625,[4 6 7 3 2 0 1 9],[1 5 3 1 2 2 1 4]
0,9,62.0,0.375,0.75,[8 5 4 6 7 3 2 0],[6 5 1 5 0 1 2 0]
0,9,63.0,0.25,0.75,[1 9 8 5 4 6 7 3],[1 8 8 2 9 2 8 1]
0,9,64.0,0.625,0.625,[2 0 1 9 8 5 4 6],[2 4 1 6 8 5 1 6]
0,9,65.0,0.375,0.625,[7 3 2 0 1 9 8 5],[8 1 2 2 1 6 8 2]
0,9,66.0,0.375,0.75,[4 6 7 3 2 0 1 9],[1 5 8 1 2 2 1 9]
0,9,67.0,0.625,0.875,[8 5 4 6 7 3 2 0],[4 5 4 6 7 4 2 2]
0,9,68.0,0.25,0.75,[1 9 8 5 4 6 7 3],[1 6 6 5 1 5 2 1]
0,9,69.0,0.75,0.875,[2 0 1 9 8 5 4 6],[2 0 1 9 8 2 2 6]
0,9,70.0,0.25,0.5,[7 3 2 0 1 9 8 5],[0 4 2 2 1 0 0 0]
0,9,71.0,0.5,0.625,[4 6 7 3 2 0 1 9],[2 6 0 5 2 0 1 4]
0,9,72.0,0.125,0.5,[8 5 4 6 7 3 2 0],[6 2 0 2 0 1 2 3]
0,9,73.0,0.125,0.5,[1 9 8 5 4 6 7 3],[1 3 2 2 0 2 0 1]
0,9,74.0,0.375,0.75,[2 0 1 9 8 5 4 6],[5 0 1 4 2 5 3 8]
0,9,75.0,0.125,0.625,[7 3 2 0 1 9 8 5],[8 4 6 4 3 9 9 6]
0,9,76.0,0.0,0.625,[4 6 7 3 2 0 1 9],[3 5 9 4 6 6 3 8]
0,9,77.0,0.125,0.75,[8 5 4 6 7 3 2 0],[6 5 3 5 9 1 6 9]
0,9,78.0,0.375,0.75,[1 9 8 5 4 6 7 3],[1 9 9 5 3 9 8 4]
0,9,79.0,0.625,0.75,[2 0 1 9 8 5 4 6],[6 4 1 9 8 5 4 5]
0,9,80.0,0.125,0.75,[7 3 2 0 1 9 8 5],[8 4 6 4 1 4 9 0]
0,9,81.0,0.5,0.625,[4 6 7 3 2 0 1 9],[0 2 6 0 2 0 1 9]
0,9,82.0,0.5,1.0,[8 5 4 6 7 3 2 0],[6 5 4 2 2 1 2 0]
0,9,83.0,0.375,0.625,[1 9 8 5 4 6 7 3],[1 6 4 5 0 6 8 1]
0,9,84.0,0.375,1.0,[2 0 1 9 8 5 4 6],[5 0 1 9 4 0 0 2]
0,9,85.0,0.625,0.875,[7 3 2 0 1 9 8 5],[8 4 2 0 1 9 6 5]
0,9,86.0,0.375,0.75,[4 6 7 3 2 0 1 9],[1 5 0 1 2 0 1 6]
0,9,87.0,0.625,0.875,[8 5 4 6 7 3 2 0],[8 5 1 2 0 3 2 0]
0,9,88.0,0.5,0.75,[1 9 8 5 4 6 7 3],[1 3 6 5 1 6 0 3]
0,9,89.0,0.375,0.75,[2 0 1 9 8 5 4 6],[2 0 1 6 0 2 1 5]
0,9,90.0,0.625,0.875,[7 3 2 0 1 9 8 5],[0 1 2 0 1 3 8 5]
0,9,91.0,0.5,0.625,[4 6 7 3 2 0 1 9],[1 2 0 3 2 0 1 6]
0,9,92.0,0.25,0.75,[8 5 4 6 7 3 2 0],[0 5 3 5 3 1 6 0]
0,9,93.0,0.5,0.75,[1 9 8 5 4 6 7 3],[1 8 4 5 3 6 4 3]
0,9,94.0,0.25,0.5,[2 0 1 9 8 5 4 6],[5 0 4 4 4 6 1 6]
0,9,95.0,0.25,0.875,[7 3 2 0 1 9 8 5],[3 1 5 0 1 4 4 6]
0,9,96.0,0.5,0.875,[4 6 7 3 2 0 1 9],[1 6 8 1 6 0 1 9]
0,9,97.0,0.375,1.0,[8 5 4 6 7 3 2 0],[4 0 0 6 0 1 2 0]
0,9,98.0,0.5,1.0,[1 9 8 5 4 6 7 3],[1 9 4 6 1 6 0 3]
0,9,99.0,0.375,1.0,[2 0 1 9 8 5 4 6],[2 4 1 8 4 6 1 6]
0,9,100.0,0.375,0.875,[7 3 2 0 1 9 8 5],[0 1 2 0 1 6 4 6]
0,9,101.0,0.625,0.875,[4 6 7 3 2 0 1 9],[1 6 0 1 2 0 1 9]
0,9,102.0,0.25,1.0,[8 5 4 6 7 3 2 0],[6 6 1 6 0 1 2 4]
0,9,103.0,0.375,0.875,[1 9 8 5 4 6 7 3],[1 9 4 2 1 6 2 1]
0,9,104.0,0.5,0.75,[2 0 1 9 8 5 4 6],[2 4 1 9 9 6 4 3]
0,9,105.0,0.5,0.75,[7 3 2 0 1 9 8 5],[6 1 2 0 1 9 9 0]
0,9,106.0,0.5,0.75,[4 6 7 3 2 0 1 9],[4 2 4 1 2 0 1 4]
0,9,107.0,0.625,0.75,[8 5 4 6 7 3 2 0],[4 5 4 6 0 1 2 0]
0,9,108.0,0.375,0.875,[1 9 8 5 4 6 7 3],[3 4 6 5 4 5 0 3]
0,9,109.0,0.5,0.75,[2 0 1 9 8 5 4 6],[2 0 1 9 6 2 1 2]
0,9,110.0,0.5,0.625,[7 3 2 0 1 9 8 5],[0 3 2 4 1 9 4 2]
0,9,111.0,0.75,0.875,[4 6 7 3 2 0 1 9],[1 6 0 3 2 0 1 9]
0,9,112.0,0.125,0.75,[8 5 4 6 7 3 2 0],[6 0 1 6 9 1 5 4]
0,9,113.0,0.125,0.875,[1 9 8 5 4 6 7 3],[3 4 9 6 1 5 9 3]
0,9,114.0,0.125,0.75,[2 0 1 9 8 5 4 6],[6 4 3 9 9 6 3 5]
0,9,115.0,0.5,0.75,[7 3 2 0 1 9 8 5],[9 3 6 4 1 9 9 5]
0,9,116.0,0.25,0.75,[4 6 7 3 2 0 1 9],[4 5 9 1 0 4 0 9]
0,9,117.0,0.25,0.75,[8 5 4 6 7 3 2 0],[9 5 1 6 9 1 5 4]
0,9,118.0,0.125,0.875,[1 9 8 5 4 6 7 3],[3 9 9 2 3 5 0 1]
0,9,119.0,0.5,0.875,[2 0 1 9 8 5 4 6],[0 0 1 9 4 2 4 2]
0,9,120.0,0.375,0.875,[7 3 2 0 1 9 8 5],[0 1 0 0 1 9 4 2]
