,Epoch,Iteration,Accuracy,Loss,Top3,Prediction,Target
0,0,0,0.0,0.787819504737854,0.375,"[1, 1, 6, 1, 6, 4, 6, 6]",[9 4 5 5 9 9 3 2]
0,0,1,0.25,0.5604246854782104,0.625,"[0, 1, 6, 6, 1, 6, 6, 1]",[3 7 7 7 0 6 7 1]
0,0,2,0.375,0.24409763514995575,0.625,"[6, 6, 2, 6, 1, 6, 1, 2]",[3 0 2 5 1 9 2 2]
0,0,3,0.25,0.8807415962219238,0.625,"[6, 6, 6, 4, 4, 6, 6, 6]",[6 3 4 4 7 0 2 2]
0,0,4,0.375,0.5106594562530518,0.75,"[0, 6, 6, 6, 4, 6, 1, 6]",[0 6 0 4 7 3 2 6]
0,0,5,0.25,0.5065098404884338,0.5,"[6, 6, 6, 1, 1, 1, 6, 6]",[6 7 6 7 4 8 3 0]
0,0,6,0.125,0.659987211227417,0.375,"[6, 6, 6, 0, 6, 6, 6, 1]",[7 8 6 2 4 9 3 9]
0,0,7,0.0,1.020917534828186,0.5,"[6, 1, 1, 1, 3, 6, 6, 6]",[3 6 9 7 5 9 0 4]
0,0,8,0.5,0.7794576287269592,0.75,"[6, 1, 6, 0, 1, 4, 7, 1]",[0 1 9 0 4 4 7 8]
0,0,9,0.125,0.5913015604019165,0.375,"[6, 1, 1, 6, 6, 6, 6, 1]",[2 1 8 8 4 9 0 4]
0,0,10,0.125,0.7106444835662842,0.375,"[6, 6, 6, 1, 6, 6, 3, 0]",[0 2 0 3 3 5 8 0]
0,0,11,0.375,0.42625924944877625,0.625,"[6, 1, 6, 8, 4, 6, 6, 0]",[7 1 3 2 4 0 2 0]
0,0,12,0.5,0.7539699077606201,0.625,"[6, 4, 4, 6, 1, 6, 1, 6]",[3 4 9 6 1 8 1 3]
0,0,13,0.25,0.5265653729438782,0.625,"[6, 3, 1, 6, 6, 4, 0, 1]",[9 3 4 0 5 8 7 1]
0,0,14,0.25,0.2081662267446518,0.5,"[4, 6, 1, 6, 6, 0, 6, 1]",[8 2 2 6 9 0 2 9]
0,0,15,0.375,0.49662360548973083,0.5,"[6, 6, 3, 6, 4, 4, 6, 1]",[3 9 3 6 4 9 2 3]
0,0,16,0.25,0.45026862621307373,0.625,"[1, 6, 6, 6, 0, 1, 6, 6]",[1 5 3 4 0 7 3 3]
0,0,17,0.375,0.2985635995864868,0.75,"[0, 1, 6, 1, 6, 1, 1, 6]",[0 9 6 4 9 8 4 6]
0,0,18,0.5,0.5082891583442688,0.75,"[6, 1, 1, 6, 1, 6, 9, 1]",[6 1 7 0 7 6 4 1]
0,0,19,0.5,1.268843412399292,0.875,"[6, 6, 6, 1, 1, 6, 6, 6]",[3 6 4 8 1 6 6 3]
0,0,20,0.25,0.6784719228744507,0.5,"[4, 6, 6, 3, 1, 4, 0, 4]",[1 0 8 3 8 9 0 9]
0,0,21,0.375,0.475284218788147,0.75,"[1, 6, 6, 1, 6, 6, 4, 1]",[1 7 5 1 4 8 9 1]
0,0,22,0.5,0.48058438301086426,0.75,"[0, 6, 1, 1, 7, 4, 6, 6]",[0 6 4 1 7 9 3 4]
0,0,23,0.375,1.229508876800537,0.625,"[6, 6, 6, 3, 6, 6, 6, 6]",[4 6 0 3 5 8 6 2]
0,0,24,0.125,0.7946653962135315,0.5,"[6, 6, 0, 1, 6, 4, 4, 6]",[3 8 0 4 3 8 9 8]
0,0,25,0.375,0.6913939714431763,0.75,"[4, 4, 6, 0, 1, 1, 6, 1]",[5 8 6 0 1 3 0 4]
0,0,26,0.25,0.5854254364967346,0.75,"[1, 6, 0, 1, 6, 6, 6, 4]",[4 9 2 1 0 6 8 9]
0,0,27,0.5,0.5657271146774292,0.5,"[6, 1, 4, 1, 4, 1, 6, 1]",[8 1 2 1 4 8 6 9]
0,0,28,0.375,0.7554569244384766,0.625,"[6, 3, 6, 6, 4, 1, 1, 1]",[3 3 0 6 7 9 1 9]
0,0,29,0.25,0.5160020589828491,0.625,"[0, 6, 4, 0, 6, 6, 6, 6]",[0 5 2 0 4 3 0 0]
0,0,30,0.5,0.42262589931488037,0.875,"[1, 6, 6, 4, 6, 0, 6, 1]",[4 0 3 4 0 0 6 1]
0,0,31,0.0,0.5673940181732178,0.125,"[6, 1, 3, 6, 6, 0, 6, 1]",[5 2 2 2 9 9 8 7]
0,0,32,0.375,0.6312816739082336,0.875,"[6, 6, 1, 0, 4, 6, 1, 6]",[6 6 1 2 9 5 4 0]
0,0,33,0.25,0.6102741956710815,0.625,"[6, 1, 4, 6, 6, 1, 1, 6]",[9 8 9 7 6 6 7 6]
0,0,34,0.125,0.6287630796432495,0.25,"[6, 6, 1, 6, 6, 4, 4, 6]",[5 7 3 8 3 4 7 2]
0,0,35,0.625,2.4017715454101562,0.875,"[6, 1, 0, 1, 6, 3, 1, 1]",[3 1 0 8 8 3 1 1]
0,0,36,0.125,0.6264773011207581,0.625,"[6, 6, 6, 0, 6, 6, 1, 6]",[3 2 3 0 0 7 4 5]
0,0,37,0.25,0.6804763674736023,0.375,"[6, 6, 6, 6, 0, 1, 1, 6]",[5 2 7 6 2 5 1 0]
0,0,38,0.25,0.5079527497291565,0.375,"[1, 1, 4, 1, 1, 6, 0, 6]",[8 2 9 5 8 6 7 6]
0,0,39,0.375,1.2245995998382568,0.5,"[1, 0, 6, 3, 6, 4, 4, 1]",[5 0 5 4 7 9 4 1]
0,0,40,0.125,0.5891380310058594,0.25,"[6, 6, 6, 6, 6, 6, 6, 6]",[2 7 3 4 9 8 6 8]
0,0,41,0.125,0.6410591006278992,0.5,"[1, 6, 6, 1, 1, 6, 6, 4]",[9 5 2 8 1 4 4 7]
0,0,42,0.5,0.459684282541275,0.625,"[6, 6, 6, 6, 1, 1, 6, 0]",[3 6 6 2 8 9 6 0]
0,0,43,0.375,0.6249390244483948,0.625,"[6, 6, 6, 1, 6, 1, 6, 0]",[6 0 2 1 8 2 6 6]
0,0,44,0.5,0.8936687707901001,0.625,"[6, 1, 6, 6, 7, 1, 1, 6]",[9 1 6 9 7 2 1 5]
0,0,45,0.5,0.4297279417514801,0.75,"[4, 4, 6, 1, 3, 6, 1, 1]",[8 9 6 1 2 6 8 1]
0,0,46,0.25,0.7150027751922607,0.5,"[6, 4, 6, 3, 6, 4, 0, 6]",[6 9 9 3 2 9 7 2]
0,0,47,0.25,0.5987458825111389,1.0,"[6, 6, 4, 6, 0, 0, 6, 3]",[0 9 9 2 0 0 4 5]
0,0,48,0.25,0.8437982201576233,0.625,"[6, 0, 1, 1, 6, 0, 1, 6]",[9 6 1 1 8 5 7 4]
0,0,49,0.125,0.5359294414520264,0.625,"[0, 1, 6, 6, 1, 6, 0, 6]",[2 5 9 3 1 4 2 9]
0,0,50,0.5,0.5146247148513794,0.75,"[0, 6, 6, 4, 6, 6, 4, 0]",[7 6 7 4 6 5 4 2]
0,0,51,0.5,0.8437772393226624,0.625,"[6, 6, 4, 6, 6, 1, 1, 1]",[6 6 4 0 2 3 5 1]
0,0,52,0.375,0.48666149377822876,0.625,"[6, 1, 1, 4, 6, 1, 6, 0]",[3 7 1 4 2 2 4 0]
0,0,53,0.625,0.7058205604553223,0.625,"[6, 0, 6, 6, 1, 2, 0, 0]",[0 0 4 6 2 2 0 0]
0,0,54,0.5,0.8440235257148743,0.625,"[1, 6, 4, 1, 1, 6, 6, 1]",[1 0 9 1 1 6 7 7]
0,0,55,0.5,1.0745879411697388,0.75,"[6, 0, 6, 6, 4, 0, 6, 6]",[4 0 9 0 7 0 6 6]
0,0,56,0.375,0.7268447875976562,0.875,"[6, 6, 6, 6, 6, 1, 0, 6]",[5 6 5 9 6 7 2 6]
0,0,57,0.375,1.091045618057251,0.625,"[6, 6, 1, 1, 1, 6, 6, 4]",[2 8 1 1 3 8 7 4]
0,0,58,0.5,0.378081738948822,0.5,"[1, 9, 6, 0, 1, 1, 0, 6]",[1 9 6 2 2 1 2 9]
0,0,59,0.375,0.39831846952438354,1.0,"[6, 6, 0, 1, 6, 1, 6, 6]",[4 2 7 3 3 1 6 6]
0,0,60,0.25,0.685035228729248,0.375,"[0, 6, 6, 6, 1, 0, 1, 4]",[1 3 9 8 1 0 9 7]
0,0,61,0.125,0.8350386023521423,0.5,"[6, 8, 1, 6, 6, 6, 6, 0]",[4 8 9 8 8 4 2 5]
0,0,62,0.5,0.8261418342590332,0.875,"[6, 6, 1, 4, 1, 1, 6, 1]",[6 4 1 4 8 1 4 4]
0,0,63,0.25,1.4526246786117554,0.5,"[6, 0, 6, 6, 6, 4, 1, 4]",[5 8 6 3 5 7 1 7]
0,0,64,0.5,0.3877534866333008,0.625,"[0, 1, 1, 4, 6, 6, 3, 6]",[2 1 1 2 9 6 3 3]
0,0,65,0.375,0.7233640551567078,0.625,"[1, 1, 1, 1, 6, 6, 6, 6]",[2 1 9 1 4 3 8 6]
0,0,66,0.5,0.4980582296848297,0.75,"[1, 1, 6, 1, 1, 4, 3, 6]",[1 1 9 9 1 7 3 3]
0,0,67,0.375,0.5209305882453918,0.625,"[4, 1, 1, 6, 1, 6, 1, 6]",[4 2 4 4 1 6 4 5]
0,0,68,0.375,0.4528103768825531,0.5,"[1, 0, 1, 4, 6, 6, 1, 6]",[2 0 5 4 0 6 2 8]
0,0,69,0.125,1.0901919603347778,0.5,"[1, 6, 6, 4, 1, 2, 6, 6]",[9 3 7 9 7 2 4 9]
0,0,70,0.5,0.7887289524078369,0.875,"[6, 6, 1, 6, 1, 6, 1, 0]",[2 4 1 3 9 6 1 0]
0,0,71,0.25,0.7055327296257019,0.25,"[1, 1, 6, 1, 6, 1, 1, 6]",[1 2 5 9 8 5 1 3]
0,0,72,0.375,0.6236355304718018,0.5,"[6, 6, 6, 6, 6, 0, 6, 6]",[8 8 5 5 6 0 3 6]
0,0,73,0.375,0.5568477511405945,0.5,"[1, 6, 2, 4, 6, 4, 1, 1]",[1 2 2 9 5 7 1 3]
0,0,74,0.375,0.6209161877632141,0.625,"[6, 2, 1, 7, 1, 6, 1, 6]",[4 2 5 7 9 6 2 0]
0,0,75,0.25,0.6052562594413757,0.5,"[1, 6, 1, 1, 4, 4, 6, 1]",[7 9 2 9 2 4 8 1]
0,0,76,0.25,0.3878604471683502,0.375,"[1, 0, 6, 1, 3, 1, 6, 6]",[7 0 0 1 5 4 3 3]
0,0,77,0.25,0.7345238924026489,0.375,"[1, 1, 6, 6, 1, 1, 6, 6]",[9 1 5 9 1 9 5 3]
0,0,78,0.125,0.5411760807037354,0.375,"[6, 1, 6, 6, 6, 1, 1, 6]",[3 8 4 3 0 5 1 4]
0,0,79,0.125,1.283230185508728,0.25,"[1, 1, 1, 6, 6, 1, 4, 6]",[1 2 0 8 8 9 7 4]
0,0,80,0.0,0.4951305687427521,0.375,"[6, 6, 4, 6, 6, 0, 6, 1]",[2 0 7 7 4 2 5 2]
0,0,81,0.375,0.3591223359107971,0.625,"[6, 1, 7, 1, 4, 6, 6, 4]",[6 8 7 1 9 4 0 7]
0,0,82,0.25,1.0185880661010742,0.5,"[6, 6, 1, 1, 6, 1, 1, 6]",[3 0 3 7 3 1 1 3]
0,0,83,0.125,1.8961185216903687,0.5,"[6, 6, 6, 6, 6, 6, 6, 6]",[9 5 9 6 4 5 0 8]
0,0,84,0.25,0.607645571231842,0.5,"[1, 4, 4, 1, 6, 6, 4, 6]",[2 4 7 9 0 3 9 6]
0,0,85,0.5,0.3043166995048523,0.625,"[1, 0, 1, 6, 1, 6, 6, 6]",[1 2 1 6 1 2 7 4]
0,0,86,0.375,0.45511293411254883,0.375,"[1, 1, 6, 1, 1, 0, 1, 2]",[1 2 9 8 2 0 7 2]
0,0,87,0.125,0.6030000448226929,0.375,"[1, 1, 6, 6, 6, 6, 1, 6]",[8 1 5 3 8 7 8 0]
0,0,88,0.0,0.5791417956352234,0.5,"[6, 6, 6, 1, 6, 1, 1, 6]",[3 2 0 3 3 5 6 8]
0,0,89,0.125,0.4099847972393036,0.75,"[1, 1, 6, 6, 6, 0, 6, 1]",[9 1 3 8 4 3 4 4]
0,0,90,0.375,0.7720253467559814,0.75,"[1, 6, 6, 1, 2, 6, 4, 1]",[1 8 4 7 2 2 7 1]
0,0,91,0.625,0.7283356785774231,0.75,"[1, 1, 6, 6, 1, 1, 1, 6]",[1 2 9 6 4 1 1 6]
0,0,92,0.25,0.653731644153595,0.5,"[6, 6, 6, 6, 0, 1, 4, 6]",[8 6 3 7 8 1 6 9]
0,0,93,0.0,1.2780406475067139,0.0,"[7, 6, 6, 0, 1, 4, 6, 4]",[4 0 2 8 3 9 5 9]
0,0,94,0.5,0.6660668253898621,0.75,"[3, 6, 6, 9, 0, 6, 1, 4]",[3 6 6 7 0 5 4 7]
0,0,95,0.375,0.4717768132686615,0.5,"[1, 1, 6, 6, 0, 6, 6, 1]",[1 2 9 6 2 0 5 1]
0,0,96,0.125,0.7676914930343628,0.375,"[6, 0, 4, 6, 6, 1, 4, 0]",[5 0 9 2 9 8 2 2]
0,0,97,0.625,0.5515431761741638,0.875,"[6, 0, 6, 1, 2, 6, 6, 1]",[6 3 6 1 2 5 0 1]
0,0,98,0.875,0.44763830304145813,1.0,"[1, 4, 3, 0, 6, 1, 1, 4]",[1 4 3 0 6 1 1 8]
0,0,99,0.375,0.7094762325286865,0.5,"[6, 0, 6, 0, 6, 3, 3, 4]",[4 0 6 0 8 9 8 8]
0,0,100,0.0,0.22208411991596222,0.375,"[6, 6, 6, 1, 6, 6, 6, 1]",[7 2 4 2 3 3 2 2]
0,1,0,0.625,0.4042668342590332,1.0,"[0, 4, 8, 7, 7, 1, 0, 7]",[2 4 5 7 9 1 0 7]
0,1,1,0.625,0.11349111050367355,0.75,"[3, 0, 7, 5, 0, 9, 1, 7]",[3 0 5 5 2 9 2 7]
0,1,2,0.75,0.47072091698646545,0.875,"[6, 6, 2, 9, 7, 5, 6, 0]",[5 6 2 9 9 5 6 0]
0,1,3,0.375,0.2406175136566162,0.875,"[3, 3, 0, 3, 2, 0, 0, 0]",[3 8 0 5 2 8 3 8]
0,1,4,0.875,0.2981662452220917,0.875,"[3, 2, 3, 4, 2, 7, 4, 0]",[8 2 3 4 2 7 4 0]
0,1,5,0.375,0.5347501039505005,1.0,"[6, 0, 0, 3, 7, 1, 7, 2]",[0 2 2 8 9 1 7 2]
0,1,6,0.625,0.24584533274173737,0.875,"[8, 7, 9, 0, 1, 8, 3, 4]",[8 7 9 2 1 5 5 4]
0,1,7,0.5,0.29017382860183716,0.75,"[2, 7, 9, 4, 7, 7, 1, 6]",[2 8 8 8 7 7 1 8]
0,1,8,0.625,0.3599269688129425,1.0,"[2, 6, 2, 1, 2, 1, 4, 0]",[0 6 2 6 2 8 4 0]
0,1,9,0.75,0.2675974369049072,1.0,"[5, 7, 6, 0, 1, 8, 6, 0]",[5 9 6 0 1 8 0 0]
0,1,10,0.625,0.4358160197734833,1.0,"[8, 1, 1, 1, 0, 4, 1, 2]",[8 4 2 1 3 4 1 2]
0,1,11,0.75,0.18557283282279968,1.0,"[1, 0, 1, 1, 1, 6, 4, 4]",[1 0 1 3 8 6 4 4]
0,1,12,0.75,0.15713313221931458,1.0,"[6, 1, 1, 3, 1, 4, 7, 3]",[6 3 1 3 1 5 7 3]
0,1,13,0.5,0.05574634298682213,0.75,"[0, 7, 0, 3, 7, 0, 1, 2]",[0 7 9 3 9 0 4 4]
0,1,14,0.75,0.29276812076568604,0.875,"[1, 6, 0, 8, 1, 0, 1, 1]",[1 6 0 8 1 0 8 4]
0,1,15,0.75,0.40863466262817383,0.875,"[7, 2, 5, 2, 6, 1, 1, 4]",[9 2 5 2 6 1 1 9]
0,1,16,0.75,0.2477543205022812,0.875,"[4, 4, 3, 4, 7, 7, 0, 1]",[4 4 8 4 7 7 6 1]
0,1,17,0.5,0.1801939755678177,0.75,"[3, 9, 7, 7, 7, 3, 0, 3]",[5 9 5 7 4 3 3 3]
0,1,18,0.875,0.27078819274902344,1.0,"[4, 1, 8, 1, 1, 6, 7, 2]",[4 1 8 4 1 6 7 2]
0,1,19,0.75,0.14817027747631073,0.875,"[1, 4, 6, 4, 7, 6, 6, 0]",[8 4 6 8 7 6 6 0]
0,1,20,0.5,0.4735546112060547,0.625,"[2, 4, 6, 0, 6, 3, 0, 4]",[8 5 6 8 0 3 0 4]
0,1,21,0.5,0.1547965258359909,0.875,"[6, 5, 9, 3, 6, 1, 0, 9]",[6 5 9 3 2 2 8 4]
0,1,22,0.625,0.11140862107276917,0.875,"[6, 7, 1, 0, 1, 4, 9, 1]",[6 9 9 0 5 4 9 1]
0,1,23,0.5,0.1246609091758728,0.75,"[0, 4, 3, 8, 1, 7, 1, 4]",[2 4 3 8 3 7 3 9]
0,1,24,0.75,0.26725566387176514,0.875,"[3, 7, 5, 3, 2, 0, 2, 1]",[3 7 5 5 2 0 2 7]
0,1,25,0.875,0.3521747887134552,1.0,"[4, 0, 6, 6, 1, 1, 3, 1]",[4 0 6 6 1 1 3 7]
0,1,26,0.5,0.2705090641975403,0.75,"[6, 9, 1, 7, 2, 6, 9, 6]",[6 4 8 2 2 5 9 6]
0,1,27,0.375,0.3740439713001251,0.5,"[5, 7, 0, 2, 1, 0, 1, 7]",[5 7 6 3 0 0 8 3]
0,1,28,0.625,0.2310916930437088,0.875,"[8, 7, 3, 3, 1, 1, 7, 2]",[8 9 3 5 1 1 9 2]
0,1,29,0.625,0.4684552550315857,1.0,"[2, 1, 2, 1, 7, 6, 0, 3]",[2 1 2 1 4 0 6 3]
0,1,30,0.75,0.36706122756004333,1.0,"[2, 4, 1, 0, 8, 0, 7, 1]",[2 4 1 0 8 0 4 8]
0,1,31,0.5,0.7928436398506165,0.75,"[7, 2, 1, 4, 2, 1, 0, 1]",[7 2 1 4 5 8 8 4]
0,1,32,0.75,0.306111603975296,1.0,"[7, 0, 4, 8, 7, 0, 0, 7]",[7 0 4 7 7 0 3 7]
0,1,33,0.875,0.22392421960830688,1.0,"[6, 7, 6, 0, 3, 1, 6, 7]",[6 9 6 0 3 1 6 7]
0,1,34,0.75,0.25880005955696106,1.0,"[2, 6, 0, 3, 1, 4, 6, 4]",[2 6 0 3 1 4 0 5]
0,1,35,0.75,0.18681511282920837,1.0,"[8, 1, 6, 3, 1, 3, 4, 7]",[5 1 6 3 1 3 4 9]
0,1,36,0.75,0.28670868277549744,1.0,"[8, 1, 7, 7, 1, 7, 2, 0]",[8 3 9 7 1 7 2 0]
0,1,37,0.5,0.31419283151626587,0.75,"[1, 0, 0, 4, 3, 0, 6, 1]",[1 5 2 4 8 3 6 1]
0,1,38,0.5,0.2355828732252121,0.875,"[2, 1, 8, 0, 5, 1, 2, 0]",[8 8 8 6 5 1 3 0]
0,1,39,0.75,0.19411702454090118,1.0,"[7, 4, 2, 0, 7, 0, 9, 2]",[9 4 2 0 7 8 9 2]
0,1,40,0.625,0.236395001411438,1.0,"[1, 1, 9, 4, 4, 7, 7, 7]",[2 1 9 4 4 9 9 7]
0,1,41,0.875,0.24973371624946594,1.0,"[1, 4, 4, 8, 2, 3, 1, 2]",[1 4 4 8 4 3 1 2]
0,1,42,0.625,0.2467641681432724,1.0,"[0, 7, 9, 3, 2, 7, 0, 5]",[5 9 9 3 2 9 0 5]
0,1,43,0.625,0.14696337282657623,0.875,"[7, 1, 1, 3, 0, 1, 0, 6]",[7 8 1 8 0 5 0 6]
0,1,44,0.5,0.3587437570095062,0.875,"[4, 5, 4, 7, 2, 9, 4, 1]",[9 5 4 9 8 8 4 1]
0,1,45,0.625,0.21661582589149475,0.875,"[7, 3, 8, 3, 1, 0, 3, 2]",[9 3 7 8 1 0 3 2]
0,1,46,0.625,0.20580054819583893,1.0,"[2, 0, 5, 1, 1, 8, 3, 1]",[2 0 5 1 1 5 5 8]
0,1,47,0.625,0.31265586614608765,0.875,"[0, 0, 7, 7, 7, 6, 1, 2]",[8 4 7 7 7 6 8 2]
0,1,48,0.375,1.5661343336105347,0.75,"[3, 8, 7, 4, 8, 0, 7, 1]",[5 0 7 4 8 6 9 5]
0,1,49,0.75,0.12265679985284805,1.0,"[2, 7, 0, 1, 1, 8, 9, 2]",[3 7 0 1 1 8 9 9]
0,1,50,0.625,0.2809894382953644,0.875,"[7, 1, 7, 6, 2, 1, 7, 1]",[7 3 7 6 2 1 5 8]
0,1,51,0.5,0.1912720501422882,0.875,"[1, 1, 0, 0, 1, 7, 7, 2]",[1 1 0 0 3 9 8 8]
0,1,52,0.5,0.19585588574409485,1.0,"[2, 2, 8, 7, 6, 8, 3, 5]",[0 3 8 9 6 8 5 5]
0,1,53,0.375,0.26431119441986084,0.625,"[9, 7, 8, 3, 2, 1, 1, 4]",[7 7 5 5 4 1 3 4]
0,1,54,0.625,0.2460208684206009,1.0,"[1, 2, 2, 0, 4, 0, 5, 1]",[4 2 2 8 4 2 5 1]
0,1,55,0.375,0.28746166825294495,0.875,"[7, 8, 5, 0, 1, 0, 1, 1]",[7 9 8 0 2 6 1 2]
0,1,56,0.75,0.0649145245552063,0.875,"[0, 2, 4, 7, 0, 6, 4, 1]",[5 2 4 7 0 4 4 1]
0,1,57,0.75,0.24611148238182068,0.875,"[4, 9, 1, 7, 3, 0, 2, 1]",[4 9 1 9 3 0 2 4]
0,1,58,0.75,0.22544187307357788,1.0,"[2, 6, 1, 6, 1, 6, 2, 0]",[2 6 1 6 1 6 3 5]
0,1,59,0.25,0.7625114917755127,0.75,"[2, 6, 1, 1, 1, 6, 7, 7]",[2 2 3 8 8 6 4 9]
0,1,60,0.625,0.1375826746225357,0.875,"[8, 2, 2, 7, 2, 3, 0, 8]",[8 2 2 7 3 3 7 2]
0,1,61,0.75,0.16301707923412323,1.0,"[1, 7, 2, 1, 2, 7, 1, 0]",[9 7 2 1 2 7 2 0]
0,1,62,0.5,0.13783787190914154,1.0,"[1, 1, 2, 5, 1, 0, 2, 6]",[7 1 2 5 9 2 2 3]
0,1,63,0.875,0.051350560039281845,1.0,"[9, 0, 0, 7, 5, 4, 0, 2]",[9 3 0 7 5 4 0 2]
0,1,64,0.5,0.26890894770622253,0.875,"[0, 2, 7, 6, 7, 6, 0, 3]",[0 2 9 4 9 6 0 2]
0,1,65,0.875,0.1105814203619957,1.0,"[1, 6, 2, 0, 0, 9, 3, 0]",[2 6 2 0 0 9 3 0]
0,1,66,0.375,0.5991728901863098,0.75,"[1, 1, 2, 6, 0, 6, 3, 2]",[1 1 0 0 5 6 5 8]
0,1,67,0.5,0.3905695378780365,0.75,"[5, 1, 3, 1, 3, 0, 3, 8]",[9 1 3 3 3 3 3 5]
0,1,68,0.375,0.23731547594070435,0.75,"[7, 3, 3, 6, 0, 3, 0, 1]",[7 5 3 6 8 5 3 8]
0,1,69,0.25,0.10883750021457672,0.75,"[4, 8, 7, 7, 2, 0, 2, 2]",[5 5 7 9 3 0 3 3]
0,1,70,0.75,0.3321981132030487,1.0,"[1, 7, 1, 0, 2, 1, 7, 4]",[7 7 1 0 1 1 7 4]
0,1,71,0.625,0.22546929121017456,1.0,"[4, 3, 2, 2, 2, 8, 4, 6]",[4 5 3 2 3 8 4 6]
0,1,72,0.625,0.32147282361984253,1.0,"[0, 6, 1, 7, 9, 2, 1, 1]",[0 0 1 9 9 4 1 1]
0,1,73,1.0,0.317209392786026,1.0,"[3, 2, 2, 7, 1, 0, 0, 2]",[3 2 2 7 1 0 0 2]
0,1,74,0.75,0.218213751912117,1.0,"[7, 9, 2, 6, 7, 3, 6, 0]",[7 9 3 6 7 3 6 8]
0,1,75,0.625,0.3316834270954132,1.0,"[1, 4, 0, 1, 2, 8, 8, 3]",[1 4 6 9 3 8 8 3]
0,1,76,1.0,0.2653852701187134,1.0,"[2, 9, 0, 0, 7, 6, 6, 6]",[2 9 0 0 7 6 6 6]
0,1,77,0.75,0.2144143134355545,0.875,"[2, 4, 0, 0, 3, 1, 4, 6]",[2 4 6 0 3 1 4 4]
0,1,78,0.5,0.5853602886199951,0.625,"[1, 9, 1, 1, 3, 2, 6, 8]",[5 0 9 1 3 8 6 8]
0,1,79,0.625,0.21806198358535767,1.0,"[1, 9, 9, 7, 0, 1, 5, 7]",[1 9 4 7 0 2 5 9]
0,1,80,0.5,0.4250812828540802,0.875,"[0, 2, 0, 0, 3, 1, 7, 4]",[0 3 8 9 3 1 7 9]
0,1,81,0.625,0.27145278453826904,0.75,"[3, 5, 1, 7, 3, 6, 5, 0]",[3 5 1 9 3 6 4 3]
0,1,82,0.75,0.249142125248909,1.0,"[3, 9, 3, 3, 1, 4, 0, 3]",[3 9 3 3 1 6 5 3]
0,1,83,0.75,0.27616554498672485,1.0,"[2, 0, 7, 6, 0, 3, 9, 6]",[2 0 7 6 6 3 4 6]
0,1,84,0.375,0.2553432881832123,0.75,"[7, 4, 7, 2, 0, 7, 4, 2]",[8 4 7 5 9 7 9 9]
0,1,85,0.5,0.0852130576968193,0.75,"[2, 7, 7, 7, 6, 7, 0, 1]",[9 9 9 7 6 7 0 4]
0,1,86,0.5,0.2622023820877075,0.875,"[3, 4, 2, 7, 0, 7, 1, 5]",[3 4 2 3 8 7 4 2]
0,1,87,0.5,0.3472524583339691,0.75,"[3, 8, 2, 7, 7, 4, 7, 0]",[3 8 0 7 9 4 2 8]
0,1,88,0.875,0.5965099930763245,1.0,"[2, 6, 9, 0, 2, 8, 1, 5]",[3 6 9 0 2 8 1 5]
0,1,89,0.625,0.3243618309497833,1.0,"[7, 2, 3, 1, 2, 4, 1, 4]",[7 7 5 1 2 9 1 4]
0,1,90,0.625,0.24247905611991882,1.0,"[1, 0, 1, 4, 0, 3, 8, 8]",[1 2 1 9 0 3 8 5]
0,1,91,0.625,0.2565024197101593,0.875,"[2, 0, 1, 8, 3, 6, 2, 6]",[2 0 1 5 3 3 1 6]
0,1,92,0.625,0.20163917541503906,1.0,"[6, 2, 7, 8, 0, 4, 6, 9]",[6 2 9 8 0 4 2 4]
0,1,93,0.625,0.3329993188381195,1.0,"[5, 7, 0, 7, 7, 7, 4, 0]",[5 3 6 9 7 7 4 0]
0,1,94,0.875,0.40313607454299927,1.0,"[2, 1, 0, 1, 1, 3, 2, 7]",[2 1 0 8 1 3 2 7]
0,1,95,0.625,0.3438548147678375,1.0,"[4, 0, 9, 2, 1, 6, 1, 2]",[4 0 4 8 1 6 1 4]
0,1,96,0.75,0.6646427512168884,0.875,"[2, 4, 9, 1, 8, 1, 9, 7]",[3 4 9 5 8 1 9 7]
0,1,97,0.75,0.1996109038591385,1.0,"[8, 0, 4, 2, 7, 2, 9, 1]",[2 6 4 2 7 2 9 1]
0,1,98,0.5,0.34430015087127686,0.75,"[1, 9, 7, 6, 7, 6, 6, 9]",[2 9 7 0 8 6 6 4]
0,1,99,0.625,0.22203384339809418,1.0,"[7, 6, 3, 6, 3, 3, 1, 7]",[7 6 3 3 2 3 3 7]
0,1,100,0.875,0.2552076280117035,1.0,"[0, 7, 0, 0, 0, 2, 4, 6]",[0 9 0 0 0 2 4 6]
0,2,0,0.875,0.32418155670166016,1.0,"[7, 1, 7, 1, 7, 8, 0, 4]",[7 1 7 1 7 2 0 4]
0,2,1,0.5,0.08907991647720337,0.875,"[3, 4, 9, 1, 6, 6, 7, 3]",[5 4 8 8 4 6 7 3]
0,2,2,0.875,0.2610495984554291,1.0,"[0, 1, 4, 1, 0, 3, 4, 4]",[0 1 4 1 6 3 4 4]
0,2,3,0.625,0.1711578071117401,1.0,"[3, 3, 6, 4, 4, 0, 5, 1]",[3 3 8 8 4 2 5 1]
0,2,4,0.5,0.2686496675014496,0.75,"[0, 4, 1, 6, 4, 3, 2, 7]",[0 9 2 6 5 5 2 7]
0,2,5,0.625,0.13189056515693665,0.875,"[7, 2, 7, 3, 9, 2, 9, 9]",[7 2 9 5 9 0 9 9]
0,2,6,0.75,0.14828413724899292,1.0,"[0, 3, 6, 0, 8, 2, 0, 4]",[0 3 6 0 5 2 8 4]
0,2,7,0.875,0.17057372629642487,0.875,"[0, 0, 9, 7, 8, 6, 7, 4]",[0 0 9 7 8 0 7 4]
0,2,8,0.75,0.10507553815841675,1.0,"[1, 3, 4, 7, 7, 0, 7, 1]",[1 3 4 9 7 0 9 1]
0,2,9,0.875,0.19709323346614838,1.0,"[7, 1, 6, 3, 0, 0, 1, 4]",[7 1 6 3 0 0 5 4]
0,2,10,0.625,0.16012372076511383,1.0,"[9, 6, 4, 1, 9, 2, 0, 8]",[9 6 4 1 7 3 6 8]
0,2,11,0.75,0.12248945981264114,1.0,"[8, 1, 5, 6, 0, 6, 7, 9]",[8 1 5 6 0 6 9 5]
0,2,12,0.875,0.12428147345781326,1.0,"[6, 1, 6, 1, 1, 7, 7, 0]",[6 6 6 1 1 7 7 0]
0,2,13,0.625,0.16858243942260742,0.875,"[1, 1, 1, 1, 0, 5, 5, 9]",[1 1 1 2 0 3 6 9]
0,2,14,0.875,0.07916747033596039,1.0,"[1, 7, 3, 5, 5, 3, 1, 7]",[1 7 3 5 5 3 2 7]
0,2,15,0.875,0.19169053435325623,0.875,"[2, 6, 4, 4, 0, 6, 6, 1]",[2 5 4 4 0 6 6 1]
0,2,16,0.625,0.33040502667427063,1.0,"[4, 4, 6, 6, 9, 2, 7, 6]",[4 4 5 6 7 3 7 6]
0,2,17,0.75,0.16881950199604034,1.0,"[2, 6, 5, 5, 0, 0, 1, 2]",[2 6 8 5 0 0 2 2]
0,2,18,0.5,0.23235999047756195,0.625,"[6, 3, 7, 7, 9, 1, 0, 1]",[6 5 8 7 9 8 8 1]
0,2,19,0.625,0.08439093828201294,0.875,"[3, 2, 1, 3, 9, 7, 1, 2]",[3 2 1 5 3 4 1 2]
0,2,20,1.0,0.08509650826454163,1.0,"[2, 2, 0, 1, 7, 2, 9, 0]",[2 2 0 1 7 2 9 0]
0,2,21,0.5,0.2280668169260025,1.0,"[7, 0, 0, 6, 1, 6, 1, 1]",[9 0 7 5 1 6 2 1]
0,2,22,1.0,0.179798886179924,1.0,"[6, 7, 4, 6, 8, 7, 8, 1]",[6 7 4 6 8 7 8 1]
0,2,23,0.875,0.11213940382003784,1.0,"[0, 5, 0, 0, 5, 7, 1, 3]",[8 5 0 0 5 7 1 3]
0,2,24,0.625,0.1449522227048874,0.875,"[1, 6, 0, 0, 9, 6, 5, 0]",[1 8 6 0 9 6 9 0]
0,2,25,0.625,0.18158166110515594,0.875,"[4, 2, 7, 5, 8, 0, 0, 5]",[4 4 8 5 8 0 0 8]
0,2,26,0.625,0.1553342044353485,1.0,"[4, 1, 1, 0, 3, 7, 1, 2]",[6 3 1 0 3 7 2 2]
0,2,27,0.75,0.2569635212421417,0.875,"[6, 0, 9, 3, 1, 2, 8, 1]",[6 0 9 3 5 2 8 2]
0,2,28,0.375,0.2126416265964508,1.0,"[0, 7, 6, 1, 2, 1, 2, 1]",[8 9 6 8 2 3 2 2]
0,2,29,0.625,0.3501613140106201,0.875,"[2, 3, 1, 7, 1, 7, 2, 2]",[2 3 8 8 1 8 2 2]
0,2,30,1.0,0.0765756368637085,1.0,"[7, 3, 9, 7, 3, 1, 3, 7]",[7 3 9 7 3 1 3 7]
0,2,31,1.0,0.12097262591123581,1.0,"[3, 0, 1, 6, 9, 4, 0, 1]",[3 0 1 6 9 4 0 1]
0,2,32,0.875,0.18236762285232544,1.0,"[8, 8, 6, 1, 7, 3, 1, 4]",[1 8 6 1 7 3 1 4]
0,2,33,0.75,0.12245630472898483,0.875,"[7, 1, 1, 2, 8, 6, 1, 3]",[7 1 1 2 3 8 1 3]
0,2,34,0.75,0.24805380403995514,0.875,"[0, 1, 1, 7, 6, 4, 6, 3]",[0 1 1 9 0 4 6 3]
0,2,35,0.875,0.32522785663604736,0.875,"[2, 6, 8, 0, 0, 6, 4, 1]",[2 5 8 0 0 6 4 1]
0,2,36,0.75,0.07178543508052826,0.875,"[4, 8, 3, 5, 7, 2, 4, 4]",[4 8 3 5 9 2 4 9]
0,2,37,1.0,0.21633096039295197,1.0,"[8, 0, 7, 6, 0, 6, 0, 1]",[8 0 7 6 0 6 0 1]
0,2,38,0.625,0.26351192593574524,0.875,"[0, 1, 5, 7, 7, 7, 2, 7]",[0 5 8 7 7 7 2 3]
0,2,39,0.875,0.21100914478302002,1.0,"[4, 6, 4, 1, 6, 4, 0, 0]",[4 6 4 6 6 4 0 0]
0,2,40,0.875,0.3013112246990204,0.875,"[9, 9, 4, 4, 7, 6, 4, 1]",[9 9 4 5 7 6 4 1]
0,2,41,0.875,0.308796226978302,1.0,"[8, 4, 8, 3, 1, 0, 7, 7]",[7 4 8 3 1 0 7 7]
0,2,42,0.875,0.3095114231109619,1.0,"[7, 0, 5, 0, 6, 7, 8, 7]",[7 0 5 0 6 9 8 7]
0,2,43,0.75,0.26362454891204834,1.0,"[1, 1, 2, 1, 5, 4, 1, 0]",[1 1 2 2 5 4 1 7]
0,2,44,0.375,0.2041531354188919,0.625,"[1, 1, 0, 9, 4, 1, 1, 3]",[1 2 8 3 8 1 8 3]
0,2,45,0.75,0.19021937251091003,1.0,"[7, 7, 0, 5, 9, 0, 1, 1]",[7 9 0 5 9 6 1 1]
0,2,46,0.625,0.11193916201591492,1.0,"[0, 0, 0, 5, 1, 9, 4, 1]",[0 6 0 5 2 9 9 1]
0,2,47,0.625,0.12785515189170837,0.875,"[3, 0, 1, 4, 7, 7, 1, 5]",[3 3 3 4 9 7 1 5]
0,2,48,0.75,0.3110562860965729,0.875,"[6, 0, 3, 9, 1, 6, 7, 3]",[6 0 5 9 1 3 7 3]
0,2,49,0.625,0.2457893341779709,0.75,"[6, 3, 4, 1, 1, 1, 4, 1]",[6 8 4 1 8 8 4 1]
0,2,50,0.75,0.20059357583522797,1.0,"[3, 4, 7, 6, 6, 4, 9, 1]",[3 9 7 4 6 4 9 1]
0,2,51,0.875,0.3277091979980469,1.0,"[2, 1, 2, 7, 7, 1, 9, 2]",[2 1 2 7 7 8 9 2]
0,2,52,0.75,0.2592795193195343,1.0,"[6, 1, 6, 7, 7, 6, 7, 1]",[0 8 6 7 7 6 7 1]
0,2,53,0.625,0.023435203358530998,1.0,"[1, 7, 7, 2, 3, 7, 6, 7]",[1 9 7 3 3 7 6 9]
0,2,54,0.5,0.21024423837661743,1.0,"[6, 9, 1, 5, 7, 3, 6, 0]",[7 4 1 5 7 3 4 8]
0,2,55,0.875,0.25743526220321655,1.0,"[7, 4, 9, 4, 0, 1, 7, 2]",[7 4 5 4 0 1 7 2]
0,2,56,0.375,1.269619107246399,0.875,"[6, 8, 3, 7, 7, 4, 6, 4]",[0 0 8 9 8 4 6 4]
0,2,57,1.0,0.15017633140087128,1.0,"[1, 8, 7, 1, 3, 7, 4, 4]",[1 8 7 1 3 7 4 4]
0,2,58,0.625,0.20184661448001862,0.875,"[6, 6, 6, 7, 7, 1, 4, 1]",[6 6 6 5 4 1 4 2]
0,2,59,0.875,0.201222762465477,1.0,"[6, 1, 2, 7, 4, 2, 8, 1]",[6 1 2 7 4 2 4 1]
0,2,60,0.625,0.049253180623054504,0.875,"[1, 4, 3, 5, 9, 7, 4, 7]",[1 3 3 5 9 9 5 7]
0,2,61,0.75,0.17085999250411987,1.0,"[0, 2, 7, 1, 3, 5, 0, 4]",[0 2 7 8 3 5 2 4]
0,2,62,0.625,0.1752689927816391,0.875,"[4, 1, 7, 7, 7, 5, 4, 7]",[4 1 7 4 9 5 4 9]
0,2,63,0.75,0.1462155133485794,0.875,"[5, 7, 7, 0, 7, 6, 1, 7]",[5 7 0 0 7 6 5 7]
0,2,64,0.625,0.15906547009944916,1.0,"[4, 0, 1, 2, 2, 4, 1, 1]",[4 0 2 2 2 5 1 4]
0,2,65,0.75,0.25878822803497314,0.875,"[3, 9, 6, 1, 6, 7, 1, 6]",[8 9 2 1 6 7 1 6]
0,2,66,0.875,0.1882028579711914,1.0,"[4, 1, 6, 3, 5, 0, 0, 3]",[4 1 6 7 5 0 0 3]
0,2,67,0.75,0.182160884141922,0.875,"[1, 2, 8, 2, 2, 0, 1, 8]",[7 2 8 2 2 3 1 8]
0,2,68,1.0,0.09582994133234024,1.0,"[8, 0, 9, 2, 5, 6, 1, 7]",[8 0 9 2 5 6 1 7]
0,2,69,0.625,0.1636297106742859,1.0,"[1, 7, 1, 9, 8, 6, 8, 5]",[8 7 1 8 8 5 8 5]
0,2,70,0.625,0.2851943373680115,0.875,"[1, 7, 4, 4, 1, 7, 0, 4]",[2 9 4 4 1 7 0 0]
0,2,71,0.75,0.19713182747364044,0.875,"[5, 4, 1, 7, 5, 6, 1, 7]",[5 4 1 9 5 6 1 8]
0,2,72,0.625,0.14113327860832214,1.0,"[5, 4, 9, 7, 8, 6, 8, 5]",[5 4 9 7 1 6 0 8]
0,2,73,1.0,0.21781951189041138,1.0,"[2, 2, 9, 8, 4, 2, 3, 1]",[2 2 9 8 4 2 3 1]
0,2,74,0.625,0.12997297942638397,1.0,"[8, 1, 5, 9, 3, 3, 0, 0]",[8 1 5 4 7 3 0 3]
0,2,75,0.875,0.0930333212018013,1.0,"[1, 1, 4, 3, 1, 3, 6, 4]",[1 1 9 3 1 3 6 4]
0,2,76,1.0,0.1377682089805603,1.0,"[4, 9, 6, 2, 2, 2, 3, 1]",[4 9 6 2 2 2 3 1]
0,2,77,0.625,0.1757606863975525,0.875,"[2, 5, 7, 4, 0, 6, 2, 1]",[2 5 7 4 8 1 3 1]
0,2,78,0.625,0.20214062929153442,0.875,"[6, 6, 2, 0, 8, 7, 6, 8]",[6 6 3 0 2 7 6 5]
0,2,79,0.875,0.24344688653945923,0.875,"[2, 5, 5, 7, 7, 3, 6, 4]",[2 5 8 7 7 3 6 4]
0,2,80,0.5,0.20498788356781006,0.625,"[7, 8, 6, 8, 1, 1, 9, 1]",[8 8 6 5 1 8 5 1]
0,2,81,0.5,0.15930740535259247,0.875,"[1, 1, 5, 2, 7, 0, 4, 7]",[1 5 5 2 9 6 4 3]
0,2,82,0.875,0.10738056153059006,1.0,"[2, 1, 4, 4, 2, 6, 6, 0]",[2 7 4 4 2 6 6 0]
0,2,83,0.875,0.2676302194595337,1.0,"[0, 7, 3, 8, 0, 5, 1, 0]",[0 7 5 8 0 5 1 0]
0,2,84,0.75,0.2550279498100281,1.0,"[5, 9, 6, 6, 7, 8, 8, 1]",[6 9 6 6 7 8 8 2]
0,2,85,0.75,0.43192198872566223,0.875,"[1, 9, 8, 8, 1, 4, 5, 2]",[1 8 8 8 0 4 5 2]
0,2,86,0.75,0.12945671379566193,0.875,"[3, 1, 1, 6, 2, 6, 7, 7]",[5 1 1 6 2 6 7 9]
0,2,87,0.75,0.12027578055858612,1.0,"[1, 0, 2, 1, 6, 7, 0, 0]",[3 0 2 1 8 7 0 0]
0,2,88,0.625,0.24729549884796143,0.75,"[5, 1, 0, 3, 7, 7, 0, 4]",[5 1 8 3 9 7 2 4]
0,2,89,0.75,0.1011238694190979,1.0,"[7, 7, 7, 9, 0, 8, 1, 9]",[7 9 9 9 0 8 1 9]
0,2,90,0.75,0.08143196254968643,1.0,"[4, 1, 3, 8, 4, 4, 7, 7]",[4 1 3 8 8 4 7 9]
0,2,91,0.75,0.2709972858428955,0.875,"[3, 3, 2, 0, 6, 8, 0, 4]",[3 3 2 0 3 8 6 4]
0,2,92,0.875,0.3395593762397766,0.875,"[2, 6, 2, 2, 9, 3, 7, 4]",[2 6 2 2 9 3 4 4]
0,2,93,0.625,0.4162437617778778,1.0,"[3, 9, 9, 7, 4, 1, 0, 0]",[3 4 4 9 4 1 0 0]
0,2,94,0.875,0.28534743189811707,0.875,"[2, 9, 0, 2, 4, 0, 7, 3]",[2 9 9 2 4 0 7 3]
0,2,95,0.625,0.11487127095460892,0.875,"[4, 1, 2, 7, 0, 5, 5, 6]",[4 2 2 7 2 5 5 1]
0,2,96,0.5,0.35464802384376526,0.875,"[7, 4, 3, 1, 4, 3, 2, 8]",[7 7 3 2 4 5 2 3]
0,2,97,0.75,0.1372089684009552,0.875,"[1, 0, 8, 7, 6, 9, 9, 9]",[1 9 8 7 6 9 9 4]
0,2,98,1.0,0.06776754558086395,1.0,"[6, 0, 4, 7, 7, 9, 0, 7]",[6 0 4 7 7 9 0 7]
0,2,99,0.625,0.07087089121341705,0.875,"[9, 0, 1, 3, 2, 2, 0, 5]",[9 6 5 3 2 8 0 5]
0,2,100,0.625,0.10635506361722946,1.0,"[3, 5, 9, 4, 7, 1, 2, 4]",[3 5 9 9 9 1 2 9]
0,3,0,1.0,0.07439162582159042,1.0,"[7, 5, 8, 6, 1, 2, 4, 0]",[7 5 8 6 1 2 4 0]
0,3,1,0.75,0.0659346655011177,1.0,"[0, 6, 0, 7, 4, 7, 7, 7]",[0 6 0 7 7 7 7 5]
0,3,2,1.0,0.17091165482997894,1.0,"[6, 1, 6, 1, 7, 1, 1, 2]",[6 1 6 1 7 1 1 2]
0,3,3,0.875,0.12786635756492615,1.0,"[4, 6, 3, 5, 4, 6, 7, 0]",[0 6 3 5 4 6 7 0]
0,3,4,0.875,0.2123267501592636,0.875,"[3, 4, 2, 0, 4, 0, 9, 1]",[3 8 2 0 4 0 9 1]
0,3,5,0.75,0.20656968653202057,0.875,"[4, 7, 1, 0, 4, 9, 3, 3]",[8 7 1 0 5 9 3 3]
0,3,6,0.75,0.1263030767440796,1.0,"[9, 4, 7, 4, 4, 7, 3, 4]",[9 4 7 2 2 7 3 4]
0,3,7,0.75,0.05912010371685028,1.0,"[5, 8, 3, 3, 6, 1, 9, 0]",[5 8 3 3 8 1 4 0]
0,3,8,0.75,0.0911058560013771,1.0,"[3, 3, 9, 5, 1, 7, 7, 2]",[3 3 4 5 8 7 7 2]
0,3,9,0.625,0.061750706285238266,0.75,"[9, 1, 8, 2, 7, 0, 4, 0]",[9 1 8 2 9 9 9 0]
0,3,10,0.875,0.18896470963954926,1.0,"[5, 0, 1, 0, 0, 4, 7, 5]",[5 0 8 0 0 4 7 5]
0,3,11,0.75,0.20783564448356628,0.875,"[2, 9, 7, 6, 4, 1, 0, 6]",[7 3 7 6 4 1 0 6]
0,3,12,0.75,0.1170034259557724,1.0,"[9, 8, 1, 3, 5, 6, 3, 2]",[9 8 3 3 0 6 3 2]
0,3,13,0.875,0.20272235572338104,1.0,"[2, 1, 8, 6, 7, 8, 4, 5]",[4 1 8 6 7 8 4 5]
0,3,14,0.625,0.18419481813907623,0.75,"[6, 8, 4, 1, 1, 1, 0, 2]",[2 8 3 1 1 1 2 2]
0,3,15,0.75,0.1728157103061676,0.875,"[2, 4, 1, 1, 6, 5, 6, 5]",[8 4 1 5 6 5 6 5]
0,3,16,0.625,0.2251264452934265,0.875,"[3, 1, 0, 4, 2, 2, 0, 5]",[3 8 0 9 2 2 0 8]
0,3,17,0.625,0.35801732540130615,1.0,"[7, 3, 4, 0, 1, 9, 8, 1]",[9 3 4 6 5 9 8 1]
0,3,18,0.875,0.09734738618135452,1.0,"[2, 0, 0, 4, 6, 7, 1, 6]",[2 0 0 4 6 7 5 6]
0,3,19,0.5,0.605122447013855,0.75,"[4, 8, 8, 4, 2, 6, 7, 7]",[4 8 8 9 4 8 9 7]
0,3,20,0.75,0.2101411372423172,0.875,"[7, 9, 6, 4, 2, 1, 2, 7]",[7 9 6 5 2 8 2 7]
0,3,21,0.75,0.2740057408809662,0.875,"[7, 6, 2, 6, 0, 5, 0, 4]",[7 6 2 6 2 5 8 4]
0,3,22,0.75,0.20399832725524902,0.875,"[3, 1, 2, 3, 0, 5, 2, 5]",[5 1 2 3 0 5 4 5]
0,3,23,0.75,0.08594181388616562,1.0,"[3, 0, 4, 1, 6, 1, 0, 4]",[3 0 8 3 6 1 0 4]
0,3,24,0.75,0.18199574947357178,0.875,"[5, 6, 7, 3, 6, 0, 2, 4]",[5 6 7 3 6 0 7 9]
0,3,25,0.75,0.05676762014627457,0.75,"[9, 9, 1, 3, 2, 2, 6, 0]",[9 0 1 8 2 2 6 0]
0,3,26,1.0,0.335123747587204,1.0,"[1, 4, 3, 1, 2, 1, 4, 1]",[1 4 3 1 2 1 4 1]
0,3,27,0.75,0.25572118163108826,1.0,"[0, 6, 1, 6, 7, 2, 4, 5]",[0 6 1 6 7 0 5 5]
0,3,28,0.625,0.04865705594420433,0.875,"[3, 7, 9, 4, 7, 0, 2, 4]",[8 7 9 7 7 0 2 5]
0,3,29,1.0,0.20552244782447815,1.0,"[6, 7, 2, 9, 2, 1, 2, 7]",[6 7 2 9 2 1 2 7]
0,3,30,0.875,0.0903998613357544,1.0,"[5, 7, 0, 2, 6, 6, 7, 1]",[5 7 8 2 6 6 7 1]
0,3,31,1.0,0.1952974796295166,1.0,"[6, 9, 3, 4, 7, 8, 4, 2]",[6 9 3 4 7 8 4 2]
0,3,32,0.75,0.19581495225429535,1.0,"[1, 4, 9, 4, 1, 7, 5, 0]",[1 8 9 4 1 9 5 0]
0,3,33,0.5,0.2236895114183426,0.75,"[3, 0, 5, 2, 7, 4, 4, 4]",[5 0 5 4 7 0 4 6]
0,3,34,0.875,0.18321764469146729,0.875,"[1, 6, 0, 6, 4, 7, 6, 6]",[1 6 0 6 4 7 6 2]
0,3,35,0.75,0.12724874913692474,0.875,"[3, 7, 7, 2, 6, 3, 6, 7]",[8 7 7 0 6 3 6 7]
0,3,36,0.875,0.12941507995128632,0.875,"[2, 1, 2, 7, 9, 7, 1, 1]",[2 7 2 7 9 7 1 1]
0,3,37,0.75,0.16656512022018433,1.0,"[0, 4, 4, 6, 7, 3, 2, 6]",[0 9 4 6 5 3 2 6]
0,3,38,0.25,0.1535804569721222,0.75,"[4, 2, 9, 3, 6, 5, 6, 6]",[4 3 7 5 6 8 0 7]
0,3,39,0.75,0.07458924502134323,0.875,"[1, 4, 2, 4, 7, 3, 7, 1]",[1 5 2 5 7 3 7 1]
0,3,40,0.75,0.07721535861492157,1.0,"[7, 5, 9, 2, 1, 0, 3, 9]",[7 5 9 0 8 0 3 9]
0,3,41,0.875,0.1196337640285492,1.0,"[0, 8, 6, 5, 0, 4, 6, 0]",[0 8 6 8 0 4 6 0]
0,3,42,0.875,0.2942768335342407,1.0,"[4, 1, 1, 4, 1, 1, 6, 1]",[9 1 1 4 1 1 6 1]
0,3,43,0.875,0.19364070892333984,1.0,"[1, 0, 8, 4, 7, 1, 8, 8]",[1 0 8 5 7 1 8 8]
0,3,44,0.75,0.2040516585111618,1.0,"[3, 1, 2, 2, 7, 3, 1, 1]",[3 2 8 2 7 3 1 1]
0,3,45,0.75,0.10738568753004074,1.0,"[0, 9, 6, 4, 3, 3, 2, 0]",[0 5 6 6 3 3 2 0]
0,3,46,1.0,0.1320829540491104,1.0,"[7, 4, 2, 0, 2, 0, 5, 1]",[7 4 2 0 2 0 5 1]
0,3,47,0.5,0.11197283118963242,0.75,"[4, 6, 3, 0, 0, 6, 8, 4]",[9 0 3 0 8 6 8 9]
0,3,48,0.875,0.20920421183109283,0.875,"[6, 2, 4, 5, 8, 3, 7, 9]",[6 5 4 5 8 3 7 9]
0,3,49,1.0,0.1266847550868988,1.0,"[6, 6, 1, 5, 4, 0, 9, 8]",[6 6 1 5 4 0 9 8]
0,3,50,0.75,0.036800164729356766,0.875,"[9, 2, 4, 5, 0, 0, 2, 5]",[9 7 4 5 0 0 2 8]
0,3,51,0.75,0.2417232245206833,1.0,"[8, 4, 8, 2, 4, 0, 6, 2]",[8 5 1 2 4 0 6 2]
0,3,52,0.875,0.06896287947893143,1.0,"[7, 1, 4, 4, 1, 0, 2, 7]",[7 1 4 4 1 0 2 9]
0,3,53,0.75,0.07349826395511627,0.875,"[2, 0, 2, 8, 7, 3, 9, 2]",[2 0 2 3 7 5 9 2]
0,3,54,0.625,0.1894228458404541,0.75,"[9, 1, 3, 0, 4, 2, 9, 2]",[9 1 6 0 9 2 8 2]
0,3,55,0.75,0.17747001349925995,1.0,"[0, 5, 2, 8, 9, 0, 2, 7]",[0 5 3 2 9 0 2 7]
0,3,56,0.75,0.1272812932729721,1.0,"[3, 3, 9, 6, 1, 2, 3, 7]",[3 3 9 6 1 2 7 5]
0,3,57,0.875,0.14281527698040009,1.0,"[4, 4, 5, 0, 8, 6, 8, 9]",[4 5 5 0 8 6 8 9]
0,3,58,0.75,0.21792234480381012,1.0,"[8, 7, 8, 4, 6, 6, 4, 3]",[6 7 9 4 6 6 4 3]
0,3,59,0.75,0.2432226985692978,0.875,"[4, 2, 5, 4, 6, 2, 2, 8]",[4 3 5 4 0 2 2 8]
0,3,60,0.5,0.20917224884033203,0.875,"[9, 6, 0, 3, 6, 8, 1, 3]",[9 6 6 8 6 8 5 0]
0,3,61,0.75,0.16628845036029816,1.0,"[6, 3, 8, 7, 4, 7, 3, 1]",[6 3 8 3 5 7 3 1]
0,3,62,0.625,0.030985446646809578,1.0,"[6, 6, 6, 0, 1, 9, 1, 4]",[6 0 6 0 2 9 1 9]
0,3,63,0.875,0.1486125886440277,1.0,"[2, 4, 0, 0, 0, 7, 0, 7]",[2 4 0 0 0 7 0 3]
0,3,64,0.75,0.09516686946153641,0.875,"[5, 3, 0, 5, 5, 4, 3, 0]",[8 5 0 5 5 4 3 0]
0,3,65,0.5,0.42556020617485046,0.875,"[2, 4, 9, 6, 9, 1, 4, 3]",[3 8 9 6 7 1 9 3]
0,3,66,0.875,0.14689944684505463,0.875,"[8, 5, 3, 6, 0, 0, 3, 6]",[8 5 3 6 8 0 3 6]
0,3,67,0.875,0.06883986294269562,1.0,"[4, 8, 6, 4, 3, 7, 3, 7]",[9 8 6 4 3 7 3 7]
0,3,68,0.75,0.14225256443023682,0.875,"[5, 3, 1, 4, 0, 4, 2, 7]",[5 8 1 4 0 7 2 7]
0,3,69,0.875,0.054100438952445984,1.0,"[7, 1, 1, 4, 8, 2, 2, 1]",[7 1 1 4 8 2 1 1]
0,3,70,0.75,0.12335965782403946,1.0,"[6, 5, 0, 0, 4, 0, 2, 0]",[6 5 0 5 4 0 2 3]
0,3,71,1.0,0.09414764493703842,1.0,"[6, 4, 6, 5, 4, 7, 7, 5]",[6 4 6 5 4 7 7 5]
0,3,72,0.75,0.18325567245483398,0.875,"[1, 8, 3, 5, 2, 6, 4, 6]",[1 8 3 5 2 0 5 6]
0,3,73,0.75,0.07598228752613068,0.875,"[0, 0, 7, 0, 4, 9, 6, 9]",[5 0 8 0 4 9 6 9]
0,3,74,0.75,0.1625262349843979,0.875,"[4, 6, 7, 2, 2, 8, 3, 5]",[4 6 7 2 2 5 9 5]
0,3,75,0.875,0.0686311274766922,1.0,"[2, 3, 5, 6, 5, 7, 3, 2]",[2 3 5 6 0 7 3 2]
0,3,76,0.875,0.10208990424871445,1.0,"[3, 0, 4, 3, 2, 1, 1, 1]",[3 0 9 3 2 1 1 1]
0,3,77,0.75,0.1567869931459427,1.0,"[7, 1, 7, 0, 8, 9, 4, 2]",[7 1 7 0 8 9 5 3]
0,3,78,0.75,0.06946250796318054,1.0,"[7, 1, 0, 2, 3, 2, 9, 4]",[7 1 0 2 5 2 9 5]
0,3,79,1.0,0.2949692904949188,1.0,"[3, 2, 5, 6, 5, 4, 3, 1]",[3 2 5 6 5 4 3 1]
0,3,80,0.875,0.1520366072654724,0.875,"[9, 6, 5, 1, 2, 1, 5, 1]",[9 6 5 1 2 1 5 8]
0,3,81,0.75,0.08292998373508453,1.0,"[7, 7, 8, 1, 3, 4, 2, 7]",[9 7 0 1 3 4 2 7]
0,3,82,0.875,0.15907427668571472,1.0,"[2, 0, 0, 2, 6, 7, 0, 4]",[2 0 0 2 6 7 0 5]
0,3,83,0.875,0.05719625577330589,0.875,"[0, 4, 3, 9, 2, 0, 5, 6]",[0 4 3 9 2 0 5 0]
0,3,84,0.875,0.23812176287174225,1.0,"[9, 8, 6, 7, 5, 1, 4, 9]",[7 8 6 7 5 1 4 9]
0,3,85,0.75,0.10920858383178711,1.0,"[8, 1, 1, 5, 2, 2, 9, 9]",[8 8 1 5 2 2 4 9]
0,3,86,0.875,0.26004332304000854,1.0,"[3, 4, 1, 7, 7, 2, 1, 2]",[3 4 1 7 0 2 1 2]
0,3,87,1.0,0.11467626690864563,1.0,"[2, 4, 3, 3, 6, 5, 1, 2]",[2 4 3 3 6 5 1 2]
0,3,88,0.5,0.21972987055778503,0.875,"[2, 4, 3, 3, 6, 0, 8, 7]",[2 5 8 2 6 0 8 5]
0,3,89,0.875,0.06756062805652618,1.0,"[2, 1, 0, 3, 9, 9, 8, 0]",[2 1 0 3 9 7 8 0]
0,3,90,0.875,0.15786175429821014,1.0,"[2, 8, 7, 3, 6, 1, 8, 6]",[2 8 7 3 8 1 8 6]
0,3,91,0.625,0.05753854662179947,0.875,"[3, 5, 6, 1, 4, 5, 3, 3]",[3 8 3 1 9 5 3 3]
0,3,92,0.75,0.15131182968616486,0.875,"[2, 4, 7, 9, 1, 1, 6, 0]",[9 8 7 9 1 1 6 0]
0,3,93,0.625,0.12011448293924332,1.0,"[7, 9, 4, 3, 9, 0, 4, 6]",[7 9 4 3 4 6 2 6]
0,3,94,0.875,0.16445714235305786,0.875,"[8, 1, 4, 0, 9, 4, 1, 9]",[8 1 9 0 9 4 1 9]
0,3,95,0.75,0.13536939024925232,0.75,"[9, 9, 4, 3, 3, 6, 4, 2]",[9 9 8 5 3 6 4 2]
0,3,96,0.875,0.15291884541511536,1.0,"[8, 2, 4, 3, 3, 8, 3, 4]",[8 4 4 3 3 8 3 4]
0,3,97,0.75,0.2598373293876648,0.75,"[0, 7, 1, 1, 6, 8, 1, 1]",[0 7 1 8 6 8 1 8]
0,3,98,0.75,0.5946087837219238,1.0,"[9, 3, 1, 1, 6, 5, 8, 9]",[8 3 1 1 6 0 8 9]
0,3,99,0.875,0.16373668611049652,1.0,"[9, 1, 4, 4, 1, 3, 3, 7]",[9 1 4 9 1 3 3 7]
0,3,100,0.875,0.09845036268234253,1.0,"[7, 2, 4, 7, 8, 2, 4, 9]",[7 2 4 7 8 5 4 9]
0,4,0,0.625,0.09090183675289154,0.75,"[1, 4, 8, 2, 4, 8, 9, 2]",[1 4 3 7 4 8 4 2]
0,4,1,0.625,0.2760579288005829,0.875,"[7, 1, 7, 8, 6, 3, 8, 4]",[0 1 7 8 6 3 5 7]
0,4,2,0.625,0.3173191547393799,1.0,"[8, 1, 3, 4, 7, 1, 7, 1]",[5 1 5 4 7 1 7 8]
0,4,3,0.75,0.18042021989822388,1.0,"[8, 3, 9, 7, 1, 6, 2, 4]",[8 3 9 7 2 6 2 9]
0,4,4,0.75,0.2288074493408203,1.0,"[8, 8, 2, 8, 8, 1, 2, 6]",[8 5 2 5 8 1 2 6]
0,4,5,0.625,0.12330199033021927,0.75,"[8, 6, 3, 2, 6, 3, 4, 4]",[2 6 5 2 0 3 4 4]
0,4,6,1.0,0.13247543573379517,1.0,"[1, 3, 7, 6, 9, 0, 8, 1]",[1 3 7 6 9 0 8 1]
0,4,7,0.875,0.14979320764541626,1.0,"[9, 9, 7, 1, 3, 2, 1, 4]",[9 9 7 1 3 2 1 2]
0,4,8,0.75,0.12087039649486542,0.875,"[9, 5, 6, 3, 0, 7, 4, 1]",[9 5 5 5 0 7 4 1]
0,4,9,0.875,0.1940639317035675,1.0,"[8, 1, 3, 0, 8, 0, 6, 7]",[5 1 3 0 8 0 6 7]
0,4,10,0.75,0.3217482566833496,0.75,"[0, 2, 7, 0, 4, 8, 4, 4]",[0 2 3 0 4 9 4 4]
0,4,11,0.75,0.22445634007453918,0.875,"[1, 1, 9, 0, 4, 0, 8, 4]",[7 1 9 0 4 0 3 4]
0,4,12,0.75,0.11290230602025986,0.75,"[8, 3, 3, 4, 8, 8, 7, 7]",[5 3 5 4 8 8 7 7]
0,4,13,0.875,0.09413024038076401,0.875,"[8, 2, 3, 9, 7, 1, 8, 2]",[2 2 3 9 7 1 8 2]
0,4,14,1.0,0.08327240496873856,1.0,"[1, 8, 9, 8, 8, 4, 9, 7]",[1 8 9 8 8 4 9 7]
0,4,15,0.875,0.12086884677410126,0.875,"[2, 0, 1, 8, 8, 0, 6, 9]",[2 0 1 8 8 0 0 9]
0,4,16,0.75,0.13538292050361633,0.875,"[6, 4, 1, 1, 3, 6, 2, 6]",[6 5 1 1 3 2 2 6]
0,4,17,0.875,0.044035326689481735,0.875,"[8, 8, 6, 7, 5, 0, 7, 0]",[4 8 6 7 5 0 7 0]
0,4,18,1.0,0.05526656284928322,1.0,"[8, 0, 6, 0, 3, 1, 6, 5]",[8 0 6 0 3 1 6 5]
0,4,19,1.0,0.17510899901390076,1.0,"[5, 2, 1, 8, 2, 1, 7, 4]",[5 2 1 8 2 1 7 4]
0,4,20,0.875,0.4293534457683563,0.875,"[1, 3, 0, 7, 9, 0, 2, 6]",[1 3 0 7 9 6 2 6]
0,4,21,0.875,0.25461700558662415,1.0,"[4, 1, 9, 4, 2, 1, 0, 7]",[4 8 9 4 2 1 0 7]
0,4,22,0.625,0.19929875433444977,1.0,"[9, 4, 3, 8, 3, 8, 8, 8]",[9 4 3 5 3 5 8 9]
0,4,23,1.0,0.1223088875412941,1.0,"[6, 3, 8, 0, 1, 9, 0, 8]",[6 3 8 0 1 9 0 8]
0,4,24,0.75,0.33215785026550293,0.75,"[0, 7, 2, 0, 9, 7, 9, 2]",[0 7 2 2 7 7 9 2]
0,4,25,0.75,0.23816822469234467,0.75,"[7, 2, 6, 6, 0, 4, 2, 7]",[7 2 3 6 0 7 2 7]
0,4,26,0.875,0.15442925691604614,1.0,"[4, 2, 9, 1, 8, 7, 3, 1]",[4 2 9 1 8 2 3 1]
0,4,27,0.875,0.22394277155399323,1.0,"[6, 6, 4, 8, 7, 9, 4, 9]",[6 6 4 5 7 9 4 9]
0,4,28,0.875,0.1733790636062622,0.875,"[8, 8, 7, 0, 5, 6, 4, 7]",[8 8 7 0 5 5 4 7]
0,4,29,0.875,0.14016376435756683,1.0,"[1, 3, 6, 8, 7, 7, 0, 0]",[1 3 6 8 3 7 0 0]
0,4,30,0.75,0.2710166573524475,0.875,"[7, 8, 7, 4, 7, 4, 7, 6]",[9 8 7 4 7 4 7 3]
0,4,31,0.625,0.18004567921161652,0.75,"[2, 8, 3, 4, 6, 7, 6, 3]",[2 5 3 4 0 7 5 3]
0,4,32,0.625,0.2996843159198761,0.75,"[2, 8, 6, 9, 6, 1, 8, 0]",[2 2 6 4 6 1 8 8]
0,4,33,0.75,0.12574031949043274,1.0,"[4, 7, 7, 3, 7, 4, 6, 9]",[5 7 7 3 7 9 6 9]
0,4,34,0.75,0.1266161948442459,1.0,"[8, 3, 8, 6, 0, 3, 4, 6]",[8 3 0 6 0 5 4 6]
0,4,35,0.875,0.18118497729301453,1.0,"[8, 8, 7, 9, 6, 1, 8, 6]",[5 8 7 9 6 1 8 6]
0,4,36,0.875,0.14331397414207458,0.875,"[3, 2, 7, 2, 3, 9, 3, 1]",[3 2 7 2 2 9 3 1]
0,4,37,0.625,0.1732468456029892,0.75,"[1, 6, 1, 9, 3, 6, 4, 6]",[6 6 1 4 3 7 4 6]
0,4,38,0.875,0.2509821355342865,1.0,"[2, 8, 5, 2, 4, 0, 6, 3]",[2 8 5 2 4 0 0 3]
0,4,39,0.75,0.13595958054065704,0.875,"[6, 4, 6, 2, 8, 0, 8, 0]",[6 5 6 2 1 0 8 0]
0,4,40,0.625,0.09472694247961044,0.625,"[8, 1, 3, 8, 2, 3, 6, 8]",[8 1 3 1 8 3 6 1]
0,4,41,0.875,0.10628902167081833,1.0,"[0, 9, 2, 8, 8, 0, 3, 3]",[0 9 2 3 8 0 3 3]
0,4,42,0.5,0.2259557694196701,0.875,"[3, 8, 6, 8, 2, 8, 3, 6]",[3 5 6 1 2 6 7 6]
0,4,43,0.875,0.1856057345867157,1.0,"[8, 2, 5, 8, 6, 9, 8, 6]",[8 2 5 1 6 9 8 6]
0,4,44,0.5,0.0714578852057457,0.875,"[9, 8, 8, 8, 3, 8, 8, 7]",[9 5 5 7 3 5 8 7]
0,4,45,0.625,0.12056607753038406,0.625,"[8, 2, 8, 3, 7, 7, 0, 0]",[8 7 5 3 7 7 0 5]
0,4,46,0.75,0.17812567949295044,1.0,"[3, 7, 4, 9, 3, 1, 3, 1]",[3 7 4 4 3 5 3 1]
0,4,47,1.0,0.13977761566638947,1.0,"[6, 7, 4, 9, 8, 6, 7, 6]",[6 7 4 9 8 6 7 6]
0,4,48,0.875,0.09627895802259445,0.875,"[7, 8, 1, 8, 9, 3, 1, 6]",[7 8 1 5 9 3 1 6]
0,4,49,0.75,0.2731257677078247,1.0,"[1, 7, 7, 3, 2, 8, 9, 4]",[1 7 9 3 2 8 2 4]
0,4,50,0.75,0.36896300315856934,0.875,"[9, 8, 3, 2, 1, 3, 3, 1]",[5 8 2 2 1 3 3 1]
0,4,51,0.875,0.15324051678180695,0.875,"[1, 3, 0, 3, 6, 4, 7, 6]",[1 3 0 3 5 4 7 6]
0,4,52,0.875,0.12005115300416946,1.0,"[6, 8, 3, 8, 9, 6, 6, 7]",[5 8 3 8 9 6 6 7]
0,4,53,0.875,0.09711470454931259,0.875,"[6, 0, 6, 4, 4, 8, 2, 5]",[6 0 6 4 4 3 2 5]
0,4,54,0.75,0.171957865357399,1.0,"[2, 6, 1, 9, 4, 9, 3, 6]",[2 6 1 9 4 4 2 6]
0,4,55,0.875,0.15090526640415192,1.0,"[741, 9, 0, 4, 9, 9, 0, 7]",[8 9 0 4 9 9 0 7]
0,4,56,0.75,0.22345903515815735,0.875,"[4, 1, 8, 2, 6, 2, 4, 9]",[4 1 5 2 4 2 4 9]
0,4,57,0.75,0.10118553787469864,1.0,"[0, 9, 0, 2, 8, 5, 9, 1]",[0 4 5 2 8 5 9 1]
0,4,58,0.875,0.2191934436559677,0.875,"[1, 2, 1, 0, 0, 0, 229, 3]",[1 2 1 0 0 0 8 3]
0,4,59,1.0,0.1428741067647934,1.0,"[2, 7, 9, 6, 7, 0, 8, 3]",[2 7 9 6 7 0 8 3]
0,4,60,0.75,0.12615713477134705,1.0,"[3, 9, 8, 6, 1, 4, 0, 6]",[5 9 8 8 1 4 0 6]
0,4,61,0.875,0.06419011950492859,1.0,"[6, 4, 0, 7, 9, 6, 3, 8]",[6 4 0 7 9 0 3 8]
0,4,62,0.875,0.16517101228237152,1.0,"[2, 6, 1, 7, 6, 3, 2, 9]",[2 6 1 7 6 5 2 9]
0,4,63,0.875,0.06748614460229874,0.875,"[2, 7, 3, 8, 7, 7, 9, 9]",[2 7 3 2 7 7 9 9]
0,4,64,0.875,0.1634567677974701,1.0,"[3, 9, 2, 2, 3, 1, 4, 3]",[3 4 2 2 3 1 4 3]
0,4,65,0.875,0.2080478072166443,1.0,"[0, 1, 8, 0, 4, 0, 8, 2]",[0 1 8 0 4 0 5 2]
0,4,66,0.875,0.23214899003505707,1.0,"[0, 1, 6, 3, 0, 7, 4, 1]",[0 1 6 3 0 9 4 1]
0,4,67,0.625,0.09717948734760284,0.875,"[1, 0, 2, 8, 0, 8, 2, 0]",[1 5 2 5 0 5 2 0]
0,4,68,0.75,0.17076945304870605,0.875,"[9, 8, 4, 3, 0, 4, 6, 2]",[8 8 4 3 0 5 6 2]
0,4,69,0.875,0.08611401170492172,1.0,"[3, 4, 6, 0, 4, 3, 8, 2]",[3 4 6 0 4 5 8 2]
0,4,70,1.0,0.21859578788280487,1.0,"[6, 0, 3, 9, 6, 9, 9, 1]",[6 0 3 9 6 9 9 1]
0,4,71,0.625,0.14548419415950775,0.875,"[2, 8, 8, 3, 8, 0, 0, 8]",[2 3 8 3 2 0 0 5]
0,4,72,0.75,0.29820048809051514,0.75,"[8, 6, 4, 2, 6, 6, 2, 7]",[9 5 4 2 6 6 2 7]
0,4,73,1.0,0.1146356537938118,1.0,"[4, 9, 3, 6, 2, 3, 8, 8]",[4 9 3 6 2 3 8 8]
0,4,74,1.0,0.11780589073896408,1.0,"[1, 3, 9, 3, 3, 1, 7, 8]",[1 3 9 3 3 1 7 8]
0,4,75,0.75,0.3367614150047302,0.75,"[8, 7, 9, 4, 1, 1761, 1, 1]",[8 7 9 4 1 7 7 1]
0,4,76,0.5,0.14609140157699585,0.625,"[3, 4, 0, 1885, 9, 6, 0, 8]",[3 2 0 5 9 6 2 0]
0,4,77,0.75,0.11941543221473694,1.0,"[3, 4, 6, 5, 4, 1, 0, 0]",[3 4 6 5 6 1 6 0]
0,4,78,0.875,0.127723827958107,1.0,"[1, 7, 1, 2, 4, 7, 9, 8]",[7 7 1 2 4 7 9 8]
0,4,79,0.875,0.3343529999256134,0.875,"[7, 7, 0, 0, 7, 1, 8, 8]",[7 7 0 0 7 1 5 8]
0,4,80,0.875,0.06509461998939514,0.875,"[7, 7, 7, 2, 1, 9, 8, 8]",[7 7 7 2 1 9 8 5]
0,4,81,0.75,0.15438787639141083,0.875,"[9, 7, 7, 3, 4, 4, 1, 4]",[4 7 9 3 4 4 1 4]
0,4,82,0.75,0.09791271388530731,0.875,"[2, 2, 3, 3, 9, 0, 3, 4]",[2 2 3 5 4 0 3 4]
0,4,83,1.0,0.18526075780391693,1.0,"[1, 6, 4, 5, 4, 4, 7, 2]",[1 6 4 5 4 4 7 2]
0,4,84,0.75,0.3244021236896515,1.0,"[4, 7, 8, 7, 1, 8, 3, 1]",[4 7 8 7 1 9 5 1]
0,4,85,0.875,0.1456412374973297,0.875,"[2, 5, 0, 2, 4, 8, 8, 9]",[2 5 0 2 5 8 8 9]
0,4,86,0.875,0.20402096211910248,1.0,"[7, 0, 9, 0, 8, 2, 7, 8]",[7 0 9 0 4 2 7 8]
0,4,87,0.875,0.190219908952713,0.875,"[4, 3, 9, 8, 1, 2, 4, 9]",[4 3 5 8 1 2 4 9]
0,4,88,1.0,0.08161401748657227,1.0,"[9, 1, 7, 8, 2, 2, 3, 3]",[9 1 7 8 2 2 3 3]
0,4,89,0.625,0.4514281451702118,1.0,"[0, 9, 0, 1, 8, 8, 8, 0]",[0 9 9 1 8 5 8 8]
0,4,90,1.0,0.19076640903949738,1.0,"[6, 4, 6, 5, 9, 7, 4, 8]",[6 4 6 5 9 7 4 8]
0,4,91,0.625,0.14997819066047668,1.0,"[8, 7, 2, 7, 3, 3, 2, 6]",[5 7 2 7 5 5 2 6]
0,4,92,1.0,0.11460071057081223,1.0,"[8, 3, 2, 3, 6, 1, 3, 9]",[8 3 2 3 6 1 3 9]
0,4,93,0.75,0.14109863340854645,0.875,"[8, 8, 2, 8, 2, 6, 1, 6]",[0 3 2 8 2 6 1 6]
0,4,94,1.0,0.0891307145357132,1.0,"[1, 7, 9, 2, 5, 0, 0, 6]",[1 7 9 2 5 0 0 6]
0,4,95,1.0,0.12932896614074707,1.0,"[9, 8, 6, 9, 0, 9, 2, 7]",[9 8 6 9 0 9 2 7]
0,4,96,0.875,0.23537752032279968,0.875,"[0, 1, 1, 8, 8, 6, 8, 6]",[0 1 1 8 5 6 8 6]
0,4,97,0.625,0.23212820291519165,0.625,"[4, 0, 3, 0, 2, 1, 3, 8]",[4 0 7 0 2 7 3 7]
0,4,98,0.75,0.06939646601676941,1.0,"[4, 0, 8, 3, 9, 4, 6, 0]",[4 8 8 3 9 9 6 0]
0,4,99,1.0,0.15102925896644592,1.0,"[8, 8, 1, 4, 8, 2, 9, 4]",[8 8 1 4 8 2 9 4]
0,4,100,0.625,0.15364184975624084,0.875,"[8, 6, 9, 3, 8, 9, 4, 8]",[5 6 9 2 9 9 4 8]
0,5,0,1.0,0.039764124900102615,1.0,"[3, 3, 3, 9, 3, 7, 0, 1]",[3 3 3 9 3 7 0 1]
0,5,1,0.75,0.10990569740533829,1.0,"[7, 8, 8, 7, 0, 7, 1, 5]",[7 8 8 9 0 5 1 5]
0,5,2,0.75,0.10174714028835297,0.875,"[0, 0, 3, 3, 3, 0, 1, 8]",[5 0 3 3 5 0 1 8]
0,5,3,0.75,0.054747775197029114,1.0,"[6, 7, 5, 4, 0, 9, 7, 8]",[6 9 5 4 0 9 7 5]
0,5,4,0.875,0.11697527766227722,1.0,"[0, 6, 3, 0, 5, 2, 4, 0]",[0 6 3 0 5 2 4 6]
0,5,5,1.0,0.15830591320991516,1.0,"[9, 5, 0, 4, 0, 6, 6, 6]",[9 5 0 4 0 6 6 6]
0,5,6,0.875,0.08548194169998169,0.875,"[3, 5, 6, 6, 0, 4, 8, 9]",[3 5 6 6 0 4 6 9]
0,5,7,0.75,0.09229973703622818,1.0,"[9, 8, 3, 4, 3, 6, 3, 2]",[9 1 3 4 3 6 7 2]
0,5,8,0.875,0.058606743812561035,1.0,"[8, 3, 3, 7, 0, 8, 7, 9]",[8 3 5 7 0 8 7 9]
0,5,9,0.875,0.11703342944383621,0.875,"[9, 0, 0, 7, 7, 4, 1, 2]",[5 0 0 7 7 4 1 2]
0,5,10,0.5,0.07261457294225693,0.75,"[4, 8, 0, 6, 8, 2, 0, 3]",[4 8 2 4 3 2 0 9]
0,5,11,0.625,0.07744289934635162,0.75,"[8, 3, 3, 9, 6, 4, 4, 7]",[8 3 2 9 6 7 4 5]
0,5,12,0.875,0.05468336120247841,1.0,"[7, 7, 0, 1, 0, 1, 8, 4]",[7 7 0 1 0 1 5 4]
0,5,13,0.875,0.12771502137184143,1.0,"[1, 0, 5, 1, 0, 3, 7, 3]",[1 6 5 1 0 3 7 3]
0,5,14,0.875,0.062298305332660675,1.0,"[4, 3, 2, 1, 8, 4, 4, 7]",[4 3 2 1 8 4 4 9]
0,5,15,0.625,0.10116753727197647,0.875,"[1, 4, 1, 3, 3, 3, 7, 8]",[1 9 3 3 5 3 7 8]
0,5,16,0.75,0.16805417835712433,0.875,"[1, 6, 2, 0, 7, 4, 7, 9]",[1 6 2 0 9 4 7 4]
0,5,17,1.0,0.27527424693107605,1.0,"[9, 6, 9, 1, 1, 0, 0, 0]",[9 6 9 1 1 0 0 0]
0,5,18,0.875,0.0801454484462738,1.0,"[1, 1, 9, 6, 1, 7, 3, 4]",[1 1 9 6 8 7 3 4]
0,5,19,1.0,0.10040166229009628,1.0,"[6, 5, 1, 1, 1, 4, 7, 6]",[6 5 1 1 1 4 7 6]
0,5,20,0.75,0.40431782603263855,0.75,"[1, 1, 7, 6, 9, 9, 6, 0]",[1 1 3 6 9 9 8 0]
0,5,21,0.75,0.19977961480617523,1.0,"[1, 3, 0, 4, 2, 3, 4, 4]",[1 8 0 4 2 7 4 4]
0,5,22,1.0,0.07500884681940079,1.0,"[0, 0, 6, 6, 4, 2, 9, 0]",[0 0 6 6 4 2 9 0]
0,5,23,0.625,0.15573427081108093,0.875,"[6, 3, 0, 1, 3, 2, 5, 0]",[6 3 2 1 9 2 8 0]
0,5,24,0.875,0.10752851516008377,1.0,"[1, 1, 0, 5, 3, 7, 6, 9]",[1 1 6 5 3 7 6 9]
0,5,25,0.75,0.11660704016685486,0.875,"[9, 4, 3, 1, 1, 8, 3, 1]",[9 4 8 1 1 8 5 1]
0,5,26,0.75,0.13284799456596375,1.0,"[4, 7, 6, 0, 1, 0, 8, 9]",[4 3 6 0 1 5 8 9]
0,5,27,0.625,0.16964659094810486,0.875,"[7, 3, 3, 7, 7, 2, 1, 3]",[7 3 3 9 8 2 7 3]
0,5,28,1.0,0.10918180644512177,1.0,"[4, 9, 0, 9, 4, 8, 7, 3]",[4 9 0 9 4 8 7 3]
0,5,29,1.0,0.10158988833427429,1.0,"[7, 1, 0, 2, 3, 2, 4, 5]",[7 1 0 2 3 2 4 5]
0,5,30,0.875,0.14200420677661896,0.875,"[9, 6, 2, 3, 9, 6, 9, 0]",[9 6 2 3 9 6 9 2]
0,5,31,0.75,0.19001716375350952,1.0,"[9, 6, 4, 3, 1, 0, 8, 0]",[9 2 4 5 1 0 8 0]
0,5,32,0.75,0.11597120016813278,1.0,"[9, 8, 3, 1, 1, 8, 1, 7]",[9 8 3 1 5 3 1 7]
0,5,33,1.0,0.10037464648485184,1.0,"[3, 6, 5, 7, 9, 2, 2, 2]",[3 6 5 7 9 2 2 2]
0,5,34,0.875,0.14277838170528412,1.0,"[0, 8, 4, 8, 0, 2, 2, 6]",[0 8 4 8 6 2 2 6]
0,5,35,0.875,0.1891404688358307,1.0,"[0, 7, 0, 3, 1, 1, 1, 8]",[0 7 0 3 1 8 1 8]
0,5,36,0.75,0.2976299822330475,1.0,"[4, 8, 5, 0, 1, 3, 1, 9]",[4 8 5 0 1 5 8 9]
0,5,37,1.0,0.15280401706695557,1.0,"[8, 3, 1, 4, 3, 0, 3, 2]",[8 3 1 4 3 0 3 2]
0,5,38,0.625,0.19880731403827667,0.875,"[8, 0, 6, 7, 0, 5, 7, 4]",[5 0 6 5 2 5 7 4]
0,5,39,0.75,0.07298386842012405,1.0,"[6, 8, 6, 1, 0, 3, 2, 7]",[6 8 2 1 3 3 2 7]
0,5,40,0.875,0.08404792845249176,1.0,"[0, 4, 1, 8, 5, 9, 3, 1]",[0 4 1 8 5 9 2 1]
0,5,41,0.875,0.13805291056632996,1.0,"[7, 2, 2, 0, 7, 9, 8, 1]",[7 2 2 0 3 9 8 1]
0,5,42,0.875,0.20043174922466278,1.0,"[6, 9, 6, 9, 0, 7, 5, 1]",[6 9 6 7 0 7 5 1]
0,5,43,1.0,0.20813409984111786,1.0,"[2, 9, 1, 0, 4, 0, 7, 5]",[2 9 1 0 4 0 7 5]
0,5,44,1.0,0.1454758197069168,1.0,"[0, 6, 2, 3, 0, 1, 1, 2]",[0 6 2 3 0 1 1 2]
0,5,45,0.875,0.19675159454345703,1.0,"[2, 2, 7, 4, 7, 9, 0, 3]",[2 2 7 9 7 9 0 3]
0,5,46,1.0,0.10555630177259445,1.0,"[9, 6, 8, 2, 8, 7, 6, 3]",[9 6 8 2 8 7 6 3]
0,5,47,1.0,0.10691403597593307,1.0,"[9, 2, 2, 2, 0, 3, 4, 3]",[9 2 2 2 0 3 4 3]
0,5,48,0.875,0.09040157496929169,1.0,"[8, 1, 0, 9, 1, 7, 7, 4]",[8 1 0 9 3 7 7 4]
0,5,49,1.0,0.15084804594516754,1.0,"[7, 0, 0, 8, 9, 9, 7, 4]",[7 0 0 8 9 9 7 4]
0,5,50,1.0,0.12366701662540436,1.0,"[8, 1, 1, 1, 0, 9, 3, 4]",[8 1 1 1 0 9 3 4]
0,5,51,0.875,0.0684146136045456,1.0,"[2, 9, 1, 1, 9, 3, 4, 6]",[2 9 2 1 9 3 4 6]
0,5,52,0.75,0.09500371664762497,0.875,"[0, 6, 7, 6, 7, 1, 4, 8]",[6 6 7 6 7 2 4 8]
0,5,53,0.875,0.21486638486385345,1.0,"[4, 2, 9, 1, 9, 9, 8, 8]",[4 2 9 1 9 9 5 8]
0,5,54,0.5,0.21560902893543243,0.875,"[8, 8, 9, 7, 3, 1, 8, 7]",[8 2 9 3 7 1 8 9]
0,5,55,0.875,0.10028506070375443,0.875,"[1, 7, 1, 0, 1, 6, 0, 6]",[1 7 8 0 1 6 0 6]
0,5,56,0.875,0.14027339220046997,1.0,"[2, 3, 1, 2, 3, 4, 7, 8]",[2 8 1 2 3 4 7 8]
0,5,57,1.0,0.042280636727809906,1.0,"[8, 8, 5, 0, 9, 6, 8, 7]",[8 8 5 0 9 6 8 7]
0,5,58,0.875,0.1282392144203186,1.0,"[2, 9, 8, 9, 4, 5, 8, 9]",[2 9 8 9 4 5 8 4]
0,5,59,1.0,0.06117432937026024,1.0,"[0, 3, 7, 0, 4, 7, 6, 3]",[0 3 7 0 4 7 6 3]
0,5,60,0.75,0.065709188580513,1.0,"[4, 1, 2, 9, 3, 9, 8, 8]",[5 1 1 9 3 9 8 8]
0,5,61,1.0,0.23207397758960724,1.0,"[8, 6, 0, 6, 6, 1, 1, 9]",[8 6 0 6 6 1 1 9]
0,5,62,0.75,0.10681885480880737,1.0,"[1, 7, 6, 2, 0, 4, 7, 2]",[1 9 6 2 8 4 7 2]
0,5,63,1.0,0.13929283618927002,1.0,"[4, 7, 1, 2, 4, 6, 8, 4]",[4 7 1 2 4 6 8 4]
0,5,64,0.875,0.16761194169521332,0.875,"[7, 1, 6, 6, 6, 9, 3, 3]",[7 1 6 6 5 9 3 3]
0,5,65,0.875,0.09450957179069519,1.0,"[3, 6, 8, 9, 5, 3, 2, 3]",[3 6 8 9 8 3 2 3]
0,5,66,0.75,0.09929829835891724,0.875,"[7, 2, 3, 3, 8, 4, 1, 2]",[7 2 5 3 5 4 1 2]
0,5,67,0.75,0.08579250425100327,1.0,"[3, 7, 8, 0, 9, 7, 3, 9]",[3 7 8 0 9 7 4 8]
0,5,68,0.75,0.1336836963891983,1.0,"[7, 7, 0, 0, 6, 9, 3, 7]",[7 9 0 0 6 9 3 3]
0,5,69,0.5,0.17203229665756226,0.75,"[1, 4, 4, 0, 6, 0, 3, 4]",[1 0 4 0 6 5 8 2]
0,5,70,0.5,0.16397807002067566,0.875,"[5, 0, 3, 7, 4, 3, 3, 3]",[5 9 3 7 4 5 8 8]
0,5,71,0.875,0.13119438290596008,1.0,"[9, 0, 8, 0, 7, 4, 4, 8]",[9 0 4 0 7 4 4 8]
0,5,72,0.75,0.057936184108257294,0.875,"[0, 7, 7, 4, 7, 2, 7, 6]",[0 7 7 9 7 8 7 6]
0,5,73,0.5,0.3257191777229309,1.0,"[2, 8, 2, 7, 3, 1, 3, 5]",[0 8 2 5 3 8 3 6]
0,5,74,0.75,0.15593236684799194,1.0,"[6, 6, 4, 5, 0, 8, 0, 8]",[6 6 4 5 5 2 0 8]
0,5,75,0.5,0.07691389322280884,0.625,"[8, 2, 3, 7, 6, 5, 0, 3]",[5 5 3 7 5 5 0 5]
0,5,76,0.875,0.1608179360628128,1.0,"[9, 3, 7, 5, 0, 3, 1, 2]",[9 8 7 5 0 3 1 2]
0,5,77,1.0,0.1341550201177597,1.0,"[8, 5, 3, 7, 6, 5, 0, 2]",[8 5 3 7 6 5 0 2]
0,5,78,0.875,0.18269360065460205,1.0,"[6, 1, 9, 3, 1, 4, 1, 2]",[6 1 4 3 1 4 1 2]
0,5,79,0.625,0.1389608532190323,0.875,"[4, 8, 7, 2, 1, 1, 1, 4]",[9 2 7 2 4 1 1 4]
0,5,80,0.875,0.08168057352304459,1.0,"[7, 4, 9, 1, 2, 8, 8, 8]",[7 8 9 1 2 8 8 8]
0,5,81,1.0,0.1827889382839203,1.0,"[0, 3, 0, 1, 3, 5, 7, 2]",[0 3 0 1 3 5 7 2]
0,5,82,0.875,0.10454678535461426,0.875,"[1, 3, 7, 6, 8, 0, 3, 6]",[1 3 7 6 8 0 5 6]
0,5,83,0.75,0.07001885026693344,1.0,"[9, 0, 1, 1, 6, 4, 8, 0]",[9 0 1 1 6 9 5 0]
0,5,84,1.0,0.1547737717628479,1.0,"[2, 5, 4, 3, 1, 0, 1, 3]",[2 5 4 3 1 0 1 3]
0,5,85,0.75,0.0827302411198616,0.875,"[0, 5, 2, 0, 3, 3, 3, 8]",[0 5 2 6 3 3 3 1]
0,5,86,0.875,0.13455665111541748,1.0,"[4, 5, 7, 1, 8, 7, 1, 6]",[4 5 9 1 8 7 1 6]
0,5,87,0.625,0.06191651150584221,0.875,"[9, 9, 7, 1, 4, 0, 5, 6]",[9 9 2 9 4 0 3 6]
0,5,88,0.75,0.09276200830936432,1.0,"[3, 4, 3, 9, 3, 4, 9, 7]",[3 9 3 9 3 4 7 7]
0,5,89,1.0,0.08351495116949081,1.0,"[7, 4, 6, 7, 7, 4, 7, 8]",[7 4 6 7 7 4 7 8]
0,5,90,0.875,0.13892123103141785,0.875,"[1, 8, 0, 8, 7, 3, 2, 0]",[1 8 0 8 7 3 1 0]
0,5,91,0.875,0.09892790019512177,1.0,"[6, 5, 2, 9, 1, 7, 2, 8]",[6 5 3 9 1 7 2 8]
0,5,92,0.875,0.11094027012586594,1.0,"[3, 3, 3, 4, 0, 3, 4, 9]",[3 3 3 4 0 3 4 4]
0,5,93,1.0,0.10810655355453491,1.0,"[2, 4, 5, 3, 3, 4, 4, 6]",[2 4 5 3 3 4 4 6]
0,5,94,0.75,0.21853603422641754,1.0,"[8, 9, 6, 4, 7, 4, 0, 9]",[5 9 6 4 9 4 0 9]
0,5,95,0.75,0.08553960919380188,0.875,"[3, 1, 3, 9, 3, 4, 7, 7]",[3 1 3 9 3 5 7 3]
0,5,96,0.875,0.12473592907190323,1.0,"[2, 3, 7, 6, 6, 8, 1, 8]",[2 3 7 0 6 8 1 8]
0,5,97,0.875,0.3756682276725769,1.0,"[2, 7, 4, 4, 6, 4, 0, 3]",[2 7 4 4 6 4 9 3]
0,5,98,0.875,0.2320529818534851,0.875,"[7, 6, 0, 5, 1378, 5, 1, 0]",[7 6 0 5 7 5 1 0]
0,5,99,0.875,0.19268591701984406,0.875,"[8, 5, 7, 1, 3, 8, 5, 0]",[8 5 7 7 3 8 5 0]
0,5,100,0.875,0.12432629615068436,1.0,"[1, 3, 9, 6, 8, 1, 9, 0]",[1 3 9 6 8 1 9 2]
0,6,0,0.875,0.07716440409421921,0.875,"[6, 6, 7, 2, 2, 3, 7, 6]",[6 6 7 2 8 3 7 6]
0,6,1,0.75,0.1388455629348755,0.875,"[4, 2, 0, 6, 9, 6, 4, 9]",[4 7 0 5 9 6 4 9]
0,6,2,1.0,0.10902410000562668,1.0,"[9, 8, 5, 0, 6, 1, 4, 9]",[9 8 5 0 6 1 4 9]
0,6,3,0.875,0.12031547725200653,0.875,"[1, 0, 5, 6, 8, 0, 7, 3]",[1 0 8 6 8 0 7 3]
0,6,4,1.0,0.15507875382900238,1.0,"[7, 2, 1, 5, 6, 5, 9, 2]",[7 2 1 5 6 5 9 2]
0,6,5,0.75,0.12164897471666336,0.875,"[7, 6, 1, 0, 0, 8, 2, 1]",[7 6 3 0 0 8 7 1]
0,6,6,0.75,0.1913953572511673,1.0,"[7, 5, 0, 5, 9, 6, 1, 0]",[7 5 0 8 4 6 1 0]
0,6,7,0.75,0.17110386490821838,1.0,"[0, 6, 7, 5, 2, 3, 7, 3]",[0 6 3 5 2 3 8 3]
0,6,8,0.625,0.19396409392356873,0.875,"[792, 6, 5, 6, 0, 3, 1, 2]",[2 6 8 6 6 3 1 2]
0,6,9,1.0,0.07025178521871567,1.0,"[3, 9, 0, 0, 1, 0, 5, 0]",[3 9 0 0 1 0 5 0]
0,6,10,0.875,0.04626746475696564,0.875,"[2, 0, 1, 5, 1, 3, 9, 9]",[2 0 8 5 1 3 9 9]
0,6,11,0.875,0.14567548036575317,1.0,"[5, 5, 7, 7, 6, 0, 0, 7]",[9 5 7 7 6 0 0 7]
0,6,12,0.875,0.09445478022098541,0.875,"[9, 6, 6, 3, 5, 2, 7, 0]",[9 6 6 3 5 5 7 0]
0,6,13,1.0,0.10287915915250778,1.0,"[8, 4, 1, 0, 0, 4, 3, 8]",[8 4 1 0 0 4 3 8]
0,6,14,0.875,0.09060944616794586,0.875,"[2, 6, 6, 0, 5, 8, 9, 3]",[2 6 6 0 5 8 4 3]
0,6,15,0.75,0.06140066310763359,1.0,"[1, 6, 9, 9, 2, 9, 2, 2]",[1 2 9 9 2 9 3 2]
0,6,16,0.875,0.0775325670838356,1.0,"[0, 7, 0, 2, 1, 7, 5, 5]",[0 7 0 2 1 7 5 8]
0,6,17,0.875,0.17102885246276855,0.875,"[4, 0, 9, 6, 1, 3, 7, 3]",[4 0 9 2 1 3 7 3]
0,6,18,1.0,0.05574425682425499,1.0,"[2, 4, 1, 1, 4, 8, 9, 2]",[2 4 1 1 4 8 9 2]
0,6,19,1.0,0.24383020401000977,1.0,"[9, 2, 1, 9, 2, 6, 2, 5]",[9 2 1 9 2 6 2 5]
0,6,20,0.875,0.08096081763505936,1.0,"[1, 3, 2, 5, 6, 5, 0, 7]",[5 3 2 5 6 5 0 7]
0,6,21,0.875,0.1456432193517685,1.0,"[0, 8, 3, 3, 8, 8, 1, 5]",[0 5 3 3 8 8 1 5]
0,6,22,0.875,0.09807001054286957,1.0,"[1, 0, 1, 3, 7, 8, 4, 5]",[1 6 1 3 7 8 4 5]
0,6,23,1.0,0.09897743910551071,1.0,"[8, 6, 6, 8, 0, 0, 0, 6]",[8 6 6 8 0 0 0 6]
0,6,24,0.75,0.10115049034357071,0.875,"[9, 4, 3, 8, 4, 4, 6, 1]",[4 4 3 8 4 4 6 2]
0,6,25,0.75,0.0788334384560585,1.0,"[3, 3, 5, 8, 3, 6, 3, 1]",[3 8 5 7 3 6 3 1]
0,6,26,0.875,0.0869629830121994,1.0,"[5, 9, 5, 2, 4, 3, 0, 3]",[8 9 5 2 4 3 0 3]
0,6,27,0.75,0.08989956974983215,1.0,"[5, 1, 1, 2, 4, 1, 6, 2]",[8 1 1 2 4 1 6 3]
0,6,28,0.75,0.0826040729880333,0.875,"[0, 2, 3, 3, 8, 9, 0, 5]",[0 2 8 3 8 9 0 8]
0,6,29,0.75,0.07258424162864685,1.0,"[1, 2, 0, 4, 2, 7, 7, 5]",[1 5 0 4 2 7 7 3]
0,6,30,0.75,0.08908279240131378,0.875,"[4, 8, 5, 1, 3, 1, 6, 6]",[4 2 5 1 3 1 6 4]
0,6,31,0.75,0.06600473076105118,1.0,"[4, 4, 3, 0, 9, 4, 1, 1]",[4 4 3 8 9 7 1 1]
0,6,32,0.75,0.14767837524414062,1.0,"[9, 0, 0, 5, 8, 6, 9, 3]",[9 0 2 8 8 6 9 3]
0,6,33,0.875,0.11341143399477005,1.0,"[5, 4, 4, 4, 2, 1, 4, 3]",[8 4 4 4 2 1 4 3]
0,6,34,0.625,0.27707141637802124,0.875,"[4, 6, 5, 4, 2, 5, 0, 0]",[4 0 5 7 2 8 0 0]
0,6,35,0.875,0.07686387747526169,1.0,"[7, 7, 0, 8, 2, 0, 7, 4]",[7 7 6 8 2 0 7 4]
0,6,36,1.0,0.12828589975833893,1.0,"[1, 5, 6, 5, 7, 6, 0, 2]",[1 5 6 5 7 6 0 2]
0,6,37,0.875,0.07820609956979752,0.875,"[6, 9, 1, 1, 6, 7, 6, 1]",[6 9 1 1 6 7 6 8]
0,6,38,0.75,0.1153888925909996,1.0,"[9, 9, 4, 5, 2, 7, 7, 1]",[9 9 4 8 2 7 7 5]
0,6,39,0.875,0.0860695019364357,1.0,"[4, 7, 3, 0, 3, 9, 0, 1]",[4 7 3 0 3 9 0 9]
0,6,40,0.75,0.15365912020206451,1.0,"[0, 3, 2, 1, 0, 4, 4, 4]",[6 3 2 2 0 4 4 4]
0,6,41,0.75,0.1099189892411232,0.875,"[0, 1, 3, 9, 5, 5, 2, 6]",[0 1 3 9 5 6 3 6]
0,6,42,0.625,0.08565845340490341,1.0,"[1, 2, 7, 2, 5, 7, 5, 5]",[5 2 7 2 5 7 0 3]
0,6,43,0.875,0.07980593293905258,1.0,"[8, 7, 0, 1, 2, 4, 1, 2]",[8 7 0 1 2 4 1 6]
0,6,44,1.0,0.1267208307981491,1.0,"[2, 2, 5, 8, 9, 0, 5, 8]",[2 2 5 8 9 0 5 8]
0,6,45,0.875,0.11321314424276352,1.0,"[2, 7, 8, 7, 5, 9, 0, 4]",[3 7 8 7 5 9 0 4]
0,6,46,0.875,0.08343731611967087,0.875,"[2, 9, 3, 1, 7, 5, 1, 0]",[2 9 3 7 7 5 1 0]
0,6,47,0.875,0.11345180124044418,0.875,"[4, 6, 2, 3, 1, 1, 5, 7]",[4 6 2 3 1 1 8 7]
0,6,48,0.625,0.08702034503221512,0.75,"[4, 2, 2, 9, 5, 1, 5, 1]",[4 2 2 9 4 3 3 1]
0,6,49,1.0,0.08188688009977341,1.0,"[4, 4, 2, 7, 1, 1, 7, 1]",[4 4 2 7 1 1 7 1]
0,6,50,0.875,0.07914978265762329,1.0,"[1, 3, 0, 5, 2, 3, 1, 2]",[1 3 0 5 2 3 5 2]
0,6,51,1.0,0.1173253133893013,1.0,"[5, 9, 8, 4, 1, 7, 3, 0]",[5 9 8 4 1 7 3 0]
0,6,52,0.75,0.14983122050762177,0.875,"[1, 1, 6, 0, 5, 9, 7, 1]",[1 1 6 0 3 9 7 9]
0,6,53,0.875,0.12067028135061264,1.0,"[2, 2, 1, 0, 5, 4, 3, 3]",[2 2 1 0 3 4 3 3]
0,6,54,0.625,0.16688138246536255,0.75,"[9, 6, 4, 1, 9, 7, 2, 2]",[9 3 4 9 4 7 2 2]
0,6,55,0.875,0.13765458762645721,1.0,"[5, 6, 3, 3, 9, 1, 7, 3]",[8 6 3 3 9 1 7 3]
0,6,56,0.75,0.16898515820503235,0.875,"[6, 9, 3, 2, 5, 2, 4, 1]",[6 9 7 2 8 2 4 1]
0,6,57,0.875,0.08888866007328033,1.0,"[3, 4, 1, 2, 4, 1, 0, 9]",[3 4 1 2 4 1 0 4]
0,6,58,0.875,0.08189493417739868,0.875,"[6, 7, 9, 0, 0, 7, 4, 0]",[6 8 9 0 0 7 4 0]
0,6,59,0.875,0.12779481709003448,1.0,"[8, 3, 7, 2, 4, 0, 7, 2]",[8 3 7 2 4 0 9 2]
0,6,60,0.75,0.1059131845831871,0.875,"[5, 0, 0, 6, 5, 9, 0, 6]",[5 0 8 6 8 9 0 6]
0,6,61,0.75,0.19130414724349976,0.875,"[5, 6, 9, 3, 1, 6, 6, 4]",[8 6 9 5 1 6 6 4]
0,6,62,0.625,0.06993062794208527,1.0,"[9, 5, 0, 2, 8, 6, 4, 9]",[9 5 6 2 2 6 5 9]
0,6,63,0.875,0.08523008227348328,1.0,"[7, 9, 4, 7, 1, 3, 2, 0]",[7 9 4 7 1 5 2 0]
0,6,64,1.0,0.10887759923934937,1.0,"[9, 9, 7, 7, 0, 8, 1, 2]",[9 9 7 7 0 8 1 2]
0,6,65,0.75,0.16394583880901337,1.0,"[0, 9, 5, 5, 5, 5, 7, 6]",[0 9 5 8 5 8 7 6]
0,6,66,0.75,0.08511339128017426,1.0,"[9, 6, 5, 7, 9, 5, 2, 5]",[9 6 5 7 9 3 2 1]
0,6,67,0.75,0.06693180650472641,0.875,"[7, 9, 9, 5, 4, 2, 3, 0]",[3 9 9 3 4 2 3 0]
0,6,68,0.875,0.12016778439283371,1.0,"[6, 8, 9, 3, 0, 5, 7, 5]",[6 8 9 3 0 5 7 0]
0,6,69,0.375,0.09983034431934357,0.875,"[5, 7, 5, 2, 7, 6, 4, 1]",[5 8 8 7 8 2 4 1]
0,6,70,0.75,0.07224750518798828,1.0,"[1, 7, 6, 9, 0, 4, 9, 8]",[1 3 6 8 0 4 9 8]
0,6,71,0.625,0.12412919104099274,0.875,"[4, 7, 7, 6, 3, 0, 1, 0]",[4 7 8 6 5 8 1 0]
0,6,72,1.0,0.11246811598539352,1.0,"[5, 6, 2, 0, 7, 7, 4, 2]",[5 6 2 0 7 7 4 2]
0,6,73,0.75,0.13980555534362793,0.875,"[4, 2, 9, 0, 4, 8, 4, 1]",[4 2 4 8 4 8 4 1]
0,6,74,0.75,0.10114875435829163,0.875,"[8, 7, 5, 1, 9, 5, 7, 3]",[8 7 8 1 9 5 3 3]
0,6,75,0.875,0.1283724457025528,0.875,"[6, 9, 4, 9, 1, 3, 5, 1]",[6 9 4 9 1 3 9 1]
0,6,76,0.875,0.10385163873434067,0.875,"[6, 7, 4, 6, 0, 7, 5, 1]",[6 8 4 6 0 7 5 1]
0,6,77,0.875,0.11413243412971497,1.0,"[6, 5, 8, 1, 8, 1, 4, 2]",[6 5 8 1 8 1 7 2]
0,6,78,0.5,0.14166264235973358,0.875,"[9, 6, 5, 9, 1, 5, 4, 0]",[9 6 9 8 8 3 4 0]
0,6,79,0.75,0.12410300225019455,0.875,"[5, 5, 7, 2, 8, 7, 2, 1]",[8 8 7 2 8 7 2 1]
0,6,80,0.875,0.1453436017036438,1.0,"[2, 9, 0, 4, 5, 6, 7, 9]",[2 4 0 4 5 6 7 9]
0,6,81,0.5,0.18809543550014496,1.0,"[3, 9, 4, 4, 4, 1, 5, 3]",[5 9 4 4 5 1 8 5]
0,6,82,0.375,0.07336457818746567,1.0,"[9, 0, 3, 5, 7, 0, 9, 8]",[9 6 8 4 7 5 4 8]
0,6,83,0.875,0.10199081152677536,1.0,"[4, 8, 5, 7, 0, 7, 5, 1]",[4 8 5 7 0 9 5 1]
0,6,84,0.625,0.143328458070755,0.75,"[2, 4, 2, 8, 6, 3, 3, 1]",[2 5 2 8 6 3 8 3]
0,6,85,1.0,0.09028509259223938,1.0,"[1, 9, 0, 3, 4, 1, 1, 9]",[1 9 0 3 4 1 1 9]
0,6,86,0.875,0.10597044229507446,1.0,"[8, 8, 7, 3, 4, 3, 1, 5]",[8 8 7 3 4 2 1 5]
0,6,87,0.75,0.3478144407272339,0.875,"[7, 4, 5, 6, 7, 8, 0, 4]",[7 4 8 2 7 8 0 4]
0,6,88,0.75,0.12024711072444916,1.0,"[0, 8, 8, 7, 8, 4, 2, 4]",[0 8 8 7 3 4 8 4]
0,6,89,0.75,0.11053207516670227,1.0,"[5, 9, 3, 7, 6, 2, 1, 8]",[3 9 3 9 6 2 1 8]
0,6,90,1.0,0.12991963326931,1.0,"[9, 7, 9, 1, 9, 0, 1, 6]",[9 7 9 1 9 0 1 6]
0,6,91,1.0,0.09048210084438324,1.0,"[6, 6, 7, 6, 6, 8, 7, 9]",[6 6 7 6 6 8 7 9]
0,6,92,0.875,0.085840605199337,0.875,"[6, 2, 2, 9, 7, 1, 1, 6]",[6 2 2 9 7 1 1 0]
0,6,93,0.75,0.18355968594551086,1.0,"[3, 4, 2, 4, 2, 5, 3, 5]",[3 9 2 4 2 6 3 5]
0,6,94,0.75,0.09893906861543655,0.75,"[6, 9, 6, 1, 4, 1, 1, 2]",[8 4 6 1 4 1 1 2]
0,6,95,0.75,0.06965634226799011,1.0,"[5, 3, 4, 5, 0, 0, 1, 7]",[8 3 4 5 0 3 1 7]
0,6,96,0.875,0.09179738163948059,1.0,"[2, 7, 5, 1, 4, 1, 2, 5]",[2 7 5 1 4 2 2 5]
0,6,97,0.75,0.14209876954555511,0.875,"[9, 9, 5, 5, 5, 7, 3, 7]",[9 9 3 7 5 7 3 7]
0,6,98,1.0,0.08224014192819595,1.0,"[4, 2, 1, 2, 1, 2, 5, 1]",[4 2 1 2 1 2 5 1]
0,6,99,0.75,0.08428778499364853,1.0,"[7, 8, 9, 8, 7, 4, 0, 3]",[9 8 9 8 8 4 0 3]
0,6,100,0.875,0.07436405122280121,0.875,"[3, 9, 9, 7, 0, 6, 0, 2]",[3 9 9 3 0 6 0 2]
0,7,0,0.75,0.10535406321287155,1.0,"[9, 9, 9, 9, 7, 7, 6, 0]",[4 9 9 9 7 7 6 5]
0,7,1,0.875,0.08680088818073273,1.0,"[8, 2, 7, 9, 9, 0, 4, 7]",[8 2 7 9 9 6 4 7]
0,7,2,0.875,0.07019694894552231,1.0,"[9, 2, 2, 4, 7, 3, 9, 4]",[9 2 2 4 7 7 9 4]
0,7,3,0.875,0.08921550214290619,0.875,"[3, 6, 8, 0, 3, 5, 4, 9]",[3 6 8 0 3 8 4 9]
0,7,4,1.0,0.11953166127204895,1.0,"[7, 8, 0, 9, 0, 4, 8, 8]",[7 8 0 9 0 4 8 8]
0,7,5,0.625,0.12879236042499542,0.75,"[9, 1006, 4, 7, 5, 6, 1, 9]",[3 8 9 7 5 6 1 9]
0,7,6,1.0,0.09757422655820847,1.0,"[0, 5, 1, 4, 7, 6, 0, 6]",[0 5 1 4 7 6 0 6]
0,7,7,0.875,0.09792903810739517,0.875,"[8, 8, 1, 2, 1, 1203, 9, 9]",[8 8 1 2 1 5 9 9]
0,7,8,1.0,0.08563148230314255,1.0,"[0, 8, 5, 2, 9, 9, 1, 9]",[0 8 5 2 9 9 1 9]
0,7,9,0.75,0.08695556223392487,0.875,"[9, 0, 7, 8, 5, 0, 8, 0]",[9 0 7 8 5 8 8 3]
0,7,10,0.875,0.0831795260310173,1.0,"[5, 8, 9, 1, 8, 8, 3, 3]",[5 8 7 1 8 8 3 3]
0,7,11,0.875,0.10138696432113647,0.875,"[3, 7, 3, 1, 9, 8, 1, 8]",[3 7 3 1 4 8 1 8]
0,7,12,0.875,0.0713873878121376,1.0,"[9, 1, 2, 9, 3, 5, 1, 1]",[9 1 2 4 3 5 1 1]
0,7,13,0.75,0.11819912493228912,1.0,"[4, 4, 8, 7, 3, 8, 2, 1]",[4 6 8 7 8 8 2 1]
0,7,14,0.875,0.08913369476795197,0.875,"[3, 1, 8, 9, 4, 5, 9, 3]",[3 1 8 9 4 5 7 3]
0,7,15,0.875,0.08755850046873093,1.0,"[0, 5, 5, 7, 4, 6, 9, 4]",[8 5 5 7 4 6 9 4]
0,7,16,0.875,0.1426190733909607,0.875,"[193, 9, 8, 6, 0, 7, 7, 7]",[5 9 8 6 0 7 7 7]
0,7,17,0.75,0.08039242774248123,1.0,"[5, 3, 0, 6, 0, 1, 1, 7]",[5 5 2 6 0 1 1 7]
0,7,18,0.875,0.07920613884925842,1.0,"[4, 9, 1, 4, 0, 1, 1, 2]",[4 4 1 4 0 1 1 2]
0,7,19,0.875,0.0794587954878807,1.0,"[1, 6, 3, 7, 1, 3, 5, 0]",[1 6 3 7 1 3 6 0]
0,7,20,0.75,0.11935093253850937,0.875,"[1, 2, 0, 0, 6, 9, 8, 0]",[1 2 0 5 6 9 5 0]
0,7,21,0.875,0.11445558816194534,1.0,"[0, 7, 0, 0, 9, 3, 4, 3]",[0 7 0 4 9 3 4 3]
0,7,22,1.0,0.2003023475408554,1.0,"[1, 3, 2, 2, 0, 7, 6, 5]",[1 3 2 2 0 7 6 5]
0,7,23,0.5,0.09760656952857971,0.75,"[6, 1, 9, 8, 4, 7, 8, 1]",[8 1 0 8 4 2 8 2]
0,7,24,0.875,0.12243913859128952,0.875,"[0, 2, 9, 0, 9, 4, 4, 7]",[2 2 9 0 9 4 4 7]
0,7,25,0.75,0.08529870957136154,0.875,"[4, 6, 5, 6, 1, 3, 9, 3]",[6 6 5 6 1 3 0 3]
0,7,26,0.875,0.10735474526882172,1.0,"[9, 4, 6, 2, 7, 7, 0, 0]",[9 4 6 2 8 7 0 0]
0,7,27,0.75,0.09934376925230026,1.0,"[8, 9, 9, 0, 5, 3, 7, 3]",[8 9 9 0 8 3 2 3]
0,7,28,0.875,0.13319475948810577,1.0,"[3, 3, 0, 7, 0, 4, 7, 1]",[3 3 0 7 0 4 7 2]
0,7,29,0.875,0.10109065473079681,1.0,"[1, 0, 6, 8, 1, 5, 7, 449]",[1 0 6 8 1 5 7 2]
0,7,30,0.75,0.11422806233167648,0.875,"[9, 0, 3, 9, 9, 1, 6, 1]",[9 5 3 9 4 1 6 1]
0,7,31,0.875,0.1542920619249344,1.0,"[6, 1, 1, 9, 1, 3, 2, 7]",[6 1 1 9 9 3 2 7]
0,7,32,0.875,0.0735345184803009,1.0,"[1, 0, 0, 2, 4, 7, 6, 9]",[1 2 0 2 4 7 6 9]
0,7,33,0.75,0.1187005415558815,1.0,"[0, 1, 9, 6, 1, 0, 8, 2]",[0 8 9 6 2 0 8 2]
0,7,34,0.875,0.11698859184980392,1.0,"[6, 7, 0, 0, 8, 0, 1, 0]",[6 7 0 8 8 0 1 0]
0,7,35,0.875,0.07612142711877823,1.0,"[6, 8, 4, 9, 9, 3, 5, 2]",[6 8 4 4 9 3 5 2]
0,7,36,0.875,0.11252901703119278,1.0,"[9, 7, 3, 9, 8, 5, 5, 0]",[9 7 3 4 8 5 5 0]
0,7,37,0.75,0.08683938533067703,0.75,"[9, 0, 9, 0, 4, 9, 1, 5]",[9 8 9 0 4 8 1 5]
0,7,38,0.875,0.13520023226737976,0.875,"[5, 4, 8, 9, 2, 9, 8, 6]",[8 4 8 9 2 9 8 6]
0,7,39,1.0,0.06131179630756378,1.0,"[8, 9, 2, 4, 4, 5, 9, 4]",[8 9 2 4 4 5 9 4]
0,7,40,0.75,0.13425086438655853,0.875,"[5, 9, 1454, 7, 3, 7, 4, 5]",[8 9 4 7 3 7 4 5]
0,7,41,0.625,0.08156618475914001,0.875,"[6, 3, 6, 3, 9, 8, 1, 5]",[6 5 6 3 4 8 1 3]
0,7,42,0.75,0.08888993412256241,1.0,"[9, 7, 2, 7, 7, 1, 7, 1]",[4 7 2 7 7 1 9 1]
0,7,43,1.0,0.08900411427021027,1.0,"[2, 9, 4, 9, 7, 0, 1, 4]",[2 9 4 9 7 0 1 4]
0,7,44,0.75,0.07929307222366333,0.875,"[7, 9, 3, 6, 2, 7, 7, 7]",[7 9 3 6 8 7 8 7]
0,7,45,0.75,0.14046402275562286,0.875,"[3, 7, 3, 0, 1, 9, 4, 5]",[3 8 3 0 1 9 2 5]
0,7,46,0.75,0.07741308212280273,0.875,"[4, 1, 0, 3, 0, 8, 9, 1]",[4 1 0 3 0 7 2 1]
0,7,47,0.75,0.08645147830247879,1.0,"[1, 5, 5, 4, 1, 7, 1, 6]",[1 5 3 4 1 7 1 8]
0,7,48,1.0,0.13276419043540955,1.0,"[9, 0, 0, 3, 1, 6, 6, 0]",[9 0 0 3 1 6 6 0]
0,7,49,1.0,0.1031687781214714,1.0,"[0, 9, 6, 7, 1, 7, 8, 9]",[0 9 6 7 1 7 8 9]
0,7,50,0.875,0.09430605918169022,1.0,"[2, 0, 8, 0, 2, 0, 5, 0]",[2 0 8 0 2 2 5 0]
0,7,51,0.875,0.07853296399116516,0.875,"[0, 7, 7, 1, 6, 9, 8, 9]",[0 7 7 1 6 9 4 9]
0,7,52,0.875,0.08996943384408951,1.0,"[4, 7, 3, 2, 6, 2, 3, 4]",[4 7 9 2 6 2 3 4]
0,7,53,0.5,0.11655113101005554,0.875,"[0, 3, 9, 2, 0, 9, 8, 0]",[0 8 5 2 2 4 8 0]
0,7,54,0.75,0.060018789023160934,0.75,"[3, 5, 9, 8, 3, 6, 8, 7]",[3 4 9 2 3 6 8 7]
0,7,55,0.75,0.17809972167015076,0.875,"[6, 9, 6, 5, 3, 1, 5, 9]",[6 4 6 5 3 1 8 9]
0,7,56,0.875,0.09573247283697128,1.0,"[8, 6, 9, 9, 8, 5, 7, 8]",[8 6 9 8 8 5 7 8]
0,7,57,0.875,0.13506902754306793,1.0,"[1, 2, 2, 8, 9, 0, 2, 9]",[1 2 2 8 7 0 2 9]
0,7,58,1.0,0.08118138462305069,1.0,"[5, 0, 1, 0, 9, 5, 1, 6]",[5 0 1 0 9 5 1 6]
0,7,59,0.625,0.11036539822816849,0.875,"[1, 8, 1, 1, 6, 9, 0, 5]",[2 8 8 1 6 2 0 5]
0,7,60,0.625,0.0986822322010994,0.75,"[8, 4, 1, 8, 1, 6, 8, 0]",[3 4 1 8 1 6 5 6]
0,7,61,0.75,0.08154220134019852,0.875,"[9, 2, 9, 9, 8, 3, 6, 1]",[9 3 9 9 8 3 5 1]
0,7,62,1.0,0.15195468068122864,1.0,"[5, 8, 0, 6, 1, 3, 7, 1]",[5 8 0 6 1 3 7 1]
0,7,63,0.75,0.1964002549648285,1.0,"[7, 0, 9, 7, 1, 6, 8, 2193]",[7 0 8 7 1 6 8 8]
0,7,64,1.0,0.06562674045562744,1.0,"[4, 9, 4, 7, 3, 8, 2, 1]",[4 9 4 7 3 8 2 1]
0,7,65,0.75,0.0715392604470253,1.0,"[9, 9, 7, 0, 9, 9, 2, 7]",[9 9 7 0 7 9 1 7]
0,7,66,0.875,0.08540148288011551,0.875,"[2, 6, 0, 6, 8, 3, 9, 1]",[2 6 0 6 8 3 5 1]
0,7,67,0.625,0.11981761455535889,0.875,"[1, 4, 848, 0, 4, 6, 1, 0]",[1 4 8 0 9 6 1 7]
0,7,68,0.875,0.11591416597366333,1.0,"[1, 0, 2, 4, 0, 0, 8, 5]",[1 0 2 4 6 0 8 5]
0,7,69,1.0,0.06384356319904327,1.0,"[9, 6, 9, 6, 2, 4, 0, 9]",[9 6 9 6 2 4 0 9]
0,7,70,0.875,0.08808102458715439,0.875,"[9, 3, 6, 2, 0, 0, 1, 4]",[9 3 6 2 6 0 1 4]
0,7,71,0.625,0.1419723927974701,0.875,"[7, 2, 0, 0, 9, 4, 9, 6]",[7 2 0 6 7 4 2 6]
0,7,72,0.625,0.08940032124519348,0.625,"[9, 1, 1, 5, 3, 8, 4, 0]",[4 1 1 2 8 8 4 0]
0,7,73,0.875,0.07018503546714783,1.0,"[3, 8, 9, 3, 2, 2, 3, 9]",[3 8 7 3 2 2 3 9]
0,7,74,1.0,0.1261136531829834,1.0,"[2, 4, 5, 8, 2, 9, 3, 2]",[2 4 5 8 2 9 3 2]
0,7,75,0.875,0.09294181317090988,0.875,"[6, 9, 1, 3, 1, 6, 0, 1]",[6 9 1 3 1 6 5 1]
0,7,76,0.75,0.0931658074259758,1.0,"[4, 3, 7, 8, 3, 1, 4, 3]",[4 5 7 8 5 1 4 3]
0,7,77,0.875,0.15326383709907532,1.0,"[0, 0, 1, 0, 5, 6, 2, 4]",[0 8 1 0 5 6 2 4]
0,7,78,1.0,0.07885541766881943,1.0,"[1, 0, 1, 6, 0, 8, 3, 6]",[1 0 1 6 0 8 3 6]
0,7,79,0.875,0.11639945209026337,1.0,"[5, 6, 3, 9, 4, 1, 5, 8]",[6 6 3 9 4 1 5 8]
0,7,80,0.625,0.14414016902446747,0.875,"[9, 2, 3, 4, 7, 1, 1, 9]",[7 2 3 4 7 3 7 9]
0,7,81,1.0,0.09239888936281204,1.0,"[7, 2, 4, 5, 6, 9, 0, 1]",[7 2 4 5 6 9 0 1]
0,7,82,0.875,0.07003536820411682,1.0,"[2, 1, 3, 1, 6, 9, 7, 9]",[2 1 3 1 6 9 3 9]
0,7,83,0.875,0.1091117337346077,1.0,"[6, 4, 2, 8, 2, 3, 3, 4]",[6 4 2 8 2 3 3 2]
0,7,84,0.875,0.09450831264257431,1.0,"[9, 1, 4, 7, 9, 3, 3, 6]",[9 1 4 7 9 3 5 6]
0,7,85,0.875,0.076902836561203,1.0,"[8, 6, 7, 4, 8, 1, 1, 4]",[8 5 7 4 8 1 1 4]
0,7,86,0.875,0.11037778854370117,1.0,"[2, 0, 1, 6, 9, 0, 9, 8]",[2 0 1 6 9 0 8 8]
0,7,87,1.0,0.11070480197668076,1.0,"[1, 1, 6, 3, 7, 7, 2, 0]",[1 1 6 3 7 7 2 0]
0,7,88,1.0,0.07333547621965408,1.0,"[1, 8, 4, 1, 4, 4, 1, 9]",[1 8 4 1 4 4 1 9]
0,7,89,0.75,0.10975311696529388,0.75,"[2, 1, 8, 7, 6, 2, 3, 6]",[2 7 8 7 5 2 3 6]
0,7,90,0.875,0.059708014130592346,0.875,"[8, 7, 7, 6, 9, 3, 1, 1]",[8 7 7 6 9 3 1 3]
0,7,91,0.5,0.08415834605693817,0.875,"[0, 8, 3, 1, 1, 6, 9, 9]",[6 8 8 1 2 6 9 5]
0,7,92,0.875,0.07251708209514618,1.0,"[8, 9, 4, 0, 9, 9, 0, 5]",[8 0 4 0 9 9 0 5]
0,7,93,1.0,0.11423339694738388,1.0,"[2, 2, 6, 8, 0, 3, 9, 6]",[2 2 6 8 0 3 9 6]
0,7,94,0.625,0.1656382977962494,0.875,"[0, 2, 1, 6, 3, 6, 9, 6]",[0 2 1 6 5 8 8 6]
0,7,95,0.75,0.12012308835983276,0.75,"[2, 7, 9, 4, 1, 9, 3, 8]",[2 7 7 5 1 9 3 8]
0,7,96,0.875,0.13284845650196075,1.0,"[2, 8, 0, 1, 8, 1, 7, 0]",[2 8 0 1 8 1 7 8]
0,7,97,0.75,0.14065441489219666,0.75,"[4, 9, 9, 2, 0, 1, 548, 5]",[4 9 9 9 0 1 4 5]
0,7,98,0.75,0.12627150118350983,1.0,"[0, 7, 1, 0, 9, 0, 8, 4]",[0 7 1 0 8 6 8 4]
0,7,99,0.875,0.07126828283071518,0.875,"[2, 6, 7, 1, 2, 0, 4, 7]",[2 6 7 1 2 0 9 7]
0,7,100,0.875,0.11814583837985992,0.875,"[3, 6, 7, 1, 7, 3, 0, 0]",[3 6 7 1 7 3 5 0]
0,8,0,0.75,0.0753941535949707,0.875,"[2256, 8, 9, 4, 8, 4, 9, 0]",[5 5 9 4 8 4 9 0]
0,8,1,1.0,0.11873030662536621,1.0,"[6, 5, 9, 4, 5, 2, 9, 3]",[6 5 9 4 5 2 9 3]
0,8,2,0.875,0.12247868627309799,1.0,"[9, 4, 9, 1, 1, 5, 2, 2]",[9 4 9 1 2 5 2 2]
0,8,3,1.0,0.11062908172607422,1.0,"[5, 6, 6, 7, 3, 1, 3, 4]",[5 6 6 7 3 1 3 4]
0,8,4,0.875,0.1605304479598999,1.0,"[4, 1, 7, 3, 8, 9, 5, 4]",[4 1 7 3 2 9 5 4]
0,8,5,1.0,0.06960034370422363,1.0,"[0, 9, 1, 9, 2, 9, 3, 2]",[0 9 1 9 2 9 3 2]
0,8,6,0.625,0.12340927124023438,0.875,"[3, 1, 6, 4, 8, 3, 6, 6]",[3 3 6 9 8 2 6 6]
0,8,7,0.875,0.11487139761447906,1.0,"[1, 8, 8, 6, 1, 8, 7, 5]",[1 3 8 6 1 8 7 5]
0,8,8,0.875,0.10361935943365097,1.0,"[2, 8, 1, 4, 6, 7, 5, 8]",[2 8 1 4 6 7 5 2]
0,8,9,0.875,0.11662299931049347,1.0,"[1, 7, 7, 9, 1, 6, 2, 0]",[9 7 7 9 1 6 2 0]
0,8,10,0.625,0.09020736813545227,0.625,"[7, 0, 1, 7, 0, 3, 0, 8]",[7 0 1 8 9 3 6 8]
0,8,11,1.0,0.10399271547794342,1.0,"[0, 5, 9, 2, 0, 8, 3, 8]",[0 5 9 2 0 8 3 8]
0,8,12,0.875,0.11778151243925095,0.875,"[6, 9, 1, 7, 1, 1, 2, 2]",[6 9 1 7 1 1 2 5]
0,8,13,0.625,0.1507987231016159,0.875,"[4, 9, 3, 8, 4, 7, 134, 9]",[4 4 3 8 4 3 8 9]
0,8,14,0.875,0.14682987332344055,0.875,"[1, 6, 6, 7, 3, 5, 9, 6]",[1 6 6 7 3 5 9 0]
0,8,15,0.75,0.12318072468042374,0.875,"[3, 3, 3, 0, 4, 0, 5, 6]",[5 3 3 0 4 6 5 6]
0,8,16,0.875,0.07469765096902847,1.0,"[5, 6, 5, 7, 1, 0, 9, 0]",[5 6 5 7 1 0 9 3]
0,8,17,0.625,0.11335024982690811,0.75,"[7, 6, 6, 5, 8, 3, 1, 1]",[7 6 2 3 2 3 1 1]
0,8,18,1.0,0.06342504918575287,1.0,"[3, 6, 1, 9, 6, 5, 7, 7]",[3 6 1 9 6 5 7 7]
0,8,19,1.0,0.12493636459112167,1.0,"[4, 1, 9, 8, 8, 0, 6, 4]",[4 1 9 8 8 0 6 4]
0,8,20,0.875,0.17859306931495667,0.875,"[7, 5, 8, 9, 2, 3, 1999, 2]",[7 5 8 9 2 3 7 2]
0,8,21,1.0,0.13258704543113708,1.0,"[2, 8, 6, 3, 4, 2, 9, 4]",[2 8 6 3 4 2 9 4]
0,8,22,1.0,0.0995701476931572,1.0,"[0, 9, 2, 6, 1, 8, 2, 0]",[0 9 2 6 1 8 2 0]
0,8,23,0.625,0.1451271027326584,0.625,"[6, 4, 8, 9, 3, 8, 8, 7]",[6 4 7 9 8 3 8 7]
0,8,24,0.75,0.09546946734189987,1.0,"[9, 3, 9, 0, 9, 2, 0, 4]",[7 3 8 0 9 2 0 4]
0,8,25,0.75,0.13173426687717438,1.0,"[8, 6, 0, 5, 8, 9, 8, 3]",[8 6 0 8 8 9 3 3]
0,8,26,0.75,0.11912955343723297,0.875,"[3, 1749, 2, 1, 3, 1, 8, 6]",[3 0 2 1 5 1 8 6]
0,8,27,0.875,0.21248579025268555,0.875,"[1, 1442, 6, 1, 7, 9, 0, 5]",[1 7 6 1 7 9 0 5]
0,8,28,0.875,0.12081663310527802,1.0,"[8, 9, 2, 6, 4, 1, 1, 9]",[8 9 2 8 4 1 1 9]
0,8,29,1.0,0.15315935015678406,1.0,"[4, 7, 5, 4, 8, 0, 9, 4]",[4 7 5 4 8 0 9 4]
0,8,30,0.875,0.14723049104213715,0.875,"[7, 0, 0, 8, 2, 380, 8, 4]",[7 0 0 8 2 3 8 4]
0,8,31,1.0,0.08380488306283951,1.0,"[1, 7, 2, 4, 0, 1, 3, 0]",[1 7 2 4 0 1 3 0]
0,8,32,1.0,0.15609295666217804,1.0,"[7, 5, 8, 8, 2, 5, 2, 4]",[7 5 8 8 2 5 2 4]
0,8,33,1.0,0.09082922339439392,1.0,"[9, 9, 6, 1, 1, 0, 7, 4]",[9 9 6 1 1 0 7 4]
0,8,34,0.875,0.11107170581817627,0.875,"[3, 9, 1, 1, 3, 9, 9, 4]",[3 9 1 1 3 9 9 0]
0,8,35,0.875,0.09617496281862259,0.875,"[8, 1, 4, 4, 4, 5, 1, 235]",[8 1 4 4 4 5 1 0]
0,8,36,0.75,0.14413785934448242,0.75,"[2, 4, 6, 7, 7, 7, 6, 9]",[2 5 6 2 7 7 6 9]
0,8,37,0.875,0.06281232088804245,1.0,"[9, 8, 3, 7, 4, 8, 4, 3]",[9 8 8 7 4 8 4 3]
0,8,38,0.75,0.13446927070617676,1.0,"[2, 1, 4, 8, 0, 6, 3, 7]",[2 1 4 9 6 6 3 7]
0,8,39,0.875,0.15192951261997223,0.875,"[7, 4, 2, 2, 2, 7, 7, 1]",[7 4 2 2 7 7 7 1]
0,8,40,0.875,0.1427784115076065,0.875,"[8, 2, 4, 6, 431, 0, 2, 3]",[8 2 4 6 4 0 2 3]
0,8,41,0.875,0.14331090450286865,1.0,"[0, 6, 0, 2, 1, 8, 4, 8]",[0 6 0 2 1 8 4 5]
0,8,42,0.875,0.1356380134820938,0.875,"[6, 0, 6, 2, 4, 0, 2, 4]",[6 0 6 2 4 0 8 4]
0,8,43,0.875,0.13424523174762726,1.0,"[3, 1, 7, 3, 4, 3, 9, 6]",[3 1 7 3 9 3 9 6]
0,8,44,1.0,0.12086724489927292,1.0,"[9, 6, 6, 3, 2, 5, 6, 0]",[9 6 6 3 2 5 6 0]
0,8,45,0.875,0.13451224565505981,0.875,"[4, 2, 3, 8, 2, 9, 1, 9]",[4 2 9 8 2 9 1 9]
0,8,46,0.75,0.1267542541027069,1.0,"[4, 9, 0, 7, 2, 8, 3, 8]",[4 9 0 7 2 5 8 8]
0,8,47,0.875,0.2105254828929901,0.875,"[8, 1, 8, 4, 0, 5, 7, 2]",[8 1 8 5 0 5 7 2]
0,8,48,0.875,0.14452850818634033,0.875,"[6, 1, 1, 3, 9, 7, 3, 1]",[8 1 1 3 9 7 3 1]
0,8,49,0.5,0.10241132974624634,0.875,"[9, 2, 7, 1431, 3, 1, 3, 6]",[7 9 5 2 3 1 3 6]
0,8,50,0.875,0.11489006131887436,0.875,"[5, 8, 0, 5, 0, 6, 2, 6]",[5 8 0 5 0 6 2 0]
0,8,51,0.75,0.13847605884075165,0.875,"[1, 0, 4, 3, 74, 5, 9, 6]",[1 0 5 3 9 5 9 6]
0,8,52,0.625,0.1433231383562088,0.75,"[8, 4, 1, 0, 6, 8, 6, 2]",[8 4 8 9 6 4 6 2]
0,8,53,0.875,0.14659124612808228,1.0,"[1, 0, 1, 6, 9, 6, 2, 0]",[1 0 1 6 9 6 2 2]
0,8,54,1.0,0.13227926194667816,1.0,"[9, 3, 0, 4, 4, 0, 2, 5]",[9 3 0 4 4 0 2 5]
0,8,55,0.75,0.0818655714392662,0.875,"[6, 7, 3, 6, 7, 1, 9, 8]",[6 7 3 8 7 1 9 9]
0,8,56,0.875,0.12644122540950775,1.0,"[3, 6, 5, 4, 1, 4, 6, 2]",[3 6 5 2 1 4 6 2]
0,8,57,1.0,0.11037539690732956,1.0,"[1, 8, 4, 9, 6, 1, 7, 1]",[1 8 4 9 6 1 7 1]
0,8,58,0.75,0.12243303656578064,1.0,"[1, 7, 7, 6, 1, 5, 4, 6]",[8 7 7 8 1 5 4 6]
0,8,59,0.75,0.15103140473365784,1.0,"[2, 1, 9, 0, 4, 5, 9, 8]",[1 1 9 0 4 5 9 3]
0,8,60,0.875,0.11069951951503754,1.0,"[4, 9, 9, 1, 0, 1, 6, 7]",[4 9 9 1 8 1 6 7]
0,8,61,1.0,0.1059795618057251,1.0,"[1, 5, 6, 0, 8, 9, 8, 1]",[1 5 6 0 8 9 8 1]
0,8,62,1.0,0.12397943437099457,1.0,"[1, 8, 4, 1, 8, 2, 4, 0]",[1 8 4 1 8 2 4 0]
0,8,63,0.75,0.11460265517234802,1.0,"[8, 2, 1, 1, 4, 6, 4, 1]",[8 2 1 1 9 6 9 1]
0,8,64,0.75,0.11821474879980087,1.0,"[8, 4, 7, 6, 9, 2, 8, 1]",[5 4 7 6 9 2 5 1]
0,8,65,0.875,0.1213131994009018,1.0,"[1, 6, 3, 7, 3, 7, 3, 4]",[1 2 3 7 3 7 3 4]
0,8,66,1.0,0.08398200571537018,1.0,"[7, 1, 6, 1, 0, 9, 0, 4]",[7 1 6 1 0 9 0 4]
0,8,67,1.0,0.08091524988412857,1.0,"[5, 6, 2, 5, 0, 7, 0, 0]",[5 6 2 5 0 7 0 0]
0,8,68,0.875,0.10454084724187851,0.875,"[9, 2, 8, 4, 4, 1, 6, 8]",[9 9 8 4 4 1 6 8]
0,8,69,1.0,0.18153099715709686,1.0,"[3, 7, 8, 1, 2, 4, 6, 8]",[3 7 8 1 2 4 6 8]
0,8,70,1.0,0.09921853989362717,1.0,"[9, 6, 2, 8, 9, 4, 7, 0]",[9 6 2 8 9 4 7 0]
0,8,71,0.875,0.09464094787836075,1.0,"[5, 9, 0, 4, 6, 0, 0, 0]",[5 9 0 4 6 0 3 0]
0,8,72,0.75,0.1380286067724228,0.75,"[0, 7, 4, 9, 8, 5, 0, 9]",[2 7 4 7 8 5 0 9]
0,8,73,0.625,0.07218184322118759,0.875,"[4, 0, 5, 3, 4, 1, 2, 4]",[9 0 5 5 4 1 8 4]
0,8,74,0.75,0.0897480770945549,0.875,"[2, 2, 3, 8, 1, 8, 1, 3]",[2 2 3 3 8 8 1 3]
0,8,75,1.0,0.1283596158027649,1.0,"[9, 0, 0, 6, 0, 8, 3, 2]",[9 0 0 6 0 8 3 2]
0,8,76,0.875,0.08811483532190323,0.875,"[0, 9, 0, 1, 0, 1, 5, 9]",[0 8 0 1 0 1 5 9]
0,8,77,0.875,0.11200347542762756,0.875,"[4, 2, 3, 0, 6, 2, 8, 6]",[4 2 3 5 6 2 8 6]
0,8,78,0.875,0.1351005733013153,0.875,"[0, 2, 4, 2, 4, 6, 1, 0]",[0 2 0 2 4 6 1 0]
0,8,79,0.875,0.12172071635723114,1.0,"[1, 0, 2, 6, 0, 7, 1, 7]",[1 0 2 6 2 7 1 7]
0,8,80,0.875,0.10956129431724548,0.875,"[2, 4, 2, 4, 1, 5, 9, 1]",[2 4 2 4 1 8 9 1]
0,8,81,0.75,0.12199299782514572,1.0,"[4, 0, 8, 1, 8, 0, 2, 4]",[4 5 8 1 8 3 2 4]
0,8,82,1.0,0.16347520053386688,1.0,"[2, 3, 4, 5, 8, 2, 8, 8]",[2 3 4 5 8 2 8 8]
0,8,83,1.0,0.12042757868766785,1.0,"[9, 4, 3, 8, 2, 4, 8, 0]",[9 4 3 8 2 4 8 0]
0,8,84,0.875,0.10308688879013062,0.875,"[2, 2, 8, 4, 0, 1, 1, 6]",[2 2 1 4 0 1 1 6]
0,8,85,0.875,0.1303030401468277,1.0,"[5, 9, 0, 0, 6, 1, 2, 9]",[8 9 0 0 6 1 2 9]
0,8,86,0.875,0.13263647258281708,0.875,"[3, 2, 5, 1, 7, 2, 3, 2]",[3 2 5 1 7 5 3 2]
0,8,87,0.75,0.11794066429138184,0.875,"[8, 8, 7, 1, 2, 0, 7, 1]",[8 8 7 1 6 0 8 1]
0,8,88,0.75,0.17371800541877747,0.875,"[3, 7, 6, 5, 2, 1, 3, 2]",[3 7 6 8 2 1 5 2]
0,8,89,0.75,0.1538582593202591,1.0,"[9, 7, 1, 8, 1, 3, 7, 1]",[7 3 1 8 1 3 7 1]
0,8,90,1.0,0.12616531550884247,1.0,"[9, 0, 2, 6, 5, 4, 1, 4]",[9 0 2 6 5 4 1 4]
0,8,91,0.875,0.1429680734872818,0.875,"[1, 5, 8, 3, 3, 3, 0, 5]",[7 5 8 3 3 3 0 5]
0,8,92,0.875,0.10329321771860123,0.875,"[5, 5, 3, 8, 3, 6, 8, 8]",[5 5 5 8 3 6 8 8]
0,8,93,0.875,0.11957347393035889,0.875,"[1, 3, 7, 2, 4, 3, 0, 7]",[1 5 7 2 4 3 0 7]
0,8,94,0.875,0.09873545914888382,0.875,"[6, 2, 2, 4, 0, 2, 4, 2]",[6 2 2 4 0 2 1 2]
0,8,95,0.875,0.08165474981069565,1.0,"[3, 8, 1, 7, 3, 2, 8, 4]",[5 8 1 7 3 2 8 4]
0,8,96,1.0,0.09907999634742737,1.0,"[9, 1, 2, 2, 8, 3, 7, 1]",[9 1 2 2 8 3 7 1]
0,8,97,0.75,0.14202331006526947,0.75,"[1, 2, 6, 8, 9, 6, 1, 2]",[1 2 6 0 9 5 1 2]
0,8,98,0.875,0.09013643115758896,0.875,"[1, 5, 3, 8, 9, 2, 7, 1]",[1 5 3 8 9 9 7 1]
0,8,99,0.875,0.12951308488845825,1.0,"[5, 809, 8, 0, 9, 2, 3, 1]",[5 5 8 0 9 2 3 1]
0,8,100,0.875,0.11972662061452866,1.0,"[1, 7, 7, 2, 2, 0, 7, 7]",[1 7 7 2 2 0 9 7]
0,9,0,0.75,0.09732383489608765,1.0,"[1, 0, 7, 9, 6, 1, 4, 9]",[1 0 7 9 0 1 8 9]
0,9,1,0.875,0.0797896683216095,1.0,"[4, 0, 4, 8, 4, 1, 5, 1]",[4 0 6 8 4 1 5 1]
0,9,2,1.0,0.0833982452750206,1.0,"[8, 7, 1, 2, 3, 1, 3, 2]",[8 7 1 2 3 1 3 2]
0,9,3,0.875,0.10665757954120636,0.875,"[7, 3, 0, 4, 7, 5, 9, 3]",[7 8 0 4 7 5 9 3]
0,9,4,1.0,0.09591227769851685,1.0,"[8, 1, 0, 4, 6, 3, 9, 3]",[8 1 0 4 6 3 9 3]
0,9,5,1.0,0.07514025270938873,1.0,"[0, 6, 0, 8, 1, 3, 1, 3]",[0 6 0 8 1 3 1 3]
0,9,6,0.625,0.10122191905975342,0.75,"[1, 5, 5, 0, 6, 7, 5, 1]",[1 5 5 0 2 3 8 1]
0,9,7,0.75,0.0858762338757515,0.875,"[2, 8, 9, 4, 2, 3, 8, 5]",[2 8 9 8 2 3 8 8]
0,9,8,1.0,0.06737828999757767,1.0,"[7, 1, 9, 4, 0, 4, 4, 2]",[7 1 9 4 0 4 4 2]
0,9,9,0.875,0.07313819229602814,1.0,"[7, 3, 1, 0, 9, 5, 6, 3]",[7 3 1 0 8 5 6 3]
0,9,10,1.0,0.08006144315004349,1.0,"[3, 2, 9, 3, 0, 6, 3, 2]",[3 2 9 3 0 6 3 2]
0,9,11,0.75,0.09964685142040253,1.0,"[9, 3, 1123, 8, 6, 1, 9, 7]",[9 7 4 8 6 1 9 7]
0,9,12,0.875,0.08613217622041702,1.0,"[7, 4, 2, 0, 1, 9, 5, 1]",[7 8 2 0 1 9 5 1]
0,9,13,0.875,0.06885530054569244,1.0,"[2, 8, 5, 0, 9, 2, 8, 6]",[2 8 5 0 9 2 8 1]
0,9,14,0.875,0.10640507191419601,1.0,"[9, 1, 7, 1, 7, 3, 3, 6]",[9 1 7 2 7 3 3 6]
0,9,15,0.75,0.11891672015190125,1.0,"[4, 1, 8, 0, 0, 0, 6, 1]",[4 1 8 0 6 0 6 3]
0,9,16,0.875,0.07216307520866394,1.0,"[3, 4, 4, 4, 4, 4, 1, 8]",[3 4 4 4 4 8 1 8]
0,9,17,0.875,0.0802333876490593,1.0,"[2, 9, 9, 7, 9, 4, 7, 0]",[2 4 9 7 9 4 7 0]
0,9,18,0.875,0.08824364095926285,0.875,"[5, 1048, 1, 3, 4, 9, 9, 0]",[5 3 1 3 4 9 9 0]
0,9,19,0.875,0.0962895080447197,1.0,"[2, 5, 2, 9, 2, 7, 7, 0]",[0 5 2 9 2 7 7 0]
0,9,20,0.75,0.08709146082401276,1.0,"[9, 2, 1, 1, 3, 2, 8, 0]",[4 2 7 1 3 2 8 0]
0,9,21,0.75,0.08751799911260605,0.875,"[6, 4, 6, 1, 8, 1, 3, 6]",[6 7 6 1 8 5 3 6]
0,9,22,0.875,0.084291473031044,1.0,"[1, 3, 0, 6, 0, 5, 6, 1]",[5 3 0 6 0 5 6 1]
0,9,23,0.875,0.08384420722723007,1.0,"[5, 3, 2, 9, 3, 1, 9, 1]",[5 3 2 9 8 1 9 1]
0,9,24,1.0,0.08795404434204102,1.0,"[4, 7, 1, 5, 1, 1, 0, 5]",[4 7 1 5 1 1 0 5]
0,9,25,0.875,0.10301227122545242,1.0,"[3, 3, 8, 6, 3, 8, 7, 6]",[3 3 8 6 3 8 9 6]
0,9,26,0.875,0.08439556509256363,1.0,"[9, 0, 4, 2, 1, 9, 3, 6]",[9 0 4 2 1 9 3 2]
0,9,27,0.75,0.0728163793683052,0.75,"[7, 7, 3, 3, 3, 7, 5, 5]",[7 7 3 5 3 7 8 5]
0,9,28,0.875,0.08038800954818726,0.875,"[6, 5, 7, 5, 4, 6, 5, 9]",[5 5 7 5 4 6 5 9]
0,9,29,0.75,0.09010981023311615,0.875,"[3, 9, 0, 7, 6, 1, 2, 1]",[5 9 0 7 6 1 2 8]
0,9,30,0.875,0.08735351264476776,1.0,"[1, 4, 4, 7, 0, 8, 1, 2]",[1 4 4 7 0 8 1 8]
0,9,31,1.0,0.0902276262640953,1.0,"[9, 3, 6, 5, 8, 7, 7, 9]",[9 3 6 5 8 7 7 9]
0,9,32,1.0,0.07477257400751114,1.0,"[2, 1, 1, 8, 4, 5, 4, 0]",[2 1 1 8 4 5 4 0]
0,9,33,1.0,0.12144099920988083,1.0,"[6, 0, 8, 5, 4, 8, 0, 4]",[6 0 8 5 4 8 0 4]
0,9,34,0.75,0.1021631583571434,1.0,"[4, 0, 1, 4, 4, 7, 6, 3]",[4 0 3 4 9 7 6 3]
0,9,35,0.875,0.07727104425430298,1.0,"[5, 3, 6, 0, 4, 0, 6, 2]",[5 3 5 0 4 0 6 2]
0,9,36,0.75,0.1026434674859047,0.75,"[1, 4, 3, 2, 8, 4, 1, 5]",[7 4 3 8 8 4 1 5]
0,9,37,1.0,0.10049457103013992,1.0,"[1, 0, 1, 3, 1, 7, 8, 2]",[1 0 1 3 1 7 8 2]
0,9,38,0.625,0.08479239791631699,0.875,"[4, 3, 2, 0, 0, 4, 3, 1579]",[4 5 2 0 0 4 5 8]
0,9,39,1.0,0.08234811574220657,1.0,"[1, 0, 2, 8, 4, 7, 0, 5]",[1 0 2 8 4 7 0 5]
0,9,40,0.875,0.09686404466629028,1.0,"[9, 1, 7, 3, 0, 1, 1, 2]",[9 1 7 5 0 1 1 2]
0,9,41,0.875,0.07664363086223602,0.875,"[9, 0, 3, 4, 9, 9, 0, 2]",[9 0 3 4 9 9 2 2]
0,9,42,0.5,0.1539970338344574,0.875,"[4, 8, 7, 2, 9, 1, 3, 1]",[4 8 7 2 8 5 5 3]
0,9,43,0.875,0.073924720287323,1.0,"[3, 7, 3, 5, 0, 9, 8, 2]",[3 7 3 8 0 9 8 2]
0,9,44,0.75,0.12010765820741653,0.875,"[3, 3, 0, 8, 9, 5, 9, 8]",[3 3 0 2 9 8 9 8]
0,9,45,0.75,0.10278217494487762,0.75,"[7, 4, 3, 5, 4, 6, 9, 4]",[7 4 3 8 4 6 4 4]
0,9,46,0.75,0.08633896708488464,0.875,"[9, 9, 3, 4, 8, 3, 439, 0]",[9 9 3 9 8 3 4 0]
0,9,47,0.75,0.07509925216436386,0.875,"[0, 4, 2, 4, 0, 4, 5, 4]",[0 4 2 4 0 4 8 7]
0,9,48,0.75,0.09376320987939835,0.75,"[9, 0, 2, 7, 5, 5, 3, 2296]",[9 0 2 7 6 5 3 5]
0,9,49,0.75,0.10786651074886322,1.0,"[9, 2, 0, 6, 3, 0, 1, 9]",[9 2 0 6 3 8 7 9]
0,9,50,0.875,0.09185522049665451,0.875,"[2, 4, 7, 7, 1, 8, 1, 3]",[2 7 7 7 1 8 1 3]
0,9,51,0.75,0.10150621831417084,1.0,"[0, 6, 0, 7, 2, 0, 1, 3]",[0 6 0 7 2 0 7 9]
0,9,52,0.875,0.09786266833543777,0.875,"[1, 9, 6, 8, 7, 3, 5, 6]",[1 9 6 8 7 2 5 6]
0,9,53,0.625,0.17505936324596405,0.75,"[6, 3, 9, 1043, 1, 4, 1, 1]",[6 8 9 5 1 4 1 2]
0,9,54,1.0,0.08090516924858093,1.0,"[4, 8, 8, 2, 3, 7, 4, 4]",[4 8 8 2 3 7 4 4]
0,9,55,0.625,0.10377217829227448,1.0,"[6, 1, 1, 6, 0, 0, 1, 5]",[6 1 1 6 2 0 5 8]
0,9,56,1.0,0.09319901466369629,1.0,"[3, 3, 7, 1, 8, 0, 8, 1]",[3 3 7 1 8 0 8 1]
0,9,57,0.875,0.09533222019672394,1.0,"[4, 8, 2, 6, 3, 3, 4, 5]",[4 8 2 6 3 2 4 5]
0,9,58,1.0,0.08386629074811935,1.0,"[8, 2, 0, 9, 8, 0, 4, 0]",[8 2 0 9 8 0 4 0]
0,9,59,0.875,0.0870421752333641,1.0,"[0, 6, 9, 7, 7, 6, 7, 6]",[0 6 9 7 9 6 7 6]
0,9,60,0.75,0.09871114790439606,0.75,"[0, 3, 9, 5, 2, 2, 2, 2]",[2 3 9 8 2 2 2 2]
0,9,61,0.75,0.11052627861499786,1.0,"[6, 2, 4, 3, 1, 8, 9, 5]",[6 2 5 3 1 2 9 5]
0,9,62,0.875,0.09102214127779007,1.0,"[7, 5, 9, 9, 6, 2, 9, 0]",[7 5 9 9 6 9 9 0]
0,9,63,1.0,0.11674097180366516,1.0,"[8, 2, 5, 1, 7, 2, 5, 4]",[8 2 5 1 7 2 5 4]
0,9,64,1.0,0.09252896904945374,1.0,"[4, 5, 8, 1, 9, 6, 0, 5]",[4 5 8 1 9 6 0 5]
0,9,65,1.0,0.12028395384550095,1.0,"[0, 3, 2, 1, 0, 0, 8, 0]",[0 3 2 1 0 0 8 0]
0,9,66,1.0,0.11030882596969604,1.0,"[9, 8, 4, 7, 7, 8, 3, 4]",[9 8 4 7 7 8 3 4]
0,9,67,0.875,0.08166040480136871,1.0,"[5, 7, 1, 7, 4, 1, 1, 8]",[5 7 1 7 4 1 4 8]
0,9,68,0.875,0.14042818546295166,0.875,"[3, 1, 3, 2, 1, 1, 5, 1]",[3 1 3 2 1 4 5 1]
0,9,69,0.625,0.09732929617166519,0.75,"[5, 5, 2, 9, 4, 1, 1, 9]",[5 8 2 9 4 2 3 9]
0,9,70,0.875,0.09018537402153015,0.875,"[942, 5, 4, 1, 9, 9, 9, 9]",[3 5 4 1 9 9 9 9]
0,9,71,0.875,0.07423332333564758,1.0,"[0, 4, 0, 8, 3, 4, 3, 1]",[0 4 0 8 3 9 3 1]
0,9,72,0.75,0.07459098100662231,1.0,"[9, 6, 4, 1, 5, 5, 7, 0]",[7 6 6 1 5 5 7 0]
0,9,73,0.75,0.09532709419727325,0.875,"[4, 7, 1, 5, 7, 1, 2, 0]",[4 7 1 5 7 8 2 8]
0,9,74,1.0,0.10743488371372223,1.0,"[7, 7, 9, 1, 4, 1, 2, 6]",[7 7 9 1 4 1 2 6]
0,9,75,0.625,0.0995924100279808,0.75,"[5, 9, 3, 6, 6, 4, 8, 8]",[3 9 8 6 5 4 8 8]
0,9,76,0.75,0.16893519461154938,0.875,"[0, 0, 0, 6, 2, 0, 4, 4]",[0 0 0 6 2 9 8 4]
0,9,77,0.875,0.08360008150339127,0.875,"[0, 0, 4, 9, 2, 7, 8, 4]",[0 0 4 3 2 7 8 4]
0,9,78,0.625,0.12109065800905228,0.75,"[6, 9, 9, 6, 7, 4, 8, 1]",[2 9 9 8 7 1 8 1]
0,9,79,0.875,0.10011535882949829,0.875,"[9, 8, 8, 8, 3, 1, 1994, 0]",[9 8 8 8 3 1 2 0]
0,9,80,1.0,0.09143366664648056,1.0,"[8, 6, 0, 1, 3, 1, 6, 4]",[8 6 0 1 3 1 6 4]
0,9,81,0.875,0.0644087865948677,1.0,"[8, 7, 3, 8, 1, 6, 0, 1]",[8 7 3 8 1 6 3 1]
0,9,82,1.0,0.08735650777816772,1.0,"[3, 8, 0, 2, 3, 4, 9, 0]",[3 8 0 2 3 4 9 0]
0,9,83,0.5,0.10572054237127304,0.625,"[8, 9, 6, 2, 6, 2, 927, 3]",[8 9 0 2 8 2 8 5]
0,9,84,1.0,0.08901564031839371,1.0,"[3, 6, 6, 1, 2, 8, 1, 4]",[3 6 6 1 2 8 1 4]
0,9,85,1.0,0.0854434221982956,1.0,"[2, 4, 0, 7, 3, 0, 1, 7]",[2 4 0 7 3 0 1 7]
0,9,86,0.875,0.09623579680919647,0.875,"[1, 5, 2, 3, 7, 6, 5, 3]",[1 5 2 3 7 6 5 2]
0,9,87,0.875,0.06522813439369202,1.0,"[1, 9, 1, 5, 8, 4, 3, 8]",[1 9 1 5 8 4 7 8]
0,9,88,0.875,0.09012213349342346,1.0,"[3, 5, 0, 7, 7, 7, 1, 6]",[3 8 0 7 7 7 1 6]
0,9,89,0.75,0.10418765246868134,0.75,"[1, 2, 1, 9, 3, 1, 7, 8]",[1 2 3 9 5 1 7 8]
0,9,90,0.75,0.07450790703296661,0.875,"[0, 5, 6, 2, 8, 1266, 1, 0]",[0 5 4 2 8 8 1 0]
0,9,91,1.0,0.06522810459136963,1.0,"[9, 8, 9, 4, 4, 2, 2, 2]",[9 8 9 4 4 2 2 2]
0,9,92,0.875,0.08215272426605225,1.0,"[4, 5, 2, 4, 0, 3, 8, 2]",[4 5 2 9 0 3 8 2]
0,9,93,1.0,0.08083601295948029,1.0,"[0, 0, 2, 5, 5, 3, 7, 0]",[0 0 2 5 5 3 7 0]
0,9,94,0.875,0.12015507370233536,1.0,"[4, 1, 2, 9, 8, 8, 6, 4]",[4 1 2 9 8 8 6 9]
0,9,95,1.0,0.11636832356452942,1.0,"[0, 3, 9, 0, 8, 8, 2, 8]",[0 3 9 0 8 8 2 8]
0,9,96,0.875,0.09242238849401474,1.0,"[6, 3, 9, 9, 6, 8, 4, 7]",[6 3 8 9 6 8 4 7]
0,9,97,0.875,0.14355061948299408,0.875,"[1, 1, 8, 5, 0, 6, 7, 1]",[7 1 8 5 0 6 7 1]
0,9,98,0.75,0.1174621433019638,0.875,"[8, 8, 2, 0, 6, 1, 3, 1]",[8 8 2 0 6 7 9 1]
0,9,99,1.0,0.08727430552244186,1.0,"[9, 6, 7, 0, 3, 6, 7, 6]",[9 6 7 0 3 6 7 6]
0,9,100,1.0,0.09853632748126984,1.0,"[8, 6, 3, 4, 0, 3, 3, 7]",[8 6 3 4 0 3 3 7]
